Pedido,Data,Total_custo,Valor_liquido,Forma_pagamento,Cliente,Lucro,Percentual_lucro
20686,2020-01-06 00:00:00,128.7,128.7,DINHEIRO E CHEQUE ,ALFA,54.72,0.4251748251748252
20687,2020-01-06 00:00:00,184.28,184.28,DINHEIRO E CHEQUE ,ALFA,93.42,0.5069459518124593
20688,2020-01-06 00:00:00,114.4,114.4,DINHEIRO E CHEQUE ,ALFA,48.64,0.42517482517482513
20687,2020-01-06 00:00:00,1068,1068,CHEQUE,BASICO,540.48,0.5060674157303371
20688,2020-01-06 00:00:00,5370.3,5210,CHEQUE E DINHEIRO,PRIMOSUL,2244.04,0.4307178502879079
20689,2020-01-06 00:00:00,390,390,DINHEIRO E CHEQUE ,ALFA,142.5,0.36538461538461536
20690,2020-01-06 00:00:00,192,192,CHEQUE E DINHEIRO,PANORAMA,105.24,0.548125
20691,2020-01-06 00:00:00,556,556,TRANSFERS BRADESCO,MINERAÇÃO CAIEIRAS,227.2,0.40863309352517985
20692,2020-01-06 00:00:00,1454,1454,CREDITO 4 X ,VALDIR / CEARÁ,626.68,0.43100412654745524
20693,2020-01-06 00:00:00,1105.02,722,TRANSFER ITAU 09/01,SALVADOR,367.6,0.5091412742382272
20694,2020-01-06 00:00:00,6182.05,3886.88,TRANSFER ITAU 09/01,SALVADOR,1845.74,0.47486415839953894
20695,2020-01-06 00:00:00,153.4,153.4,DEBITO,RETIROU,63.72,0.41538461538461535
20696,2020-01-06 00:00:00,1519,1519,TRANSFER ITAU 21/01/2020,CHARLES,960.4,0.632258064516129
20697,2020-01-06 00:00:00,283.5,283.5,DEBITO ,WILLIAN,140.87,0.49689594356261024
20698,2020-01-06 00:00:00,808.4,800,DINHEIRO E DEBITO,MILTON,352.4,0.44049999999999995
20699,2020-01-07 00:00:00,42.9,42.9,DINHEIRO E CHEQUE ,ALFA,18.24,0.42517482517482513
20700,2020-01-07 00:00:00,315,315,TRANSFER ITAU 03/02/2020,FRANSCISCA / EMERSON,112.8,0.3580952380952381
20701,2020-01-07 00:00:00,350,350,DINHEIRO,DEPOSITO IPÊ,130.0,0.37142857142857144
20702,2020-01-07 00:00:00,1148.48,1148.48,TRANSFER ITAU 15/01/2020,GRANICUT / CITRINO,616.98,0.5372144051267763
20703,2020-01-07 00:00:00,24,24,DINHEIRO,2 KG. ARAME TORCIDO,10.0,0.4166666666666667
20704,2020-01-07 00:00:00,1475.1,1364,DINHEIRO,MARIANO / MAURO,661.32,0.4848387096774194
20705,2020-01-07 00:00:00,91,91,CREDITO,7 TABUAS 20 CM,32.62,0.35846153846153844
20706,2020-01-07 00:00:00,84,84,CHEQUE,DEPOSITO SANTO ANTONIO,25.2,0.3
20707,2020-01-07 00:00:00,7690.56,7690.56,TRANSFER ITAU 23/01/2020,SALVADOR,3494.72,0.4544168435068447
20708,2020-01-07 00:00:00,817.55,790,CREDITO 2 X ,PELEGRINO,356.93,0.4518101265822785
20708 B,2020-01-07 00:00:00,114.5,114.5,CREDITO,"2 3/8 9X15 - 3,00 + 1 3/8 9X25 - 1,50",52.5,0.4585152838427948
20709,2020-01-07 00:00:00,12,12,DINHEIRO,1 KG. ARAME ,5.0,0.4166666666666667
20710,2020-01-08 00:00:00,215.1,215.1,CHEQUE,AABM,66.6,0.30962343096234307
20711,2020-01-08 00:00:00,2786.1,2646,TRANSFER ITAU 09/01,DANIELA,1189.18,0.4494255479969766
20712,2020-01-08 00:00:00,500.5,500.5,DINHEIRO E CHEQUE ,ALFA,212.8,0.4251748251748252
20713,2020-01-08 00:00:00,639.4,620.22,DINHEIRO,PRIMOSUL,242.1,0.39034536132340136
20714,2020-01-08 00:00:00,641.19,621.95,DINHEIRO,PRIMOSUL,302.75,0.4867754642656162
20715,2020-01-08 00:00:00,192,192,CREDITO,JOSE PEREIRA,93.45,0.48671875000000003
20716,2020-01-08 00:00:00,1664.22,1644.22,CREDITO 4 X ,ELIZETE,719.61,0.4376604104073664
20717,2020-01-08 00:00:00,289.8,275,DINHEIRO,MARIANO / MAURO,113.56,0.41294545454545456
20718,2020-01-08 00:00:00,628.32,628.32,CHEQUE,DEPOSITO SANTO ANTONIO,232.48,0.3700025464731347
20719,2020-01-08 00:00:00,3988.9,3700,DEBITO,PEDRO ARAUJO,1589.1,0.42948648648648646
20720,2020-01-08 00:00:00,756,700,DEBITO,PEDRO ARAUJO,233.85,0.3340714285714286
20721,2020-01-08 00:00:00,262.5,262.5,CHEQUE,BASICO,148.75,0.5666666666666667
20721 B,2020-01-08 00:00:00,10,10,DINHEIRO,3 METROS FERRO 3/8,4.63,0.46299999999999997
20722,2020-01-08 00:00:00,152.9,152.9,CHEQUE,AABM,62.48,0.40863309352517985
20723,2020-01-08 00:00:00,70,70,CREDITO,"1 6 F 3/8 9X20 - 1,50 + 1 SAP 6 F 50X30",33.22,0.47457142857142853
20724,2020-01-08 00:00:00,520,500,CREDITO 3 X ,VALDIR / CEARÁ,280.2,0.5604
20725,2020-01-08 00:00:00,342,342,TRANSFER ITAU 15/01/2020,GRANICUT / CITRINO,121.54,0.35538011695906435
20726,2020-01-08 00:00:00,5347.2,5347.2,TRANSFERS BRADESCO,MINERAÇÃO CAIEIRAS,1855.84,0.34706762417713943
20727,2020-01-09 00:00:00,44.7,44.7,DEBITO,3 MTS 3/8 9X20,20.04,0.44832214765100664
20728,2020-01-09 00:00:00,160,160,DINHEIRO,4 SAP 6 F 3/8 50X30,84.96,0.5309999999999999
20729,2020-01-09 00:00:00,33,33,DEBITO,2 BARRAS 1/4,15.0,0.45454545454545453
20730,2020-01-09 00:00:00,191.25,191.25,CREDITO 2 X ,PEDRO,88.7,0.4637908496732026
20731,2020-01-09 00:00:00,10,10,DINHEIRO,1 BARRA 3/16,5.25,0.525
20732,2020-01-09 00:00:00,6,6,DINHEIRO,2 METROS FERRO 3/8,2.42,0.4033333333333333
20733,2020-01-09 00:00:00,65.8,65.8,CREDITO,"1 COL 3/8 9X15 - 2,00 + 1 SAP 40X30",32.75,0.4977203647416414
20734,2020-01-09 00:00:00,298,280,TRANSFER BRAD 10/01/2020,JORGE,115.6,0.4128571428571428
20735,2020-01-09 00:00:00,106,106,TRANSFER ITAU 20/01/2020,GILVAN / JEFERSON / CILENE,40.0,0.37735849056603776
20736,2020-01-09 00:00:00,211.55,211.55,CHEQUE,AABM,84.08,0.39744741195934763
20737,2020-01-09 00:00:00,50,50,DEBITO,1 ARAME + 1 CONDUITE,25.76,0.5152
20738,2020-01-09 00:00:00,13000,13000,BOLETO,WALLS ENGENHARIA,4552.08,0.35015999999999997
20739,2020-01-10 00:00:00,492.7,492.7,DINHEIRO E CHEQUE ,ALFA,223.8,0.45423178404708753
20740,2020-01-10 00:00:00,119.5,119.5,CHEQUE,AABM,37.0,0.30962343096234307
20741,2020-01-10 00:00:00,10,10,DINHEIRO,1 PLACA DE ISOPOR,10.0,1.0
20742,2020-01-10 00:00:00,10,10,DINHEIRO,2 METROS FERRO 5/16,7.58,0.758
20743,2020-01-10 00:00:00,57,57,TRANSFER ITAU 20/01/2020,GILVAN / JEFERSON / CILENE,24.0,0.42105263157894735
20744,2020-01-10 00:00:00,252,252,DINHEIRO,RETIROU,132.44,0.5255555555555556
20745,2020-01-10 00:00:00,120,120,CHEQUE,PANORAMA,49.92,0.41600000000000004
20746,2020-01-10 00:00:00,179.1,170,DINHEIRO,MARIANO / MAURO,97.9,0.5758823529411765
20747,2020-01-10 00:00:00,2561.9,2561.9,TRANSFERS BRADESCO,MINERAÇÃO CAIEIRAS,979.63,0.3823841680003123
20748,2020-01-10 00:00:00,0,0,DEVOLUÇÃO,WALLS ENGENHARIA,0.0,
20749,2020-01-10 00:00:00,114,114,CREDITO,IVAN,48.0,0.42105263157894735
20750,2020-01-11 00:00:00,21,21,DEBITO,1 TABUA 30 CM,7.52,0.3580952380952381
20751,2020-01-11 00:00:00,32,32,DINHEIRO,1 BARRA 3/8,10.5,0.328125
20752,2020-01-11 00:00:00,386,386,TRANSFER ITAU 13/01/2020,RICARDO - GABRIEL FAURE,150.5,0.3898963730569948
20753,2020-01-11 00:00:00,712.5,670,TRANSFER ITAU 13/01/2020,RICARDO - GABRIEL FAURE,257.5,0.3843283582089552
20754,2020-01-13 00:00:00,85.8,85.8,DINHEIRO E CHEQUE ,ALFA,36.48,0.42517482517482513
20755,2020-01-13 00:00:00,65.4,65,DINHEIRO,INOVE MOEMA,30.06,0.4624615384615384
20756,2020-01-13 00:00:00,18,18,DEBITO,6 MTS B 3/8,7.25,0.4027777777777778
20757,2020-01-13 00:00:00,94.4,94.4,DEBITO,FERNANDO,50.07,0.5304025423728813
20758,2020-01-13 00:00:00,57,57,CREDITO,2 TELAS 3.4 20X20,24.0,0.42105263157894735
20759,2020-01-13 00:00:00,57,57,DINHEIRO,"1 3/8 9X15 - 3,00 + 1 KG. PREGO 17X21",26.06,0.4571929824561403
20760,2020-01-13 00:00:00,895.5,890,DINHEIRO E DEPOSITO ITAU 28/01,DEPOSITO CEARA,243.6,0.27370786516853934
20761,2020-01-14 00:00:00,680,680,DEBITO,RB MATERIAS PARA CONSTRUÇÃO,240.0,0.35294117647058826
20762,2020-01-14 00:00:00,1221.1,1160,DEBITO,CEZAR,531.65,0.4583189655172414
20763,2020-01-14 00:00:00,375.8,375.8,CREDITO 02X,VALDIR / CEARÁ,164.72,0.4383182543906333
20764,2020-01-14 00:00:00,48,48,DINHEIRO,2 ARAME + 2 18X27,29.0,0.6041666666666666
20765,2020-01-14 00:00:00,1889.8,1833,CHEQUE,PRIMOSUL,769.86,0.42
20766,2020-01-14 00:00:00,1456.5,1456.5,CHEQUE,PANORAMA,596.85,0.409783728115345
20767,2020-01-14 00:00:00,292.5,290,TRANSFER ITAU 15/01/2020,ROMA CAR,119.8,0.41310344827586204
20767 B ,2020-01-14 00:00:00,70,70,CREDITO ,"1 COL 3/8 9X15 - 4,50",32.7,0.4671428571428572
20768,2020-01-14 00:00:00,125.1,125.1,CHEQUE,AABM,51.12,0.40863309352517985
20769,2020-01-14 00:00:00,36,36,CREDITO,AILTON - OFICINA - 1 BARRA 3/8,14.3,0.39722222222222225
20770,2020-01-14 00:00:00,2271.46,2000,DEBITO E DINHEIRO,DONI,829.41,0.414705
20771,2020-01-14 00:00:00,16.5,16.5,DINHEIRO,1 BARRA 1/4,7.5,0.45454545454545453
20772,2020-01-14 00:00:00,1005.75,930,CREDITO 02 X,PELEGRINO,370.43,0.3983118279569893
20773,2020-01-14 00:00:00,2850,2850,CHEQUE,DEPOSITO SANTO ANTONIO,946.8,0.33221052631578946
20774,2020-01-14 00:00:00,136.5,130,DINHEIRO,SERGIO,61.67,0.4743846153846154
20775,2020-01-14 00:00:00,32,32,CHEQUE,PANORAMA,17.54,0.548125
20776,2020-01-14 00:00:00,238.4,230,TRANSFER BRAD EM 20/01/2020,JORGE,97.36,0.42330434782608695
20777,2020-01-15 00:00:00,1773.9,1680,DINHEIRO,SANTINO,684.45,0.4074107142857143
20778,2020-01-15 00:00:00,424.65,424.65,CHEQUE,AABM,179.96,0.423784292947133
20779,2020-01-15 00:00:00,1793.72,1793.72,CREDITO 5 X ,JOSE ALVES,850.52,0.47416542158196373
20780,2020-01-15 00:00:00,175,175,DINHEIRO,500 9X15  - DEP YPE,65.0,0.37142857142857144
20781,2020-01-15 00:00:00,967.5,967.5,CHEQUE,DEPOSITO SANTO ANTONIO,351.0,0.3627906976744186
20782,2020-01-15 00:00:00,2390.4,2390.4,CHEQUE,PANORAMA,936.0,0.39156626506024095
20783,2020-01-15 00:00:00,75,75,DEBITO,EDSON,40.03,0.5337333333333334
20784,2020-01-15 00:00:00,387.4,387.4,DEBITO,PEDRO ARAUJO,171.86,0.4436241610738256
20784 B ,2020-01-15 00:00:00,71.55,71.55,TRANSFER ITAU 15/01/2020,"4,50 METROS 3/8 9X15",34.56,0.48301886792452836
20785,2020-01-16 00:00:00,77,77,DEBITO,02 B 5/16 / 02 TAB 10 / 01 KG 15X15 AÇO,35.9,0.4662337662337662
20786,2020-01-16 00:00:00,3264,3264,BOLETO,WALLS ENGENHARIA,1156.68,0.354375
20787,2020-01-16 00:00:00,28,28,TRANSFER ITAU 20/01/2020,GILVAN / JEFERSON / CILENE,11.32,0.4042857142857143
20788,2020-01-16 00:00:00,24,24,DINHEIRO,1 BARRA 5/16,9.0,0.375
20789,2020-01-16 00:00:00,545,545,DEBITO,CASA PALMIERI,197.0,0.3614678899082569
20790,2020-01-16 00:00:00,12,12,DINHEIRO,4 MTS B 3/8,4.76,0.39666666666666667
20791,2020-01-16 00:00:00,348.6,338,CHEQUE,PRIMOSUL,138.92,0.41100591715976326
20792,2020-01-16 00:00:00,1127.7,1127.7,CHEQUE,DEPOSITO SANTO ANTONIO,561.53,0.49794271526115097
20793,2020-01-17 00:00:00,556.2,556.2,CHEQUE,AABM,237.13,0.4263394462423588
20794,2020-01-17 00:00:00,44,44,DINHEIRO,"1 3/8 9X20 - 3,00",19.13,0.43477272727272726
20795,2020-01-17 00:00:00,403.9,403.9,CREDITO 3 X ,ANIBAL,128.55,0.31827184946769005
20796,2020-01-17 00:00:00,4547.2,4275,TRANSFER ITAU 21/01/2020,SERGIO / FORMAGIO,1943.38,0.4545918128654971
20797,2020-01-17 00:00:00,0,0,DINHEIRO,ALESSANDRO,0.0,
20798,2020-01-17 00:00:00,552.5,550,DINHEIRO,RUTE,234.25,0.4259090909090909
20799,2020-01-18 00:00:00,36,36,DINHEIRO,02 18X27 01 TORCIDO,17.0,0.4722222222222222
20800,2020-01-18 00:00:00,46,45,CREDITO,02 TAB 30CM 01 SARRAFO DE 5CM,15.91,0.35355555555555557
20801,2020-01-18 00:00:00,41,40,DINHEIRO,01 B 3/8 E 01 DISCO DE CORTE,16.85,0.42125
20802,2020-01-18 00:00:00,240,240,CREDITO,06 SAPATAS 3/8 50X30 6F,89.28,0.372
20803,2020-01-18 00:00:00,383,383,TRANSFER BRADESCO,PELEGRINO,153.32,0.40031331592689295
20804,2020-01-18 00:00:00,44.7,42,DINHEIRO,"01 3/8 9X15 3,00M",17.13,0.4078571428571428
20805,2020-01-18 00:00:00,108,108,DEBITO,03 B 3/8,42.9,0.3972222222222222
20806,2020-01-18 00:00:00,233.65,233.65,CHEQUE,AABM,103.34,0.44228546971966615
20807,2020-01-20 00:00:00,199.5,199.5,ABATIDO CREDITO,SALVADOR,90.94,0.4558395989974937
20808,2020-01-20 00:00:00,399,399,CHEQUE,CASA E TUBO,149.76,0.37533834586466164
20809,2020-01-20 00:00:00,409.38,409.38,TRANSFER ITAU 20/01,CELSO DE ARAUJO,207.56,0.5070106013972349
20809 B,2020-01-20 00:00:00,17.5,17.5,TRANSFER ITAU 20/01/2020,GILVAN / JEFERSON / CILENE,8.75,0.5
20810,2020-01-20 00:00:00,140.4,140.4,DINHEIRO E CHEQUE ,ALFA,69.72,0.49658119658119654
20810 B ,2020-01-20 00:00:00,43.25,43.25,CREDITO,3 PLACAS ISOPOR + 6 MTS FERRO 5/16,35.75,0.8265895953757225
20811,2020-01-20 00:00:00,1320.7,1320.7,DEBITO,LUIS / BEATRIZ,502.9,0.3807829181494662
20812,2020-01-20 00:00:00,2040.6,2040.6,BOLETO,WALLS ENGENHARIA,1008.9,0.49441340782122906
20813,2020-01-20 00:00:00,655.6,630,TRANSFER BRAD 21/01/2020,JORGE,265.24,0.421015873015873
20814,2020-01-20 00:00:00,1010.2,963,DINHEIRO 17/01 E DEBITO,ALESSANDRO,451.3,0.4686396677050883
20815,2020-01-20 00:00:00,2840.25,2556,TRANSFER ITAU 20/01,ANTELIO / DARIO,1288.87,0.5042527386541471
20816,2020-01-20 00:00:00,730.1,730.1,CREDITO 4 X ,OSÉIAS,327.32,0.4483221476510067
20817,2020-01-20 00:00:00,336.9,330,DINHEIRO,RICARDO,142.91,0.43306060606060603
20818,2020-01-20 00:00:00,407.33,407.33,TRANSFER ITAU 21/01/2020,CHARLES,220.63,0.5416492769989935
20819,2020-01-21 00:00:00,58.5,58.5,DINHEIRO E CHEQUE ,ALFA,28.2,0.48205128205128206
20820,2020-01-21 00:00:00,106.25,100,DINHEIRO,ANIBAL,39.05,0.39049999999999996
20821,2020-01-21 00:00:00,28,28,CREDITO,AILTON - OFICINA - 4 DE 10 CM,11.32,0.4042857142857143
20822,2020-01-21 00:00:00,2046.95,1944.6,TRANSFER CAIXA EM 23/01/2020,LUIZ CLAUDIO,818.68,0.421001748431554
20823,2020-01-21 00:00:00,2993,2993,TRANSFERS BRADESCO,MINERAÇÃO CAIEIRAS,1133.7,0.3787838289341798
20824,2020-01-21 00:00:00,256.08,256.08,TRANSFER BRAD 21/01/2020,INOVE MOEMA,171.8,0.6708840987191503
20825,2020-01-21 00:00:00,291.9,291.9,DEBITO,ISMAEL,158.56,0.5431997259335389
20826,2020-01-21 00:00:00,24,24,CREDITO,02 TORCIDOS,10.0,0.4166666666666667
20827,2020-01-21 00:00:00,774,774,BOLETO PARA 20/02,ALTO DA LAPA,276.6,0.3573643410852713
20828,2020-01-21 00:00:00,17,17,DINHEIRO,1 BARRA 1/4,8.0,0.47058823529411764
20829,2020-01-21 00:00:00,578.6,578.6,CREDITO 3 X ,DEDEU,253.34,0.43784998271690284
20830,2020-01-21 00:00:00,962.9,962.9,CHEQUE,DEPOSITO SANTO ANTONIO,433.79,0.45050368677952024
20831,2020-01-22 00:00:00,12,12,DEBITO,01 TORCIDO,5.0,0.4166666666666667
20832,2020-01-22 00:00:00,18,18,DEBITO,02 B 3/16,8.5,0.4722222222222222
20833,2020-01-22 00:00:00,54,54,DEBITO,18 MTS B 3/8,21.45,0.3972222222222222
20834,2020-01-22 00:00:00,199.5,199.5,CREDITO 2 X ,JOSE XAVIER ,81.5,0.40852130325814534
20835,2020-01-22 00:00:00,40,40,DINHEIRO,"1 COL 5/16 9X15 - 3,50 M ",19.38,0.4845
20836,2020-01-22 00:00:00,50,50,DINHEIRO,PEDRO ARAUJO,19.5,0.39
20837,2020-01-22 00:00:00,6030.39,5694.97,"TRANSFER ITAU 22, 23/011 + CREDITO",SILMARA,2713.17,0.476415152318625
20838,2020-01-22 00:00:00,625.35,625.35,CHEQUE,CASA E TUBO,292.05,0.46701846965699206
20839,2020-01-22 00:00:00,71,70,DEBITO,02 B 5/16 E 02 B 3/16,30.5,0.4357142857142857
20840,2020-01-22 00:00:00,208.6,208.6,DEBITO,FELIPE,92.54,0.4436241610738255
20841,2020-01-22 00:00:00,5649.41,5200,TRANSFER ITAU 27/01/2020,GAZZOTTI,2323.87,0.4468980769230769
20842,2020-01-23 00:00:00,157.3,157.3,DINHEIRO E CHEQUE ,ALFA,66.88,0.42517482517482513
20843,2020-01-23 00:00:00,443.3,443.3,DINHEIRO E CHEQUE ,ALFA,186.31,0.42027972027972027
20844,2020-01-23 00:00:00,21,21,CREDITO ,1 TABUA 30 CM,7.52,0.3580952380952381
20845,2020-01-23 00:00:00,712.38,641.14,TRANSFER ITAU 23/01/2020,ANTELIO / DARIO,327.48,0.5107776772623764
20846,2020-01-23 00:00:00,15073.55,14700,CREDITO 3 X ,JEFERSON ,6938.66,0.47201768707482994
20847,2020-01-23 00:00:00,670.5,670.5,CREDITO 3 X ,ITALO,297.45,0.44362416107382546
20848,2020-01-23 00:00:00,16,16,DEBITO,4 SARRAFOS 05 CM ,7.48,0.4675
20849,2020-01-23 00:00:00,1566,1566,CHEQUE,CASA E TUBO,731.61,0.46718390804597704
20850,2020-01-23 00:00:00,648.55,648.55,DEBITO,SILVANA,318.28,0.4907563025210084
20851,2020-01-24 00:00:00,12,12,DEBITO,01 18X27,6.0,0.5
20852,2020-01-24 00:00:00,1210,1210,CREDITO 2 X ,PELEGRINO,496.24,0.4101157024793389
20853,2020-01-24 00:00:00,139,139,CREDITO,PELEGRINO,56.1,0.4035971223021583
20854,2020-01-24 00:00:00,1759,1650,TRANSFER ITAU 24/01,ADENILSON,670.62,0.40643636363636365
20855,2020-01-24 00:00:00,134,134,DINHEIRO,"3 COL 3/8 9X20 - 3,00",59.39,0.4432089552238806
20856,2020-01-24 00:00:00,591,591,CREDITO 3 X ,VALDIR,275.86,0.46676818950930626
20857,2020-01-24 00:00:00,99,99,CREDITO 3 X ,VALDIR,37.75,0.3813131313131313
20858,2020-01-24 00:00:00,870,870,CREDITO 2 X ,PELEGRINO,250.2,0.28758620689655173
20859,2020-01-27 00:00:00,5,5,DINHEIRO,"01 PDÇ 3/8 1,64M",2.04,0.40800000000000003
20860,2020-01-27 00:00:00,284.25,284.25,CHEQUE,AABM,132.75,0.46701846965699206
20861,2020-01-27 00:00:00,71.4,71.4,"CREDITO DE $ 50,00 + DEPOSITO BRADESCO 04/02",JORGE,35.04,0.4907563025210083
20862,2020-01-27 00:00:00,1614.8,1614.8,CREDITO 4 X ,OSÉIAS,432.77,0.2680022293782512
20863,2020-01-27 00:00:00,525,525,CHEQUE,DEPOSITO IPÊ - 1500 ESTR SACO,195.0,0.37142857142857144
20864,2020-01-27 00:00:00,42.9,42.9,DINHEIRO E CHEQUE ,ALFA,18.03,0.4202797202797203
20865,2020-01-27 00:00:00,262.61,262.61,TRANSFER ITAU 11/02/2020,CHARLES,155.68,0.5928182475914855
20865 B,2020-01-27 00:00:00,38.5,38.5,DEBITO,1 BARRA 5/16 + 1 ARAME,16.5,0.42857142857142855
20866,2020-01-27 00:00:00,726.1,690,DEBITO,ISMAEL,169.44,0.24556521739130435
20867,2020-01-27 00:00:00,1028.13,1028.13,CHEQUE,INOVE MOEMA,465.5,0.4527637555562039
20868,2020-01-27 00:00:00,2541.85,2400,DEBITO,WELLIGTON,986.49,0.4110375
20869,2020-01-27 00:00:00,1605.45,1605.45,CHEQUE,AABM,673.75,0.4196642685851319
20870,2020-01-27 00:00:00,774,774,BOLETO,ALTO DA LAPA,276.6,0.3573643410852713
20871,2020-01-27 00:00:00,1598.6,1598.6,TRANSFERS BRADESCO,MINERAÇÃO CAIEIRAS,527.4,0.329913674465157
20872,2020-01-28 00:00:00,42,42,CREDITO,02 TABUAS DE 30CM,15.04,0.3580952380952381
20873,2020-01-28 00:00:00,12,12,CREDITO ,1 ARAME,5.0,0.4166666666666667
20874,2020-01-28 00:00:00,581.1,550,DINHEIRO,GIVANILDO,226.69,0.41216363636363634
20875,2020-01-28 00:00:00,2112,2050,DEBITO,ROGERIO,947.2,0.4620487804878049
20876,2020-01-28 00:00:00,675,675,TRANSFER ITAU ,GRANICUT,271.5,0.4022222222222222
20876,2020-01-29 00:00:00,216.05,200,DINHEIRO,WILLIAN,79.8,0.39899999999999997
20877,2020-01-29 00:00:00,997.5,997.5,TRANSFER ITAU 17/03/2020,GRANICUT / CITRINO,556.65,0.5580451127819549
20878,2020-01-29 00:00:00,842,842,TRANSFER ITAU 30/01/2020,EDSON,387.9,0.46068883610451306
20879,2020-01-29 00:00:00,350,350,CHEQUE E DINHEIRO,PANORAMA,130.0,0.37142857142857144
20880,2020-01-29 00:00:00,400.6,400.6,CREDITO 2 X ,PELEGRINO,129.6,0.32351472790813773
20881,2020-01-29 00:00:00,481.45,466,CREDITO,CELSO,187.56,0.4024892703862661
20882,2020-01-29 00:00:00,49.5,49.5,DEBITO,JOSE XAVIER ,19.5,0.3939393939393939
20883,2020-01-29 00:00:00,0,0,CANCELADO,VALDIR / CEARÁ,0.0,
20884,2020-01-29 00:00:00,45,45,DINHEIRO,"1 COL 3/8 9X15 - 3,00 M ",20.13,0.4473333333333333
20885,2020-01-29 00:00:00,749.45,700,DINHEIRO,DENIS,294.75,0.4210714285714286
Meta,,170000,,, SALÁRIOS + SÁBADOS,9910.0,
Percentual atingido,,1.014326294117647,,,,,
Meta diária,,8500,,,,63583.10999999996,14306.19974999999
20886,2020-01-30 00:00:00,57.2,57.2,DINHEIRO E CHEQUE ,ALFA,24.04,0.42027972027972027
20887,2020-01-30 00:00:00,28.6,28.6,DINHEIRO E CHEQUE ,ALFA,12.02,0.42027972027972027
20888,2020-01-30 00:00:00,117,117,DEBITO,15 MTS TRELIÇA H-8,78.25,0.6688034188034188
20889,2020-01-30 00:00:00,702.4,702.4,CREDITO 2 X ,PELEGRINO,230.01,0.3274629840546697
20890,2020-01-30 00:00:00,156,156,DINHEIRO E CHEQUE ,ALFA,57.0,0.36538461538461536
20891,2020-01-30 00:00:00,117.95,108,DINHEIRO,JOSE CANDIDO,57.27,0.5302777777777778
20892,2020-01-30 00:00:00,520,520,DINHEIRO E CHEQUE ,ALFA,190.0,0.36538461538461536
20893,2020-01-30 00:00:00,136.8,136.8,CHEQUE,AABM,66.12,0.48333333333333334
20894,2020-01-30 00:00:00,209,209,DEBITO,JOAO DA COSTA,96.49,0.46167464114832535
20895,2020-01-30 00:00:00,20,20,CREDITO ,"1 PEÇA 3/8 - 2,00 + 1 ARAME + 4 ESTR 9X15",8.5,0.425
20896,2020-01-30 00:00:00,927.2,880,DINHEIRO,SILAS,362.98,0.41247727272727275
20897,2020-01-30 00:00:00,89.4,85,DEBITO,WELLINGTON,41.36,0.48658823529411765
20898,2020-01-31 00:00:00,154,154,CREDITO,06 TAB 30 E 04 DE 10CM,56.44,0.3664935064935065
20899,2020-01-31 00:00:00,228.8,228.8,DINHEIRO E CHEQUE ,ALFA,96.16,0.42027972027972027
20900,2020-01-31 00:00:00,272.5,272.5,DINHEIRO E CHEQUE ,ALFA,85.0,0.3119266055045872
20901,2020-01-31 00:00:00,36,36,DINHEIRO,"2,10 METROS COL 5/16",23.63,0.6563888888888889
20902,2020-01-31 00:00:00,1989,1989,TRANSFERS BRADESCO,MINERAÇÃO CAIEIRAS,594.3,0.29879336349924585
20903,2020-01-31 00:00:00,110.5,110.5,DEBITO E DINHEIRO,MOISES,54.44,0.49266968325791854
20904,2020-01-31 00:00:00,223.4,223.4,TRANSFER BRAD EM 10/02/2020,INOVE,104.72,0.4687555953446732
20905,2020-02-01 00:00:00,174,174,CREDITO ,GIVANILDO,63.84,0.36689655172413793
20906,2020-02-01 00:00:00,312,312,DINHEIRO E CHEQUE ,ALFA,114.0,0.36538461538461536
20907,2020-02-01 00:00:00,159,159,DINHEIRO,GIVANILDO,73.2,0.46037735849056605
20908,2020-02-03 00:00:00,52.5,49,DINHEIRO,06 MTS B 16MM,22.28,0.4546938775510204
20909,2020-02-03 00:00:00,90,90,DEBITO EM 26/11/2020,VERA VASOS,42.5,0.4722222222222222
20910,2020-02-03 00:00:00,195.6,195.6,CHEQUE,AABM,69.0,0.35276073619631904
20911,2020-02-03 00:00:00,59.6,59.6,"CREDITO DE $ 50,00 + DEPOSITO BRADESCO 04/02",JORGE,26.44,0.4436241610738255
20912,2020-02-03 00:00:00,628.5,628.5,CHEQUE,DEPOSITO SANTO ANTONIO,257.55,0.4097852028639618
20913,2020-02-03 00:00:00,57,57,DINHEIRO,GIVANILDO - 2 TELAS,24.0,0.42105263157894735
20914,2020-02-04 00:00:00,1030.8,950,DEBITO,JORGE - ARARIBA,433.19,0.4559894736842105
20915,2020-02-04 00:00:00,525.72,480,DINHEIRO,DONI / ELSON,193.81,0.40377083333333336
20916,2020-02-04 00:00:00,289.2,289.2,CHEQUE E DINHEIRO,PANORAMA,128.52,0.4443983402489627
20917,2020-02-05 00:00:00,42.9,42.9,TRANSFER BRADESCO,ALFA,17.07,0.3979020979020979
20918,2020-02-05 00:00:00,360,345,DINHEIRO,DEPOSITO CEARÁ,160.8,0.46608695652173915
20919,2020-02-05 00:00:00,624.6,624.6,CREDITO 2 X ,PELEGRINO,272.82,0.43679154658981745
20920,2020-02-05 00:00:00,470,446.5,TRANSFER ITAU 07/02,MORUMBI MEDICAL CENTER,256.2,0.5737961926091825
20921,2020-02-05 00:00:00,25.5,25.5,DEBITO,"01 B 4,2 E 01 B 1/4",10.8,0.42352941176470593
20922,2020-02-05 00:00:00,134.1,134.1,DEBITO,09 MTS 3/8 9X15,56.61,0.4221476510067114
20923,2020-02-05 00:00:00,27,27,DINHEIRO,60 ESTRIBOS 7X17,14.04,0.52
20923,2020-02-05 00:00:00,40,40,DINHEIRO,5 METROS FERRO 5/8,17.75,0.44375
20924,2020-02-05 00:00:00,36,36,DINHEIRO,1 BARRA 3/8,13.5,0.375
20925,2020-02-05 00:00:00,4275.5,4275.5,TRANSFERS BRADESCO,MINERAÇÃO CAIEIRAS,1270.05,0.29705297626008653
20926,2020-02-05 00:00:00,386.6,386.6,CREDITO 3 X ,ELIANE / SEVERINO,140.43,0.3632436627004656
20927,2020-02-05 00:00:00,340,340,CREDITO 2 X ,RAUL ,150.0,0.4411764705882353
20928,2019-02-06 00:00:00,99,99,TRANSFER BRADESCO,ALFA,38.45,0.3883838383838384
20929,2020-02-06 00:00:00,39,39,DINHEIRO,"01 TRELIÇA H-8 6,00M",23.5,0.6025641025641025
20930,2020-02-06 00:00:00,167.99,167.99,CHEQUES E ABATIMENTOS CRÉDITO,SALVADOR,79.14,0.4710994702065599
20931,2020-02-06 00:00:00,84,84,DEBITO,SEVERINO,35.28,0.42000000000000004
20932,2020-02-06 00:00:00,76,76,DEBITO,JOSE XAVIER,31.0,0.40789473684210525
20933,2020-02-06 00:00:00,7,7,DINHEIRO,1 SARRAFO 10 CM,2.83,0.4042857142857143
20934,2020-02-06 00:00:00,1308.9,1308.9,CHEQUE,DEPOSITO SANTO ANTONIO,440.07,0.3362136144854458
20935,2020-02-06 00:00:00,1987.3,1987.3,CREDITO 3 X ,CARLOS - RUA LUIS SCHIMDT,975.28,0.4907563025210084
20936,2020-02-06 00:00:00,4184.32,3969.33,TRANSFERS ITAU,MONICA,1764.45,0.444520863722593
20937,2020-02-06 00:00:00,85,85,DINHEIRO E CREDITO,3 TABUAS 30 + 2 PONTALETES,31.36,0.3689411764705882
20938,2020-02-07 00:00:00,52,52,DINHEIRO,04 TABUAS DE 20CM,18.65,0.3586538461538461
20939,2020-02-07 00:00:00,9,9,DINHEIRO,"01 B 4,2",4.25,0.4722222222222222
20940,2020-02-07 00:00:00,36,36,DINHEIRO,GIVANILDO,13.5,0.375
20941,2020-02-07 00:00:00,110.5,110.5,DEBITO,GENELICE / MARISA / LUIZ,50.03,0.4527601809954751
20942,2020-02-07 00:00:00,62,62,DEBITO,RETIROU,28.64,0.4619354838709678
20943,2020-02-07 00:00:00,364.7,364.7,TRANSFER ITAU 20/02/2020,CHARLES,211.16,0.5789964354263779
20944,2020-02-07 00:00:00,772.95,730,TRANSFER ITAU 07/02,LUIZ - VILA CLEMENTINO,286.02,0.3918082191780822
20945,2020-02-07 00:00:00,1639.3,1550,DEBITO,LUIS,536.2,0.3459354838709678
20946,2020-02-07 00:00:00,459,450,DEBITO,LUIGI,184.7,0.41044444444444445
20947,2020-02-07 00:00:00,42.9,42.9,TRANSFER BRADESCO,ALFA,17.07,0.3979020979020979
20948,2020-02-07 00:00:00,53,53,DEBITO,2 BARRAS 5/16,23.0,0.4339622641509434
20949,2020-02-07 00:00:00,2594.8,2594.8,BOLETOS,WALLS ENGENHARIA,835.84,0.32212116540773855
20950,2020-02-07 00:00:00,3528.7,3400,DEBITO E CREDITO 5 X ,JUNIOR - PARAISOPOLIS,1363.37,0.4009911764705882
20951,2020-02-08 00:00:00,1475.3,1400,DEBITO,ANTONIO,593.37,0.4238357142857143
20952,2020-02-08 00:00:00,47.8,47.8,CHEQUE,AABM,14.8,0.3096234309623431
20953,2020-02-08 00:00:00,223.5,200,DINHEIRO,15 MTS 3/8 9X20,70.85,0.35424999999999995
20954,2020-02-08 00:00:00,20,20,DEBITO,30 ESTRIBOS 9X25,11.6,0.58
20955,2020-02-08 00:00:00,8.8,8,DEBITO,04 MTS B 5/16,3.0,0.375
20956,2020-02-08 00:00:00,24,24,DINHEIRO,02 KG ARAME / GIVANILDO,10.0,0.4166666666666667
20957,2020-02-10 00:00:00,238.4,220,DINHEIRO,GIVANILDO,82.24,0.37381818181818177
20958,2020-02-10 00:00:00,4,4,DINHEIRO,"01 PDÇ 1/4 - 2,60M",1.85,0.4625
20959,2020-02-10 00:00:00,66,66,DINHEIRO,MARIANO,30.84,0.4672727272727273
20960,2020-02-10 00:00:00,16.5,16.5,DINHEIRO,01 B 1/4,6.55,0.396969696969697
20961,2020-02-10 00:00:00,3913,3913,CHEQUE,PRIMOSUL,1619.08,0.41376948632762584
20962,2020-02-10 00:00:00,624,624,TRANSFER ITAU 20/02/2020,MORUMBI MEDICAL CENTER,264.0,0.4230769230769231
20963,2020-02-10 00:00:00,126,120,DEBITO,VALNEI,39.12,0.32599999999999996
20964,2020-02-10 00:00:00,224.5,220,A RECEBER,ADENILTON,92.4,0.42000000000000004
20965,2020-02-10 00:00:00,333.6,333.6,CHEQUE,AABM,126.96,0.3805755395683453
20966,2020-02-11 00:00:00,259.24,259.24,TRANSFER BRADESCO,ALFA,116.31,0.44865761456565345
20967,2020-02-11 00:00:00,200.2,200.2,TRANSFER BRADESCO,ALFA,87.08,0.43496503496503497
20968,2020-02-11 00:00:00,819.5,790,DEBITO,GIVANILDO,353.05,0.4468987341772152
20969,2020-02-11 00:00:00,350,350,DINHEIRO,DEPOSITO IPÊ,130.0,0.37142857142857144
20970,2020-02-11 00:00:00,100,100,DEBITO,GIVANILDO,40.0,0.4
20971,2020-02-11 00:00:00,336.9,335,DEBITO,JOAO VITORINO,142.59,0.4256417910447761
20972,2020-02-11 00:00:00,955.25,900,DEBITO,NILTON,348.88,0.38764444444444446
20973,2020-02-11 00:00:00,166.8,166.8,CREDITO 2 X ,PELEGRINO,63.48,0.3805755395683453
20974,2020-02-11 00:00:00,5250,5250,BOLETOS,WALLS ENGENHARIA,2086.8,0.39748571428571433
20975,2020-02-11 00:00:00,32,32,DINHEIRO,4 SARRAFOS 05 + 1 ARAME,16.48,0.515
20976,2020-02-11 00:00:00,990.5,940,DEBITO,VALDIR - CEARÁ,319.99,0.34041489361702126
20977,2020-02-12 00:00:00,1001.75,1000,DINHEIRO,DENIS,404.71,0.40470999999999996
20978,2020-02-12 00:00:00,214.95,214.95,CHEQUE,AABM,89.71,0.4173528727611072
20979,2020-02-12 00:00:00,44.7,44.7,DINHEIRO,"1 COL 3/8 9X15 - 3,00",18.87,0.4221476510067114
20980,2020-02-12 00:00:00,440.4,440.4,TRANSFER BRAD EM 17/02/2020,INOVE,166.6,0.3782924613987284
20981,2020-02-12 00:00:00,34.5,34.5,CHEQUE,AABM,17.08,0.49507246376811587
20982,2020-02-12 00:00:00,296.4,296.4,DEBITO,FABIO,135.14,0.4559379217273954
20983,2020-02-12 00:00:00,39,39,DEBITO,GIVANILDO - 1 CONDUITE,21.76,0.557948717948718
20984,2020-02-12 00:00:00,351.5,351.5,CHEQUE,AABM,152.16,0.4328876244665718
20985,2020-02-12 00:00:00,1459.72,1459.72,TRANSFER BRADESCO,ALFA,574.88,0.3938289534979311
20986,2020-02-12 00:00:00,572.4,572.4,TRANSFER BRADESCO,ALFA,266.16,0.46498951781970654
20987,2020-02-13 00:00:00,35.7,35.7,DEBITO,3 MTS 5/16 9X15,17.28,0.48403361344537815
20988,2020-02-13 00:00:00,230,230,DINHEIRO,KIMI,94.61,0.4113478260869565
20989,2020-02-13 00:00:00,269.75,269.75,CREDITO 2 X ,PELEGRINO,113.69,0.4214643188137164
20990,2020-02-13 00:00:00,170,170,DEBITO,GIVANILDO,66.68,0.3922352941176471
20991,2020-02-13 00:00:00,109,100,DINHEIRO,ELIAS,23.12,0.23120000000000002
20992,2020-02-13 00:00:00,3250,3250,TRANSFERS BRADESCO,MINERAÇÃO CAIEIRAS,802.5,0.2469230769230769
20993,2020-02-13 00:00:00,699.2,699.2,CHEQUES,MIRANTE,262.94,0.376058352402746
20994,2020-02-13 00:00:00,289.59,289.59,TRANSFER CAIXA 13/02,WALLS ENGENHARIA,150.01,0.5180082185158328
20995,2020-02-13 00:00:00,1057.2,1000,DINHEIRO,JORGE,452.88,0.45288
20996,2020-02-13 00:00:00,63,63,DINHEIRO,3 TELAS 3.4 20X20,13.5,0.21428571428571427
20997,2020-02-14 00:00:00,44.7,42.5,DINHEIRO,03 MTS 3/8 9X20 / GIVANILDO,16.67,0.3922352941176471
20998,2020-02-14 00:00:00,2717.9,2700,DEBITO,CEZAR / ANTONIO,755.99,0.2799962962962963
20999,2020-02-14 00:00:00,44.7,44.7,DEBITO,"1 COL 3/8 9X15 - 3,00",18.87,0.4221476510067114
21000,2020-02-14 00:00:00,70.2,70.2,TRANSFER BRADESCO,ALFA,33.36,0.4752136752136752
21001,2020-02-14 00:00:00,105.3,105.3,TRANSFER BRADESCO,ALFA,50.04,0.4752136752136752
21002,2020-02-14 00:00:00,163.8,163.8,TRANSFER BRADESCO,ALFA,77.84,0.4752136752136752
21003,2020-02-14 00:00:00,638.5,638.5,CREDITO 03X,ELSON,262.85,0.4116679718089272
21004,2020-02-14 00:00:00,1040.2,1040.2,TRANSFERS ITAU,GRANICUT,475.92,0.4575273985771967
21005,2020-02-14 00:00:00,467.4,467.4,CREDITO 3 X ,PAULO,194.54,0.4162173727000428
21006,2020-02-14 00:00:00,2552.51,2400,DEBITO,RICARDO,972.73,0.4053041666666667
21007,2020-02-14 00:00:00,352,330,DINHEIRO,RICARDO,189.2,0.5733333333333333
21008,2020-02-14 00:00:00,2308,2308,BOLETO ,HIPICA PAULISTA,1008.0,0.43674176776429807
21009,2020-02-14 00:00:00,175,175,DINHEIRO,ELIAS - 14 METROS 3/8 9X20,54.46,0.31120000000000003
21010,2020-02-14 00:00:00,59.6,59.6,DEBITO,"2 COL 3/8 9X15 - 2,00",25.16,0.4221476510067114
21011,2020-02-15 00:00:00,343.2,343.2,TRANSFER BRADESCO,ALFA,136.56,0.3979020979020979
21012,2020-02-15 00:00:00,24,24,CREDITO 3 X ,02 18X27 / GIVANILDO,11.0,0.4583333333333333
21013,2020-02-15 00:00:00,124.95,124.95,CHEQUE,AABM,61.32,0.4907563025210084
21014,2020-02-15 00:00:00,149,149,CREDITO,10 MTS 3/8 9X15,62.9,0.4221476510067114
21015,2020-02-15 00:00:00,8,8,DINHEIRO,02 SARRAFOS DE 5CM,3.74,0.4675
21016,2020-02-15 00:00:00,47.7,45,DEBITO,3 MTS 5/16 9X15 / 01 ARAME,19.58,0.43511111111111106
21017,2020-02-15 00:00:00,5,5,A RECEBER,01 DISCO FERRO / FERNANDO VIZINHO,3.55,0.71
21018,2020-02-17 00:00:00,57.2,57.2,TRANSFER BRADESCO,ALFA,22.76,0.3979020979020979
21019,2020-02-17 00:00:00,4818.1,4490,TRANSFER ITAU 20/02/2020,EDSON,1939.42,0.43194209354120267
21020,2020-02-17 00:00:00,384.5,365,DEBITO,JOSE AUGUSTO,162.25,0.44452054794520546
21021,2020-02-17 00:00:00,161.4,161.4,CREDITO 3 X ,CARLOS - RUA LUIS SCHIMDT,71.4,0.44237918215613387
21022,2020-02-17 00:00:00,1224.3,1224.3,CHEQUE,DEPOSITO SANTO ANTONIO,452.76,0.369811320754717
21023,2020-02-17 00:00:00,0,0,CANCELADO,SILMARA,0.0,
21024,2020-02-17 00:00:00,111.6,111.6,CREDITO,LULA,33.16,0.2971326164874552
21025,2020-02-17 00:00:00,107.1,100,DEBITO,MAURO,45.46,0.4546
21026,2020-02-17 00:00:00,3545.5,3439.13,TRANSFER ITAU 19/02,JUAREZ DE BRITO - SÃO LOURENÇO,1433.69,0.41687577963031347
21027,2020-02-17 00:00:00,1936.8,1936.8,CHEQUES E ABATIMENTOS CRÉDITO,SALVADOR,988.56,0.5104089219330855
21028,2020-02-17 00:00:00,2979,2800,CREDITO 2 X ,DIORGENES / CA,1260.25,0.4500892857142857
21029,2020-02-17 00:00:00,270,270,DINHEIRO,GIVANILDO,111.3,0.4122222222222222
21030,2020-02-17 00:00:00,550.85,550.85,TRANSFER ITAU 18/02,RICARDO MAIA,285.85,0.5189252972678587
21031,2020-02-17 00:00:00,2313.5,2313.5,TRANSFERS BRADESCO,MINERAÇÃO CAIEIRAS,787.25,0.3402852820401988
21032,2020-02-17 00:00:00,5130,5130,TRANSFER ITAU 10/03/2020,SALVADOR,1410.0,0.27485380116959063
21033,2020-02-18 00:00:00,14,14,DINHEIRO,2 SARRAFOS 10 CM,5.66,0.4042857142857143
21034,2020-02-18 00:00:00,1214,1200,CREDITO 4 X ,CLAITON - JACIRA,327.7,0.27308333333333334
21033,2020-02-18 00:00:00,401.8,401.8,CREDITO 2 X ,PELEGRINO,154.33,0.3840965654554505
21034,2020-02-18 00:00:00,246,230,DEBITO E DINHEIRO,NILTON,79.5,0.3456521739130435
21035,2020-02-18 00:00:00,828.63,785,DINHEIRO,JUNIOR - RUA MANOEL BATISTA,360.02,0.45862420382165603
21036,2020-02-18 00:00:00,85,85,DINHEIRO,RETIROU,36.65,0.43117647058823527
21037,2020-02-18 00:00:00,2000,2000,CREDITO 5 X ,ROGERIO,839.37,0.419685
21038,2020-02-18 00:00:00,161.4,161.4,CREDITO 3 X ,CARLOS - RUA LUIS SCHIMDT,71.4,0.44237918215613387
21039,2020-02-18 00:00:00,53,53,DEBITO,PELEGRINO,20.0,0.37735849056603776
21040,2020-02-18 00:00:00,30,30,DINHEIRO,"1 COL 5/16 9X20 - 3,00",11.58,0.386
21041,2020-02-18 00:00:00,111.75,111.75,DEBITO,JOSEFA,47.1,0.4214765100671141
21042,2020-02-18 00:00:00,285,285,CREDITO ,ROMA CAR - 10 TELAS ,120.0,0.42105263157894735
21043,2020-02-19 00:00:00,195,195,DEBITO,06 TELAS E 02 TORCIDOS,82.0,0.4205128205128205
21044,2020-02-19 00:00:00,61,60,DINHEIRO,01 B 1/2,22.5,0.375
21045,2020-02-19 00:00:00,130,130,DEBITO,MAURO,45.4,0.34923076923076923
21046,2020-02-19 00:00:00,650,650,TRANSFER BRADESCO,ALFA,185.0,0.2846153846153846
21047,2020-02-19 00:00:00,1273.25,1273.25,CREDITO 4 X ,ITALO,527.68,0.41443549970547805
21048,2020-02-19 00:00:00,44,44,CREDITO,4 KG. ARAME ,16.0,0.36363636363636365
21049,2020-02-19 00:00:00,402.3,402.3,CREDITO 3 X ,GIVANILDO,169.83,0.4221476510067114
21050,2020-02-19 00:00:00,28.5,28.5,CREDITO 3 X ,GIVANILDO - 1 TELA,12.0,0.42105263157894735
21051,2020-02-19 00:00:00,1004.5,985,DEBITO,EVANGELISTA,388.11,0.39402030456852793
21052,2020-02-20 00:00:00,90,90,DEBITO EM 26/11/2020,VERA VASOS - 10 BARRAS 3/16,42.5,0.4722222222222222
21053,2020-02-20 00:00:00,426,426,CREDITO 02 X ,ANTONIO,157.36,0.36938967136150236
21054,2020-02-20 00:00:00,1209.3,1209.3,CREDITO,PELEGRINO,460.23,0.38057553956834533
21055,2020-02-20 00:00:00,265.85,265.85,CHEQUE,AABM,96.1,0.36148203874365237
21056,2020-02-20 00:00:00,142,142,CREDITO,03 B 3/8 / 02 18X27 / 01 AÇO 15X15,57.74,0.40661971830985916
21057,2020-02-20 00:00:00,347.5,352,DINHEIRO,ELIAS,102.91,0.29235795454545455
21058,2020-02-20 00:00:00,89.4,89.4,DEBITO,"PEDRO ARAUJO - 2 - 3/8 9X20 - 3,00",37.74,0.4221476510067114
21059,2020-02-20 00:00:00,774.79,774.79,TRANSFER BRADESCO 27/02/2020,INOVE,359.58,0.4640999496637799
21060,2020-02-20 00:00:00,1048.1,1000,CREDITO 2 X ,DIORGENES / CA,429.68,0.42968
21062,2020-02-20 00:00:00,2651.4,2651.4,TRANSFERS BRADESCO,MINERAÇÃO CAIEIRAS,921.94,0.34771818661839027
21063,2020-02-20 00:00:00,369.6,352,DINHEIRO,RODRIGO AURELIO,155.96,0.44306818181818186
21064,20/02/20/20,935.4,935.4,DEBITO,LUIZ,456.24,0.48774855676715845
21065,2020-02-20 00:00:00,10,10,DINHEIRO,20 ESTRIBOS 9X20,5.6,0.5599999999999999
21066,2020-02-20 00:00:00,635.93,635.93,CHEQUE,AABM,253.76,0.39903762992782227
21067,2020-02-21 00:00:00,262.95,250,DEBITO,DIORGENES / CA,75.35,0.3014
21068,2020-02-21 00:00:00,28,28,DINHEIRO,04 SARRAFOS 10CM,11.32,0.4042857142857143
21069,2020-02-21 00:00:00,1696,1532,DINHEIRO,WILLIAM,525.64,0.3431070496083551
21070,2020-02-21 00:00:00,149.5,149.5,DINHEIRO,5 BARRAS 3/8,37.0,0.24749163879598662
21071,2020-02-21 00:00:00,596,596,CREDITO 3 X ,GIVANILDO,243.23,0.40810402684563757
21072,2020-02-22 00:00:00,114.4,114.4,TRANSFER BRADESCO,ALFA,45.52,0.3979020979020979
21073,2020-02-22 00:00:00,338.63,338.63,CHEQUE,AABM,137.0,0.4045713610725571
21074,2020-02-22 00:00:00,33,33,CREDITO 3 X ,GIVANILDO - 11 METROS FERRO 3/8,12.37,0.3748484848484848
21075,2020-02-26 00:00:00,193.05,193.05,TRANSFER BRADESCO,ALFA,76.82,0.3979279979279979
21076,2020-02-26 00:00:00,431.95,410,DEBITO,GIVANILDO,155.81,0.38002439024390244
21077,2020-02-26 00:00:00,5,5,DINHEIRO,01 CX 25CM,3.67,0.734
21078,2020-02-26 00:00:00,101.15,100,DINHEIRO,"01 SAP 60X50 3/8 6F / 01 3/8 9X15 3,50M",43.42,0.43420000000000003
21079,2020-02-26 00:00:00,98.45,98.45,DEBITO,TOME,49.12,0.49893346876587097
21080,2020-02-26 00:00:00,35,35,DINHEIRO,02 TAB 15 E 01 25CM,12.75,0.36428571428571427
21081,2020-02-26 00:00:00,53,53,DINHEIRO,02 B 1/4,23.0,0.4339622641509434
21082,2020-02-26 00:00:00,914,914,DINHEIRO E TRANSFER ITAU 28/02,ELIAS,281.57,0.30806345733041574
21083,2020-02-26 00:00:00,1342.6,1302,CHEQUE,PRIMOSUL,521.98,0.4009062980030722
21084,2020-02-26 00:00:00,33,33,DINHEIRO,MINEIRO/ JEFERSON / CILENE,18.0,0.5454545454545454
21085,2020-02-26 00:00:00,442.8,442.8,TRANSFER BRAD EM 28/02,INOVE,203.92,0.460523938572719
21086,2020-02-27 00:00:00,111.75,110,DINHEIRO,FUMIO,47.18,0.4289090909090909
21087,2020-02-27 00:00:00,875.6,830,DEBITO,CRISPIM,238.09,0.286855421686747
21088,2020-02-27 00:00:00,1762.85,1675,TRANSFER ITAU 27/02/2020,DANIELA,718.59,0.4290089552238806
21089,2020-02-27 00:00:00,1122.4,1122.4,CREDITO,GERSON ,427.52,0.3808980755523877
21090,2020-02-27 00:00:00,3025.87,2800,TRANSFER ITAU 27/02/2020,EDINAEL / LUIZ,1226.87,0.4381678571428571
21091,2020-02-27 00:00:00,5686.29,5400,DEBITO E DINHEIRO,JOÃO / MIGUEL,2435.58,0.45103333333333334
21092,2020-02-27 00:00:00,1556,1556,BOLETO,NORBRASIL,633.02,0.40682519280205653
21093,2020-02-28 00:00:00,3776,3776,TRANSFERS BRADESCO,MINERAÇÃO CAIEIRAS,1038.0,0.2748940677966102
21094,2020-02-28 00:00:00,136.8,132.7,CHEQUE,PRIMOSUL,33.36,0.25139412207987943
21095,2020-02-28 00:00:00,3612.9,3400,CREDITO 3 X ,AILTON,1609.85,0.47348529411764706
21096,2020-02-28 00:00:00,116.7,116.7,CREDITO,"2 SAP 6 F 3/8 40X30 + 2 3/8 9X15 - 1,50",56.03,0.48011996572407883
21097,2020-02-28 00:00:00,375,375,TRANSFER ITAU 28/02,ELIAS,116.7,0.31120000000000003
21098,2020-02-28 00:00:00,3705,3500,TRANSFERS CAIXA,NEIVALDO - MIRACATU,1485.0,0.42428571428571427
21099,2020-02-28 00:00:00,697.2,697.2,CHEQUE,PANORAMA,331.2,0.47504302925989667
21100,2020-02-28 00:00:00,1386.6,1386.6,CHEQUE,DEPOSITO SANTO ANTONIO,588.72,0.424578104716573
21101,2020-02-28 00:00:00,1533.2,1533.2,CREDITO 5 X ,EDNA,670.81,0.4375228280720062
21102,2020-02-28 00:00:00,858,858,"FALTAM R$ 458,00",ELIAS,260.28,0.3033566433566433
21103,2020-02-28 00:00:00,321.75,320,CREDITO,ELIZABETE,143.51,0.44846874999999997
21104,2020-02-28 00:00:00,228.8,228.8,BOLETO,NORBRASIL,128.56,0.5618881118881118
21105,2020-02-28 00:00:00,68,68,CREDITO 3 X ,GIVANILDO,27.0,0.39705882352941174
21106,2020-02-28 00:00:00,1054.8,1034.8,CREDITO 4 X ,MARCELO ,458.82,0.4433900270583688
21107,2020-02-29 00:00:00,85.8,85.8,TRANSFER BRADESCO,ALFA,34.14,0.3979020979020979
21108,2020-02-29 00:00:00,32,32,DINHEIRO,MIRANTE - 1 BARRA 3/8,9.5,0.296875
21109,2020-02-29 00:00:00,27,27,CREDITO 3 X ,09 MTS B 3/8 / GIVANILDO,10.13,0.37518518518518523
21110,2020-02-29 00:00:00,1065,1065,CREDITO 04X,VALERIA ,455.52,0.42771830985915493
21111,2020-02-29 00:00:00,108,108,CREDITO,PELEGRINO,55.74,0.5161111111111111
21112,2020-02-29 00:00:00,13,13,DINHEIRO,06 MTS B 5/16,5.5,0.4230769230769231
21114,2020-02-29 00:00:00,56.76,56.76,CREDITO,PELEGRINO,25.2,0.4439746300211416
Meta,,170000,,,,,
Percentual atingido,,0.8927656470588236,,, SALÁRIOS + SÁBADOS,10680.0,
Meta diária,,9444.44,,,,,
21115,2020-03-02 00:00:00,18,18,DEBITO E DINHEIRO,06 MTS B 3/8,7.0,0.3888888888888889
21116,2020-03-02 00:00:00,1617.8,1617.8,CHEQUE,DEPOSITO SANTO ANTONIO,578.08,0.35732476202249974
21117,2020-03-02 00:00:00,868.75,868.75,CHEQUE,CASA E TUBO,339.38,0.39065323741007196
21118,2020-03-02 00:00:00,89.4,80,DINHEIRO,06 MTS 3/8 9X15,29.18,0.36475
21119,2020-03-02 00:00:00,594,594,CREDITO 3 X ,AILTON - OFICINA ,283.68,0.4775757575757576
21120,2020-03-02 00:00:00,234,234,CHEQUE,AABM,105.0,0.44871794871794873
21120,2020-03-02 00:00:00,57,57,DEBITO,2 TELAS 3.4 20X20,24.0,0.42105263157894735
21121,2020-03-02 00:00:00,42,40,DINHEIRO,LUIS FERNANDO,15.04,0.376
21122,2020-03-02 00:00:00,782.25,782.25,CREDITO 3 X ,CARLOS,337.58,0.4315500159795462
21123,2020-03-02 00:00:00,108,108,CREDITO 3 X ,GIVANILDO,42.0,0.3888888888888889
21124,2020-03-02 00:00:00,1490.35,1490.35,BOLETO,NORBRASIL,806.88,0.5414030261348006
21125,2020-03-03 00:00:00,1297.6,1297.6,TRANSFER ITAU 03/03,JUAREZ DE BRITO,446.4,0.344019728729963
21126,2020-03-03 00:00:00,3827,3550,TRANSFER ITAU 03/03,JUAREZ DE BRITO,1696.8,0.4779718309859155
21127,2020-03-03 00:00:00,144,144,DEBITO,4 BARRAS 3/8,56.0,0.3888888888888889
21128,2020-03-03 00:00:00,26.5,26.5,DINHEIRO,1 BARRA 5/16,10.55,0.39811320754716983
21129,2020-03-03 00:00:00,7287.07,6922.72,TRANSFERS ITAU,SALVADOR,2470.44,0.35685973143504285
21130,2020-03-03 00:00:00,119.2,110,TRANSFER BRAD EM 03/03/2020,JORGE,42.24,0.384
21131,2020-03-03 00:00:00,660.4,660.4,PAI RECEBEU - LANCADO EM 12/03,DEUSDETE,303.81,0.4600393700787402
21131,2020-03-03 00:00:00,16.5,16.5,DINHEIRO,1 BARRA 1/4,6.85,0.4151515151515151
21132,2020-03-03 00:00:00,100,100,CREDITO 4 X ,MARCELO - 10 SARR DE 15 CM,37.0,0.37
21133,2020-03-03 00:00:00,106,106,DINHEIRO,FERNANDO - 2 SAP 6 F 3/8 70X40,54.5,0.5141509433962265
21134,2020-03-03 00:00:00,992.14,992.14,TRANSFER ITAU 03/03,SILMARA,385.04,0.38809039046908705
21135,2020-03-03 00:00:00,97.3,97.3,CHEQUE,AABM,38.01,0.3906474820143885
21136,2020-03-03 00:00:00,20,20,DEBITO,2 SARRAFOS 15 CM,7.4,0.37
21137,2020-03-03 00:00:00,24,24,DEBITO,2 PONTALETES,11.4,0.47500000000000003
21138,2020-03-03 00:00:00,90,90,DEBITO,JOSE GOMES,51.5,0.5722222222222222
21139,2020-03-03 00:00:00,12,12,DINHEIRO,1 KG. ARAME,5.0,0.4166666666666667
21139,2020-03-03 00:00:00,903,903,CHEQUE,DEPOSITO SANTO ANTONIO,310.1,0.34341085271317834
21140,2020-03-03 00:00:00,434.33,434.33,CHEQUE,DEPOSITO SANTO ANTONIO,179.45,0.413165104874174
21141,2020-03-04 00:00:00,570.95,570.95,DEBITO,JOSE AUGUSTO,156.3,0.27375426920045537
21142,2020-03-04 00:00:00,36,36,DINHEIRO,JAILTON,14.0,0.3888888888888889
21143,2020-03-04 00:00:00,12,12,DINHEIRO,1 KG. ARAME ,5.0,0.4166666666666667
21144,2020-03-04 00:00:00,24,24,CREDITO 3 X ,GIVANILDO - 1 PREGO + 1 ARAME,10.0,0.4166666666666667
21145,2020-03-04 00:00:00,134.1,127,DINHEIRO,NIDIA,50.77,0.3997637795275591
21146,2020-03-04 00:00:00,50.5,50.5,CREDITO,MAURO,23.95,0.47425742574257423
21147,2020-03-04 00:00:00,320.6,320.6,CHEQUE,CONSTRUTEM,89.6,0.2794759825327511
21148,2020-03-04 00:00:00,90,90,DEBITO,"1 SAP 6 F 3/8 40X30 + 1 3/8 9X15 - 4,00",39.15,0.435
21149,2020-03-04 00:00:00,3460,3460,TRANSFER ITAU 05/03,SILMARA,558.77,0.16149421965317917
21150,2020-03-04 00:00:00,8180.2,8180.2,BOLETOS,WALLS ENGENHARIA,3321.84,0.4060829808562138
21151,2020-03-04 00:00:00,73.5,73.5,CHEQUE,AABM,25.95,0.35306122448979593
21152,2020-03-04 00:00:00,975.88,915,DINHEIRO,JUNIOR ,431.94,0.4720655737704918
21153,2020-03-05 00:00:00,7,7,DEBITO,01 SARRAFO DE 10CM,2.83,0.4042857142857143
21154,2020-03-05 00:00:00,126,126,DEBITO,06 TABUAS DE 30CM,45.12,0.3580952380952381
21155,2020-03-05 00:00:00,36,36,DINHEIRO,01 B 3/8,14.0,0.3888888888888889
21156,2020-03-05 00:00:00,72.6,72.6,TRANSFER ITAU 05/03/2020,JUAREZ DE BRITO,34.59,0.47644628099173564
21157,2020-03-05 00:00:00,42,42,DEBITO,2 TABUAS 30 CM,15.04,0.3580952380952381
21158,2020-03-05 00:00:00,21,21,DEBITO,1 TABUA 30 CM,7.52,0.3580952380952381
21159,2020-03-05 00:00:00,525,525,CHEQUE,PANORAMA,195.0,0.37142857142857144
21160,2020-03-05 00:00:00,668.3,668.3,CREDITO 2 X ,PELEGRINO,278.75,0.4171030974113422
21161,2020-03-05 00:00:00,933,933,CREDITO 02X,PELEGRINO,436.0,0.46730975348338694
21162,2020-03-05 00:00:00,162.2,162.2,CREDITO 3 X ,GIVANILDO,76.72,0.47299630086313194
21163,2020-03-05 00:00:00,334,334,CREDITO 3 X ,GIVANILDO,138.2,0.4137724550898203
21164,2020-03-05 00:00:00,310,290,DINHEIRO,DANIEL,113.6,0.39172413793103444
21165,2020-03-06 00:00:00,28.5,28.5,CREDITO 4 X ,GIVANILDO - 1 TELA,12.0,0.42105263157894735
21166,2020-03-06 00:00:00,902.4,902.4,CREDITO 3 X ,CLOVIS,383.48,0.4249556737588653
21167,2020-03-06 00:00:00,125.1,125.1,DEBITO,CASA CENTRAL PERDIZES,48.87,0.3906474820143885
21168,2020-03-06 00:00:00,819.3,819.3,TRANSFER BRAD EM 16/03/2020,ANTUNINO,423.62,0.517051141218113
21169,2020-03-06 00:00:00,52,50,DEBITO,7 SARRAFO 05 + 2 PONTALETES,22.49,0.4498
21170,2020-03-06 00:00:00,759.9,714,DEBITO,MACHO,282.03,0.39499999999999996
21171,2020-03-06 00:00:00,20,20,DEBITO,2 TABUAS 15 CM ,7.4,0.37
21172,2020-03-06 00:00:00,1742.4,1742.4,BOLETOS,WALLS ENGENHARIA,1012.3,0.5809802571166207
21173,2020-03-07 00:00:00,8,8,DINHEIRO,2 METROS FERRO 3/8 + 4 ESTR 9X15,3.45,0.43125
21174,2020-03-07 00:00:00,525,525,CHEQUE,PANORAMA,195.0,0.37142857142857144
21175,2020-03-07 00:00:00,2207.15,2207.15,TRANSFERS BRADESCO,MINERAÇÃO CAIEIRAS,773.37,0.3503930407992207
21176,2020-03-07 00:00:00,417.2,390,DINHEIRO,DANIEL,180.04,0.4616410256410256
21177,2020-03-09 00:00:00,1548,1548,CHEQUE,BASICO,785.55,0.5074612403100774
21178,2020-03-09 00:00:00,869,869,TRANSFER BRADESCO,ALFA,390.3,0.44913693901035673
21179,2020-03-09 00:00:00,71.5,71.5,TRANSFER BRADESCO,ALFA,29.15,0.4076923076923077
21180,2020-03-09 00:00:00,260,260,TRANSFER BRADESCO,ALFA,95.0,0.36538461538461536
21181,2020-03-09 00:00:00,186,186,TRANSFER BRADESCO,ALFA,62.0,0.3333333333333333
21182,2020-03-09 00:00:00,684.8,684.8,CREDITO 3 X ,CLAUDIO,312.52,0.45636682242990656
21183,2020-03-09 00:00:00,115.44,115.44,TRANSFER BRAD EM 16/03/2020,INOVE,44.56,0.386001386001386
21183,2020-03-09 00:00:00,72,72,CREDITO,6 KG. ARAME ,30.0,0.4166666666666667
21184,2020-03-09 00:00:00,4002,4002.06,TRANSFER BRADESCO,ALFA,1989.82,0.4971989425445895
21185,2020-03-09 00:00:00,518.5,518.5,DEBITO,CASA PALMIERI,161.0,0.3105110896817743
21186,2020-03-09 00:00:00,91,91,DINHEIRO,NIDIA,37.54,0.4125274725274725
21187,2020-03-09 00:00:00,171,165,DEBITO,EDINEI,66.0,0.4
21188,2020-03-09 00:00:00,1533,1533,CREDITO 3 X ,CARLOS,644.5,0.4204174820613177
21189,2020-03-09 00:00:00,347.5,330,DINHEIRO,ELSO / NESTOR,179.55,0.5440909090909092
21190,2020-03-09 00:00:00,631.6,631.6,CREDITO 2 X ,PELEGRINO,242.86,0.38451551614946167
21191,2020-03-09 00:00:00,3476.37,3300,TRANSFER ITAU 10/03,EDINAEL / LUIZ,1534.39,0.4649666666666667
21192,2020-03-09 00:00:00,12,12,DINHEIRO,1 KG. PREGO 18X27,5.0,0.4166666666666667
21193,2020-03-09 00:00:00,438.7,430,DINHEIRO,JOAO BATISTA,177.19,0.41206976744186047
21194,2020-03-09 00:00:00,59,59,CREDITO,2 BARRAS 5/16 + 1/2 KG. ARAME ,23.6,0.4
21195,2020-03-09 00:00:00,840,840,BOLETO PARA 29/03,ALTO DA LAPA,318.6,0.37928571428571434
21196,2020-03-10 00:00:00,12,12,DINHEIRO,01 18X27,5.0,0.4166666666666667
21197,2020-03-10 00:00:00,3,3,DINHEIRO,"3,20M B 5.0",0.96,0.32
21198,2020-03-10 00:00:00,26,26,TRANSFER BRADESCO,ALFA,9.5,0.36538461538461536
21199,2020-03-10 00:00:00,1047.89,990,TRANSFER CAIXA EM 18/03/2020,LUMIAR ENGENHARIA,459.17,0.46380808080808084
21200,2020-03-10 00:00:00,988.65,988.65,CHEQUE,AABM,313.53,0.3171294189045668
21201,2020-03-10 00:00:00,404.5,404.5,CREDITO 3 X ,JORGE / ALEXANDRE,180.7,0.4467243510506798
21202,2020-03-10 00:00:00,384,369,DINHEIRO,MACHO,135.0,0.36585365853658536
21203,2020-03-10 00:00:00,20,20,DINHEIRO,4 DISCOS CORTE,14.2,0.71
21204,2020-03-10 00:00:00,2335,2200,DINHEIRO,EDMILSON - YOSHIMARA,872.27,0.39648636363636364
21205,2020-03-10 00:00:00,200,200,DINHEIRO,DANIEL,78.7,0.3935
21206,2020-03-10 00:00:00,36,36,CREDITO 3 X ,GIVANILDO,14.0,0.3888888888888889
21207,2020-03-10 00:00:00,587.75,560,DINHEIRO,JUNIOR ,231.59,0.4135535714285714
21208,2020-03-10 00:00:00,1355.48,1355.48,CHEQUE,CHARLES,726.38,0.5358839673030956
21209,2020-03-10 00:00:00,2071.66,2071.66,TRANSFERS BRADESCO,GRANICUT ,1081.71,0.5221464912196018
21210,2020-03-11 00:00:00,85.8,85.8,TRANSFER BRADESCO,ALFA,34.98,0.4076923076923077
21211,2020-03-11 00:00:00,497.1,497.1,CHEQUES E ABATIMENTOS CRÉDITO,SALVADOR,281.16,0.5656004828002414
21212,2020-03-11 00:00:00,1543.36,1543.36,CHEQUES E ABATIMENTOS CRÉDITO,SALVADOR,799.36,0.5179348952933859
21213,2020-03-11 00:00:00,45,45,DINHEIRO,"6 PEÇAS 3/8 COM 2,20 M ",20.84,0.4631111111111111
21214,2020-03-11 00:00:00,378.45,378.45,A RECEBER ,REINALDO,220.06,0.5814770775531775
21215,2020-03-11 00:00:00,1814,1814,CHEQUE,DEPOSITO SANTO ANTONIO,660.03,0.36385336273428887
21216,2020-03-11 00:00:00,505.05,467.28,CHEQUE,PRIMOSUL,207.2,0.44341722307824005
21217,2020-03-11 00:00:00,505.75,500,CREDITO 3 X ,REINALDO,231.63,0.46326
21218,2020-03-11 00:00:00,2849.5,2849.5,TRANSFERS BRADESCO,MINERAÇÃO CAIEIRAS,759.65,0.2665906299350763
21219,2020-03-11 00:00:00,96,96,CREDITO,3 BARRAS 3/8,30.0,0.3125
21220,2020-03-11 00:00:00,856.8,856.8,CREDITO 3 X ,RUBENS,392.4,0.4579831932773109
21221,2020-03-11 00:00:00,238.4,238.4,TRANSFER BRAD EM 11/03,PELEGRINO,102.88,0.4315436241610738
21222,2020-03-11 00:00:00,214.2,214.2,TRANSFER BRADESCO,ALFA,97.74,0.45630252100840335
21223,2020-03-12 00:00:00,2420.53,2420.53,DINHEIRO E CREDITO,JOAO,1105.98,0.4569164604446133
21224,2020-03-12 00:00:00,207.05,207,DEBITO E DINHEIRO,FERNANDO,72.0,0.34782608695652173
21225,2020-03-12 00:00:00,748,748,TRANSFER ITAU 16/03/2020,GAZZOTTI,282.7,0.3779411764705882
21226,2020-03-12 00:00:00,81,80,DINHEIRO,EDUARDO,38.54,0.48175
21227,2020-03-12 00:00:00,486,486,CREDITO,TIAGO,197.5,0.4063786008230453
21228,2020-03-12 00:00:00,193.7,193.7,CREDITO,MARÇAL,83.59,0.4315436241610739
21230,2020-03-12 00:00:00,85.8,85.8,TRANSFER BRADESCO,ALFA,34.98,0.4076923076923077
21231,2020-03-12 00:00:00,973.18,973.18,CHEQUES E ABATIMENTOS CRÉDITO,SALVADOR,474.97,0.4880597628393515
21232,2020-03-12 00:00:00,11,11,DINHEIRO,1 PONTALETE,4.7,0.4272727272727273
21233,2020-03-12 00:00:00,1641.42,1641.42,CREDITO 2 X ,PELEGRINO,654.64,0.3988254072693156
21234,2020-03-13 00:00:00,20,20,DINHEIRO,8 METROS FERRO 5/16,9.36,0.46799999999999997
21235,2020-03-13 00:00:00,12360,12360,TRANSFERS ITAU,SALVADOR,3822.22,0.30924110032362456
21236,2020-03-13 00:00:00,464.4,460,DINHEIRO,DEPOSITO CEÁRA,159.48,0.346695652173913
21237,2020-03-13 00:00:00,190.8,180,DINHEIRO,JOSUÉ,71.36,0.39644444444444443
21238,2020-03-13 00:00:00,89,89,DINHEIRO,WILSON ,38.58,0.4334831460674157
21239,2020-03-13 00:00:00,2200.1,2200.1,TRANSFERS BRADESCO,MINERAÇÃO CAIEIRAS,759.25,0.3450979500931776
21240,2020-03-13 00:00:00,1112,1112,CHEQUE,AABM,434.4,0.3906474820143885
21241,2020-03-13 00:00:00,1751.4,1628.7,CHEQUE,PRIMOSUL,561.48,0.3447412046417388
21242,2020-03-14 00:00:00,228.8,228.8,TRANSFER BRADESCO,ALFA,93.28,0.4076923076923077
21243,2020-03-14 00:00:00,134.1,134.1,CREDITO,DENILSON,57.87,0.43154362416107384
21244,2020-03-14 00:00:00,191.2,191.2,CREDITO,PETERSON,79.44,0.41548117154811715
21245,2020-03-14 00:00:00,72,72,CREDITO,02 B 3/8,28.0,0.3888888888888889
21246,2020-03-14 00:00:00,1021,1021,CREDITO 04X,GIOVANNI,462.74,0.4532223310479922
21247,2020-03-14 00:00:00,316.2,316.2,CREDITO 03X,ROSEVALDO,137.29,0.43418722327640735
21248,2020-03-14 00:00:00,1347.5,1340,DEBITO E CREDITO 04X,MARCIO,592.45,0.44212686567164183
21249,2020-03-14 00:00:00,44.7,44,DINHEIRO,03 MTS 3/8 9X15,18.59,0.4225
21250,2020-03-14 00:00:00,2090.9,2090.9,CREDITO 03X,GERALDO,848.85,0.40597350423262707
21251,2020-03-14 00:00:00,150,150,CREDITO,GERALDO,56.48,0.37653333333333333
21252,2020-03-16 00:00:00,26.5,25,DINHEIRO,01 B 5/16,9.05,0.36200000000000004
21253,2020-03-16 00:00:00,16.5,16,DINHEIRO,01 B 1/4,6.35,0.396875
21254,2020-03-16 00:00:00,494.05,494.05,CREDITO 3 X ,EDUARDO,186.81,0.37811962351988665
21255,2020-03-16 00:00:00,611.9,611.9,CHEQUE,CASA E TUBO,266.27,0.43515280274554663
21256,2020-03-16 00:00:00,350,350,DINHEIRO,DEPOSITO IPÊ,130.0,0.37142857142857144
21257,2020-03-16 00:00:00,261.5,261.5,CREDITO 02X,PELEGRINO,104.4,0.3992351816443595
21258,2020-03-16 00:00:00,44.7,44.7,DINHEIRO,"01 3/8 9X15 3,00M",19.29,0.4315436241610738
21259,2020-03-16 00:00:00,525,525,CHEQUES E ABATIMENTOS CRÉDITO,SALVADOR,210.0,0.4
21260,2020-03-16 00:00:00,294.3,294.3,CREDITO 3 X ,KLEBER,130.0,0.4417261297995243
21261,2020-03-16 00:00:00,518.7,518.7,TRANSFER BRAD 30/03/2020,INOVE,258.49,0.49834200886832464
21262,2020-03-17 00:00:00,42,42,DEBITO,"0,76 M2 LAJE + 8 METROS FERRO 08.00",15.02,0.3576190476190476
21263,2020-03-17 00:00:00,3749.48,3600,TRANSFER ITAU 17/03/2020,JUAREZ DE BRITO,1231.96,0.34221111111111113
21264,2020-03-17 00:00:00,48,48,DINHEIRO,4 KG. ARAME ,20.0,0.4166666666666667
21265,2020-03-17 00:00:00,1805.7,1710,DEBITO,CARLOS,841.71,0.4922280701754386
21266,2020-03-17 00:00:00,1320.06,1320.06,CHEQUES E ABATIMENTOS CRÉDITO,SALVADOR,672.0,0.5090677696468342
21267,2020-03-17 00:00:00,2778.18,2600,TRANSFER ITAU 18/03,EDSON,1073.0,0.4126923076923077
21268,2020-03-17 00:00:00,194.94,170,BOLETO,WALLS ENGENHARIA,91.98,0.5410588235294118
21269,2020-03-18 00:00:00,348,348,CHEQUE,BASICO,183.69,0.5278448275862069
21270,2020-03-18 00:00:00,114.4,114.4,TRANSFER BRADESCO,ALFA,46.64,0.4076923076923077
21271,2020-03-18 00:00:00,70.2,70.2,TRANSFER BRADESCO,ALFA,31.38,0.447008547008547
21272,2020-03-18 00:00:00,24,24,DINHEIRO,GILVAN / JEFERSON / CIRLENE,10.0,0.4166666666666667
21273,2020-03-18 00:00:00,542.1,542.1,CREDITO 2 X ,PELEGRINO,211.77,0.3906474820143885
21274,2020-03-18 00:00:00,39.5,39.5,DEBITO,22 ESTR 15X25 + 1 ARAME,25.02,0.6334177215189873
21275,2020-03-18 00:00:00,56,56,DEBITO,3 METROS 3/8 9X15 + 1 ARAME,23.59,0.42125
21276,2020-03-18 00:00:00,375,375,CHEQUES E ABATIMENTOS CRÉDITO,SALVADOR,162.36,0.43296
21277,2020-03-18 00:00:00,138,138,CHEQUE,AABM,70.12,0.5081159420289856
21278,2020-03-19 00:00:00,85.5,85.5,CREDITO,03 TELAS 20X20,35.25,0.41228070175438597
21279,2020-03-19 00:00:00,247.5,247.5,DEBITO,CLOVIS,102.75,0.41515151515151516
21280,2020-03-19 00:00:00,128.7,128.7,TRANSFER BRADESCO,ALFA,52.47,0.40769230769230774
21281,2020-03-19 00:00:00,2569,2440,DEBITO,CARLOS,651.54,0.2670245901639344
21282,2020-03-19 00:00:00,12,12,DINHEIRO,1 KG. PREGO 18X27,5.0,0.4166666666666667
21283,2020-03-19 00:00:00,25,25,DEBITO,8 METROS FERRO 3/8,10.36,0.4144
21284,2020-03-20 00:00:00,572,572,TRANSFER BRADESCO,ALFA,233.2,0.4076923076923077
21285,2020-03-20 00:00:00,1123.7,1040.7,TRANSFER BRADESCO,WILLIAM,309.69,0.29757855289708846
21286,2020-03-20 00:00:00,333.6,333.6,CREDITO,CASA CENTRAL PERDIZES,130.32,0.3906474820143884
21287,2020-03-20 00:00:00,41.7,41.7,CHEQUE,AABM,16.29,0.3906474820143884
21288,2020-03-20 00:00:00,837.6,837.6,TRANSFER BRADESCO ,MINERAÇÃO CAIEIRAS,448.32,0.5352435530085959
21289,2020-03-20 00:00:00,67.05,67.05,CREDITO,JOAO,28.94,0.4316181953765847
21290,2020-03-21 00:00:00,333.1,333.1,CREDITO 4 X ,GIVANILDO,140.05,0.4204443110177124
21291,2020-03-21 00:00:00,59.6,59.6,CREDITO,PELEGRINO,25.72,0.4315436241610738
21292,2020-03-21 00:00:00,955.5,955.5,TRANSFER BRADESCO,ALFA,410.25,0.4293563579277865
21293,2020-03-21 00:00:00,79.5,79.5,CREDITO 4 X ,GIVANILDO,31.65,0.3981132075471698
21294,2020-03-21 00:00:00,402.3,402.3,CREDITO 3 X ,CARLOS,173.61,0.43154362416107384
21295,2020-03-21 00:00:00,20.25,20.25,CREDITO 4 X ,GIVANILDO,8.43,0.4162962962962963
21296,2020-03-23 00:00:00,114.4,114.4,TRANSFER BRAD EM 12/06/2020,ALFA,46.64,0.4076923076923077
21297,2020-03-23 00:00:00,34,34,DEBITO,"40 ESTRIBOS 0,20CM 4,2MM",18.0,0.5294117647058824
21298,2020-03-23 00:00:00,36,36,DEBITO,04 B 3/16,17.0,0.4722222222222222
21299,2020-03-23 00:00:00,39,39,CREDITO 4 X ,01 CONDUITE - GIVANILDO,21.76,0.557948717948718
21300,2020-03-23 00:00:00,48,48,DINHEIRO,03 ARAMES 01 18X27,20.0,0.4166666666666667
21301,2020-03-23 00:00:00,425.6,425.6,CREDITO 2 X ,PELEGRINO,166.6,0.3914473684210526
21302,2020-03-23 00:00:00,474.3,474.3,CREDITO 3 X ,EDNA,211.67,0.44627872654438117
21303,2020-03-23 00:00:00,1089.5,1030,TRANSFER BRADESCO EM ,TATI,407.4,0.39553398058252426
21304,2020-03-23 00:00:00,5,5,DINHEIRO,1 DISCO CORTE,3.55,0.71
21305,2020-03-23 00:00:00,272,272,DINHEIRO,ADRIANO,130.24,0.47882352941176476
21306,2020-03-23 00:00:00,89.4,89.4,CREDITO,"2 COL 3/8 9X15 - 3,00",38.58,0.4315436241610738
21307,2020-03-23 00:00:00,152.4,152.4,CHEQUE,AABM,67.64,0.44383202099737534
21308,2020-03-23 00:00:00,822.85,800,DINHEIRO,DEPOSITO CEARA,228.15,0.2851875
21309,2020-03-23 00:00:00,89,89,CREDITO 3 X ,AILTON - OFICINA ,35.1,0.3943820224719101
21310,2020-03-23 00:00:00,250.2,250.2,CHEQUE,AABM,97.74,0.3906474820143885
21311,2020-03-23 00:00:00,1249.98,1249.98,CREDITO 3 X ,AILTON - OFICINA ,585.68,0.46855149682394914
21312,2020-03-23 00:00:00,2139.4,2000,TRANSFER BRADESCO EM 25/03,MARCELO,799.99,0.399995
21313,2020-03-24 00:00:00,66,60,DINHEIRO,06 PONTALETES,22.2,0.37
21314,2020-03-24 00:00:00,910,910,TRANSFER BRAD EM 12/06/2020,ALFA,323.75,0.3557692307692308
21316,2020-03-24 00:00:00,72,72,CREDITO,2 BARRAS 3/8,28.0,0.3888888888888889
21317,2020-03-24 00:00:00,4052.6,4052.6,CREDITO 5 X ,PAULO,1732.15,0.4274169668854563
21318,2020-03-24 00:00:00,10,10,DINHEIRO,02 DISCOS DE CORTE,7.1,0.71
21319,2020-03-24 00:00:00,1530,1530,CREDITO 2 X ,PELEGRINO,846.0,0.5529411764705883
21320,2020-03-24 00:00:00,67,67,DINHEIRO,"1 COL 3/8 9X15 - 4,50",28.89,0.4311940298507463
21321,2020-03-24 00:00:00,209.3,209.3,DEBITO,FERNANDO,103.81,0.4959866220735786
21322,2020-03-24 00:00:00,1045.6,990,TRANSFER CAIXA EM 24/03/2020,JEFFERSON,364.7,0.36838383838383837
21323,2020-03-24 00:00:00,40.5,40.5,DEBITO,ARILDO,23.83,0.5883950617283951
21324,2020-03-25 00:00:00,142.5,142.5,DEBITO,VALMIR,58.75,0.41228070175438597
21325,2020-03-25 00:00:00,463.5,463.5,CREDITO 2 X ,PELEGRINO,199.75,0.43096008629989213
21326,2020-03-25 00:00:00,108,100,TRANSFER BRADESCO EM 25/03,MARCELO,49.09,0.49090000000000006
21327,2020-03-25 00:00:00,642.6,642.6,CREDITO 3 X ,CARLOS,294.3,0.4579831932773109
21328,2020-03-25 00:00:00,351,351,TRANSFER ITAU 25/03,ADENILSON,149.7,0.4264957264957265
21329,2020-03-26 00:00:00,324,324,CREDITO 3 X ,CARLOS,120.24,0.3711111111111111
21330,2020-03-26 00:00:00,986.9,986.9,CHEQUE,AABM,385.53,0.3906474820143885
21331,2020-03-26 00:00:00,13,13,DINHEIRO,1 KG. PREGO 17X21,5.35,0.4115384615384615
21332,2020-03-26 00:00:00,60,60,DINHEIRO,5 METROS 5/16 9X15,27.75,0.4625
21333,2020-03-26 00:00:00,324,310,DEBITO,CARLOS,112.0,0.36129032258064514
21334,2020-03-27 00:00:00,458.15,435,DINHEIRO,MARCELO,185.05,0.42540229885057473
21335,2020-03-27 00:00:00,125.1,125.1,CHEQUE,AABM,48.87,0.3906474820143885
21336,2020-03-27 00:00:00,15,15,DINHEIRO,"12 CARANGUEIJO 5/16 - 0,60 CM",5.43,0.362
21337,2020-03-27 00:00:00,468.36,468.36,TRANSFER CAIXA 27/03,CONSTRUTORA SANDIM,249.88,0.5335212229908617
21338,2020-03-27 00:00:00,170,170,DINHEIRO,4 SAP 3/8 50X30 6F E 01 TORCIDO,86.32,0.5077647058823529
21339,2020-03-27 00:00:00,299.9,299.9,CHEQUE,DEP SANTO ANTONIO,132.47,0.4417139046348783
21340,2020-03-28 00:00:00,166.8,166.8,CREDITO,PELEGRINO,65.16,0.3906474820143884
21341,2020-03-30 00:00:00,48,48,CREDITO 3 X ,EDNA,20.0,0.4166666666666667
21342,2020-03-30 00:00:00,46.8,46.8,TRANSFER BRAD EM 12/06/2020,ALFA,21.0,0.44871794871794873
21343,2020-03-30 00:00:00,4776.82,4776.82,TRANSFER BRAD EM 12/06/2020,ALFA,1925.52,0.40309662076444164
21344,2020-03-30 00:00:00,79.5,79.5,CHEQUE,AABM,28.87,0.3631446540880503
21345,2020-03-30 00:00:00,9,9,DINHEIRO,01 B 3/16,4.25,0.4722222222222222
21344,2020-03-30 00:00:00,597.65,570,DEBITO,JESSICA - LUIS PERUA,257.86,0.4523859649122807
21345,2020-03-30 00:00:00,440.65,440.65,TRANSFER BRAD EM 12/06/2020,ALFA,172.26,0.39092250085101554
21346,2020-03-31 00:00:00,3000,3000,TRANSFER BRADESCO 30/03,PAULO - DEPOSITO JH,1138.36,0.3794533333333333
21347,2020-03-31 00:00:00,65,65,DINHEIRO,2 BARRAS 5/16 + 1 ARAME,26.1,0.40153846153846157
21348,2020-03-31 00:00:00,493.35,493.35,CREDITO 3 X ,RAFAEL,212.55,0.4308300395256917
21349,2020-03-31 00:00:00,44.7,50,DINHEIRO,"01 3/8 9X15 3,00M",24.59,0.4918
21350,2020-03-31 00:00:00,149.5,149.5,CHEQUE,AABM,39.5,0.26421404682274247
21351,2020-03-31 00:00:00,24,24,CREDITO ,2 KG. PREGO 18X27,10.0,0.4166666666666667
21352,2020-03-31 00:00:00,60,60,DINHEIRO,15 SARRAFOS 05 CM ,28.05,0.4675
21353,2020-03-31 00:00:00,26.5,26.5,DEBITO,1 BARRA 5/16,10.55,0.39811320754716983
21354,2020-03-31 00:00:00,311.6,310,DINHEIRO,PANORAMA,134.98,0.43541935483870964
21355,2020-03-31 00:00:00,4732.13,4730,TRANSFER ITAU 31/03,EVERALDO,2078.94,0.43952219873150106
21356,2020-03-31 00:00:00,176.22,176.22,CHEQUE,CHARLES,113.57,0.6444784927930995
21357,2020-03-31 00:00:00,207.4,207.4,CREDITO,PETERSON,85.78,0.41359691417550626
Meta,,170000,,, SALÁRIOS + SÁBADOS,11140.0,
Percentual atingido,,0.9908125882352937,,,,,
Meta diária,,7727.27,,,,56968.770000000004,12817.973250000001
21358,2020-04-01 00:00:00,350,350,CREDITO,APOIO TINTAS,130.0,0.37142857142857144
21359,2020-04-01 00:00:00,2507.68,2200,TRANSFERS ITAU,EDINAEL ,939.81,0.4271863636363636
21360,2020-04-01 00:00:00,421.75,421.75,CREDITO 3 X ,EDNA,181.0,0.42916419679905154
21361,2020-04-01 00:00:00,439.8,439.8,TRANSFER BRAD EM 12/06/2020,ALFA,221.55,0.5037517053206003
21362,2020-04-01 00:00:00,18,18,DINHEIRO,PEÇAS FERRO ,9.0,0.5
21363,2020-04-01 00:00:00,65,65,CREDITO,"1 3/8 15X20 - 2,50 + 1 3/8 9X15 - 1,50",30.23,0.4650769230769231
21364,2020-04-01 00:00:00,49.5,49.5,DEBITO,ADEMIR,23.52,0.47515151515151516
21365,2020-04-01 00:00:00,44.7,44.7,DEBITO,"01 3/8 9X15 3,00M",19.2,0.4295302013422818
21366,2020-04-02 00:00:00,423.5,423.5,CREDITO 3 X ,CARLOS ,171.46,0.4048642266824085
21367,2020-04-02 00:00:00,520,520,TRANSFER BRAD EM 12/06/2020,ALFA,180.0,0.34615384615384615
21368,2020-04-02 00:00:00,155.5,155.5,CHEQUE,CHARLES,83.75,0.5385852090032154
21369,2020-04-02 00:00:00,951.6,920,TRANSFER ITAU 02/04/2020,ROBERTO MORAES,419.37,0.4558369565217391
21370,2020-04-02 00:00:00,40,40,DINHEIRO,10 SARRAFOS 05,18.7,0.46749999999999997
21371,2020-04-02 00:00:00,173,173,DEBITO,MAURO,94.6,0.5468208092485549
21372,2020-04-03 00:00:00,37,37,DINHEIRO,EDNA - 2 ARAME + 1 17X21,15.65,0.422972972972973
21373,2020-04-03 00:00:00,12,12,CREDITO 4 X ,01 TORCIDO / GIVANILDO,5.0,0.4166666666666667
21374,2020-04-03 00:00:00,261.8,261.8,DEBITO,ZEN,102.96,0.3932773109243697
21375,2020-04-03 00:00:00,44.7,44.7,CREDITO 4 X ,"GIVANILDO - 1 3/8 9X15 - 3,00",19.2,0.4295302013422818
21376,2020-04-03 00:00:00,75,75,DINHEIRO,3 BARRAS 5/16,27.15,0.362
21377,2020-04-03 00:00:00,3031.5,3031.5,TRANSFERS BRADESCO,MINERAÇÃO CAIEIRAS,981.0,0.3236021771400297
21378,2020-04-04 00:00:00,289.1,289.1,CREDITO 4 X ,GIVANILDO,125.9,0.43548945001729505
21379,2020-04-06 00:00:00,670.5,670.5,CREDITO 3 X ,ITALO ,288.0,0.42953020134228187
21380,2020-04-06 00:00:00,457.6,457.6,TRANSFER BRAD EM 12/06/2020,ALFA,185.6,0.40559440559440557
21381,2020-04-06 00:00:00,894,840,DINHEIRO,MARTINHO,335.04,0.39885714285714285
21382,2020-04-06 00:00:00,230,200,DINHEIRO,MARTINHO,87.1,0.4355
21383,2020-04-06 00:00:00,250.6,250.6,TRANSFER BRAD 09/04,INOVE MOEMA,106.81,0.42621707901037514
21384,2020-04-06 00:00:00,114,110,DINHEIRO,IZALTINO,48.1,0.4372727272727273
21385,2020-04-06 00:00:00,289.5,280,DEBITO,MESSIAS,115.07,0.41096428571428567
21386,2020-04-06 00:00:00,775,775,DINHEIRO,CENTER MENDONÇA,349.52,0.45099354838709677
21387,2020-04-06 00:00:00,196.5,196.5,DEBITO,FERNANDO,80.28,0.4085496183206107
21388,2020-04-06 00:00:00,558,558,DEBITO,SEBASTIÃO,254.48,0.45605734767025086
21389,2020-04-06 00:00:00,683.9,683.9,CHEQUE,AABM,211.0,0.3085246381049861
21390,2020-04-06 00:00:00,1020.6,1020.6,CREDITO 3 X ,AILTON,527.58,0.5169312169312169
21391,2020-04-06 00:00:00,96,96,CREDITO 3 X ,MARCIO - 28 METROS FERRO 3/8 + 1 ARAME,37.76,0.3933333333333333
21392,2020-04-06 00:00:00,321.6,320,DINHEIRO,VALDECI,145.8,0.45562500000000006
21393,2020-04-06 00:00:00,44.7,44.7,DINHEIRO,"EDNA 1 3/8 9X20 - 3,00",19.2,0.4295302013422818
21394,2020-04-06 00:00:00,271.8,250,DINHEIRO,COLEGIO SÃO LUIZ GONZAGA,100.08,0.40032
21395,2020-04-06 00:00:00,120.5,120.5,"ABATEU CREDITO DE $ 136,55",LUIS - RUA SEBASTIAO AFONSO REIS,51.62,0.4283817427385892
21396,2020-04-06 00:00:00,845,845,DEBITO,CARLOS ,295.1,0.34923076923076923
21397,2020-04-06 00:00:00,89.4,89.4,TRANSFER BRAD 09/04,INOVE MOEMA,37.44,0.4187919463087248
21398,2020-04-07 00:00:00,39,39,DINHEIRO,01 CONDUITE,21.76,0.557948717948718
21399,2020-04-07 00:00:00,335.25,335,DEBITO,FERNANDO,143.75,0.4291044776119403
21400,2020-04-07 00:00:00,478.8,479,CHEQUE,CASA E TUBO,207.9,0.4340292275574113
21401,2020-04-07 00:00:00,77.75,77.75,CHEQUE,CHARLES,41.75,0.5369774919614148
21402,2020-04-07 00:00:00,1174,1174,03X,MARCIO,295.56,0.25175468483816016
21403,2020-04-07 00:00:00,474,474,DEBITO,CARLOS ,257.32,0.5428691983122362
21404,2020-04-07 00:00:00,71.7,71.7,CHEQUE,AABM,19.5,0.2719665271966527
21405,2020-04-07 00:00:00,57.3,57.3,CREDITO 3 X ,GIVANILDO,22.92,0.4
21406,2020-04-07 00:00:00,456,456,CREDITO 2 X ,APOIO TINTAS,233.8,0.512719298245614
21407,2020-04-07 00:00:00,1733.63,1733.63,BNDES,LAINETTI,603.35,0.3480269723066629
21408,2020-04-08 00:00:00,57.2,57.2,TRANSFER BRAD EM 12/06/2020,ALFA,23.2,0.40559440559440557
21409,2020-04-08 00:00:00,50,50,CREDITO,ZEN 3 18X27 + 2 ARAMES,15.0,0.3
21410,2020-04-08 00:00:00,27,27,DINHEIRO,03 CXS LAJE E 01 TORCIDO,16.01,0.592962962962963
21411,2020-04-08 00:00:00,26.5,26.5,DINHEIRO,1 BARRA 5/16,10.55,0.39811320754716983
21412,2020-04-08 00:00:00,298,298,DEBITO,TATI,128.0,0.42953020134228187
21413,2020-04-08 00:00:00,1059.4,1000,TRANSFER ITAU 08/04/2020,ADRIANO,405.47,0.40547000000000005
21414,2020-04-08 00:00:00,10,10,CREDITO 03X,EDNA - 2 DISCOS ,7.1,0.71
21415,2020-04-08 00:00:00,85.5,85.5,CREDITO 3 X ,AILTON,36.0,0.42105263157894735
21416,2020-04-08 00:00:00,180,175,DINHEIRO,04 B 3/8 E 01 SAP 3/8 43X43 6F,68.44,0.39108571428571426
21417,2020-04-08 00:00:00,2065.2,2065.2,CHEQUE,DEPOSITO SANTO ANTONIO,962.04,0.4658338175479373
21418,2020-04-08 00:00:00,1087.5,1087.5,DEBITO,CASA CENTRAL PERDIZES,262.5,0.2413793103448276
21419,2020-04-08 00:00:00,2778,2778,TRANSFERS BRADESCO,MINERAÇÃO CAIEIRAS,632.0,0.22750179985601152
21420,2020-04-08 00:00:00,160.3,160,DEBITO,DEPOSITO JH,41.3,0.258125
21421,2020-04-09 00:00:00,157.3,157.3,TRANSFER BRAD EM 12/06/2020,ALFA,63.8,0.40559440559440557
21422,2020-04-09 00:00:00,1431.13,1359.57,TRANSFER ITAU 09/04/2020,MARIA LUIZA BORGES,537.52,0.3953602977411976
21423,2020-04-09 00:00:00,91.5,91.5,DEBITO,ANTONIO,34.64,0.3785792349726776
21424,2020-04-09 00:00:00,125,125,CREDITO 3 X ,2 BARRAS 3/8 + 2 BARRAS 5/16,49.0,0.392
21425,2020-04-09 00:00:00,344,344,DINHEIRO,DEPOSITO CEARA,118.6,0.3447674418604651
21426,2020-04-09 00:00:00,160.6,160.6,CREDITO,DENILSON,67.48,0.4201743462017435
21427,2020-04-09 00:00:00,30,30,CREDITO 3 X ,AILTON,11.1,0.37
21428,2020-04-09 00:00:00,1071.5,1071.5,TRANSFERS ITAU,GRANICUT,421.9,0.3937470835277648
21429,2020-04-11 00:00:00,57.2,57.2,TRANSFER BRAD EM 12/06/2020,ALFA,23.2,0.40559440559440557
21430,2020-04-11 00:00:00,74.5,70,DINHEIRO,"01 3/8 9X20 5,00M",27.5,0.39285714285714285
21431,2020-04-11 00:00:00,123.4,123.4,CREDITO,PELEGRINO,44.4,0.359805510534846
21432,2020-04-11 00:00:00,80,80,DEBITO,06 MTS B 1/2 E 01 COMPOUND,32.15,0.401875
21433,2020-04-11 00:00:00,13.5,13.5,DEBITO,18 ESTRIBOS 20X20 5.0,3.71,0.2748148148148148
21434,2020-04-11 00:00:00,12,12,DEBITO,01 ARAME,5.0,0.4166666666666667
21435,2020-04-13 00:00:00,278.56,278.56,CHEQUE,AABM,120.54,0.43272544514646755
21436,2020-04-13 00:00:00,140.4,140.4,TRANSFER BRADESCO 15/04,INOVE MOEMA,61.83,0.4403846153846154
21437,2020-04-13 00:00:00,46.8,46.8,TRANSFER BRAD EM 12/06/2020,ALFA,20.08,0.42905982905982903
21438,2020-04-13 00:00:00,274,274,CREDITO 03X,EDNA,109.4,0.39927007299270073
21439,2020-04-13 00:00:00,354.32,336.6,TRANSFER BRAD 14/04,MARIA LUIZA BORGES,153.09,0.4548128342245989
21440,2020-04-13 00:00:00,290.55,270,DINHEIRO,MARTINHO,124.8,0.4622222222222222
21441,2020-04-13 00:00:00,396.1,396.1,CHEQUE,AABM,152.5,0.3850037869224943
21442,2020-04-13 00:00:00,78.75,78.75,DINHEIRO,COLEGIO SÃO LUIZ GONZAGA,33.0,0.41904761904761906
21443,2020-04-13 00:00:00,108.75,108.75,DEBITO,CASA CENTRAL PERDIZES,21.75,0.2
21444,2020-04-14 00:00:00,1932.9,1932.9,CREDITO 4 X ,MARCOS,849.04,0.43925707486160687
21445,2020-04-14 00:00:00,201.1,195,DEBITO,FRANCISCO,70.65,0.36230769230769233
21446,2020-04-14 00:00:00,461.9,461.9,CREDITO 3 X ,EDYPO CARLOS,198.4,0.4295302013422819
21447,2020-04-14 00:00:00,48,48,CREDITO 03X,EDNA  - 1 3/8 + 1 ARAME,18.9,0.39375
21448,2020-04-14 00:00:00,5,5,DINHEIRO,"3,20 METROS 1/4",2.42,0.484
21449,2020-04-14 00:00:00,48,48,DINHEIRO,2 TELAS 3.4 20X20,13.2,0.27499999999999997
21450,2020-04-14 00:00:00,812,812,TRANSFER BRAD EM 12/06/2020,ALFA,676.76,0.8334482758620689
21451,2020-04-15 00:00:00,350,350,DINHEIRO,CONSTRU IPE,130.0,0.37142857142857144
21452,2020-04-15 00:00:00,116.2,116.2,CHEQUE,AABM,41.32,0.35559380378657485
21453,2020-04-15 00:00:00,1886.85,1886.85,TRANSFERS BRADESCO,MINERAÇÃO CAIEIRAS,746.4,0.3955799348119882
21454,2020-04-15 00:00:00,373.2,373.2,TRANSFER BRAD 20/04,INOVE MOEMA,148.98,0.39919614147909965
21455,2020-04-15 00:00:00,101.8,100,DEBITO,"2 BARRAS 3/8 + 1 3/8 9X15 - 2,00",38.8,0.38799999999999996
21456,2020-04-15 00:00:00,674.09,674.09,CREDITO 3 X ,LUIS / GUTO,284.69,0.42233232951089617
21457,2020-04-16 00:00:00,44.7,44.7,DINHEIRO,"01 3/8 9X15 3,00M",19.2,0.4295302013422818
21458,2020-04-16 00:00:00,35.7,35,DEBITO,"01 5/16 9X15 3,00M",14.96,0.42742857142857144
21459,2020-04-16 00:00:00,49,49,DINHEIRO,07 SARRAFOS DE 10CM,19.81,0.40428571428571425
21460,2020-04-16 00:00:00,41.7,41.7,DINHEIRO,"1 COL 3/8 9X15 - 3,00",16.2,0.3884892086330935
21461,2020-04-16 00:00:00,28.5,28.5,DINHEIRO,1 TELA 3.4 20X20,11.1,0.3894736842105263
21462,2020-04-16 00:00:00,134.1,130,DINHEIRO,9 METROS 3/8 9X20,53.5,0.4115384615384615
21463,2020-04-16 00:00:00,24,24,DEBITO,2 KG. ARAME ,10.0,0.4166666666666667
21464,2020-04-16 00:00:00,60,60,CREDITO 03 X ,AILTON,25.0,0.4166666666666667
21465,2020-04-16 00:00:00,45,45,DINHEIRO,02 B 1/4 E 01 19X36,18.7,0.41555555555555557
21466,2020-04-16 00:00:00,383.85,383.85,CREDITO 3 X ,LUIS / GUTO,186.22,0.48513742347271066
21467,2020-04-16 00:00:00,194,194,TRANFER BRAD EM 16/04/2020,MARCELO,80.25,0.41365979381443296
21468,2020-04-16 00:00:00,448.5,440,DEBITO,DEPOSITO JH,117.0,0.26590909090909093
21469,2020-04-17 00:00:00,121.5,120,DEBITO,SEBASTIAO,46.85,0.3904166666666667
21470,2020-04-17 00:00:00,1330.9,1264.35,TRANSFER CAIXA EM 17/04,MARCELO - INTERLAGOS,450.05,0.35595365207418833
21471,2020-04-17 00:00:00,57,57,DEBITO,2 TELAS 3.4 20X20,22.2,0.3894736842105263
21472,2020-04-18 00:00:00,221.55,221.55,CREDITO,DENILSON,83.88,0.37860528097494917
21473,2020-04-18 00:00:00,10,10,DEBITO,2 METROS FERRO 1/2,4.21,0.421
21474,2020-04-18 00:00:00,42.9,42.9,TRANSFER BRAD EM 12/06/2020,"ALFA - 1 3/8 9X15 - 3,00",17.4,0.40559440559440557
21475,2020-04-18 00:00:00,140.8,135,DINHEIRO E DEBITO,JAIR ,49.0,0.362962962962963
21476,2020-04-18 00:00:00,625.65,594.36,TRANSFER CAIXA EM 20/04,MARCELO - BUTANTÃ,228.39,0.3842620633959216
21477,2020-04-18 00:00:00,22,22,DINHEIRO,6 METROS 5/16 + 1 BARRA 3/16,8.29,0.3768181818181818
21478,2020-04-20 00:00:00,369.6,369.6,CREDITO 5 X ,EDNA,158.6,0.42911255411255406
21479,2020-04-20 00:00:00,1965.35,1965.35,CREDITO 03 X ,AILTON,924.38,0.47033861653140663
21480,2020-04-20 00:00:00,995,950,DINHEIRO,JOÃO,357.7,0.37652631578947365
21481,2020-04-20 00:00:00,783.9,666.65,CHEQUE,PRIMOSUL,363.14,0.5447236180904522
21482,2020-04-20 00:00:00,30,30,DINHEIRO,6 METROS FERRO 3/8 + 1 ARAME,11.95,0.3983333333333333
21483,2020-04-20 00:00:00,410.65,410.65,CREDITO 3 X ,VALMIR,140.94,0.34321198100572264
21484,2020-04-20 00:00:00,20,20,DINHEIRO,2 KG. ARAME ,6.0,0.3
21485,2020-04-20 00:00:00,595.5,595.5,CHEQUE,AABM,258.78,0.4345591939546599
21486,2020-04-20 00:00:00,135,135,CREDITO 2 X ,MESSIAS - 3 TELAS 3.4 15X15,51.66,0.38266666666666665
21487,2020-04-20 00:00:00,1144.8,1088,TRANSFER ITAU 20/04/2020,DANIELA,532.8,0.48970588235294116
21488,2020-04-20 00:00:00,3228,3213,CREDITO 6 X ,TATI,1095.71,0.3410239651416122
21489,2020-04-20 00:00:00,12,12,DINHEIRO,4 METROS FERRO 3/8,4.63,0.3858333333333333
21490,2020-04-20 00:00:00,72,70,DINHEIRO,01 3/8 40X40 6F 01 BARRA 3/8,28.63,0.409
21491,2020-04-22 00:00:00,46.8,46.8,TRANSFER BRAD EM 12/06/2020,ALFA,20.08,0.42905982905982903
21492,2020-04-22 00:00:00,1344.45,1344.45,CREDITO 4 X ,JOSE XAVIER,445.08,0.33104987169474503
21493,2020-04-22 00:00:00,768.75,768.75,CREDITO 3 X ,GUILHERME ,315.1,0.40988617886178863
21494,2020-04-22 00:00:00,3146.75,3146.75,CREDITO 4 X ,TIAGO,699.0,0.22213394772384207
21495,2020-04-22 00:00:00,36,36,CREDITO 5 X ,EDNA - 1 BARRA 3/8,13.9,0.3861111111111111
21496,2020-04-22 00:00:00,321.2,305,DINHEIRO,FRANCISCO MARTINS,118.76,0.3893770491803279
21497,2020-04-22 00:00:00,120,120,DINHEIRO,3 SAP 6 F 3/8 50X30,62.19,0.51825
21498,2020-04-22 00:00:00,2860.7,2860.7,TRANSFERS BRADESCO,MINERAÇÃO CAIEIRAS,850.26,0.29722095990491837
21499,2020-04-22 00:00:00,35,35,DINHEIRO,"1 3/8 20X20 - 2,00 M ",16.68,0.4765714285714286
21500,2020-04-22 00:00:00,1452.75,1452.75,CREDITO 3 X,CARLOS ,624.0,0.42953020134228187
21501,2020-04-22 00:00:00,71.4,71.4,TRANSFER ITAU 11/05/2020,GRANICUT,31.32,0.43865546218487395
21502,2020-04-23 00:00:00,42.9,42.9,TRANSFER BRAD EM 12/06/2020,ALFA,17.4,0.40559440559440557
21503,2020-04-23 00:00:00,114.4,114.4,TRANSFER BRAD EM 12/06/2020,ALFA,68.0,0.5944055944055944
21504,2020-04-23 00:00:00,520,520,TRANSFER BRAD EM 12/06/2020,ALFA,172.0,0.33076923076923076
21505,2020-04-23 00:00:00,10,10,DINHEIRO,01 B 4.2,4.53,0.453
21506,2020-04-23 00:00:00,664.18,600,TRANSFER ITAU 22/04/2020,RONALDO - NEO BUTANTÃ,225.77,0.37628333333333336
21507,2020-04-23 00:00:00,2191.55,2000,TRANSFER ITAU 23/04/2020,WELLINGTON,790.43,0.395215
21508,2020-04-23 00:00:00,331.55,315,DINHEIRO,EDSON ,97.3,0.3088888888888889
21509,2020-04-23 00:00:00,296.1,296.1,CHEQUE,AABM,119.4,0.40324214792299895
21510,2020-04-23 00:00:00,20,20,DINHEIRO,8 METROS FERRO 5/16,9.36,0.46799999999999997
21511,2020-04-23 00:00:00,223.5,210,DINHEIRO,GIVANILDO / JOÃO,96.0,0.45714285714285713
21512,2020-04-23 00:00:00,89.4,89.4,DEBITO,FRANCISCO,38.4,0.4295302013422818
21513,2020-04-23 00:00:00,366.65,366.65,DEBITO,DENILSON,115.69,0.3155325242056457
21514,2020-04-23 00:00:00,476,476,CREDITO 3 X,CARLOS ,218.0,0.4579831932773109
21516,2020-04-23 00:00:00,84,80,DINHEIRO,28 METROS B 3/8,28.48,0.356
21517,2020-04-23 00:00:00,13,13,DINHEIRO,"4,80 METROS FERRO 5/16",6.61,0.5084615384615385
21518,2020-04-23 00:00:00,175.36,160,TRANSFER ITAU 23/04/2020,WELLINGTON,69.34,0.433375
21519,2020-04-24 00:00:00,248.1,248.1,DEBITO,SILAS,98.78,0.3981459089076985
21519,2020-04-24 00:00:00,53,53,DEBITO,02 B 5/16,19.76,0.37283018867924533
21520,2020-04-24 00:00:00,56,55,DINHEIRO,01 B 3/8 E 02 TAB DE 15CM,20.3,0.3690909090909091
21521,2020-04-24 00:00:00,283.8,280,DINHEIRO,DEPOSITO CEARA,77.4,0.27642857142857147
21522,2020-04-24 00:00:00,348.9,348.9,BOLETO 29/05/2020,ALTO DA LAPA,137.4,0.39380911435941535
21523,2020-04-24 00:00:00,370,370,TRANSFER BRAD EM 24/04,TIAGO TABORDA,275.15,0.7436486486486485
21524,2020-04-24 00:00:00,1153.88,1153.88,CHEQUE,PRIMOSUL,470.98,0.40817069365965264
21525,2020-04-25 00:00:00,271.95,260,DEBITO,SEBASTIAO,130.01,0.5000384615384615
21526,2020-04-25 00:00:00,47.8,47.8,CHEQUE,AABM,13.0,0.27196652719665276
21527,2020-04-25 00:00:00,12,12,DINHEIRO,"1 PDÇ 3/8 - 4,00M",4.64,0.38666666666666666
21528,2020-04-25 00:00:00,750,750,CREDITO 02X,JARBAS,470.0,0.6266666666666667
21529,2020-04-25 00:00:00,907.2,900,CREDITO 04X,BETE,395.41,0.4393444444444445
21530,2020-04-27 00:00:00,457.5,450,DINHEIRO,MACHO,173.7,0.38599999999999995
21531,2020-04-27 00:00:00,296.8,290,CREDITO,SONIA,114.52,0.3948965517241379
21532,2020-04-27 00:00:00,109.85,109.85,DEBITO,GUTO,49.66,0.45207100591715976
21533,2020-04-27 00:00:00,36,36,CREDITO 5 X ,EDNA - 1 BARRA 3/8,13.9,0.3861111111111111
21534,2020-04-27 00:00:00,578.6,578.6,CREDITO 3 X ,ADENILSON,274.2,0.4739025233321811
21535,2020-04-27 00:00:00,48,48,CREDITO,1 BARRA 3/8 + 1 ARAME,18.9,0.39375
21536,2020-04-27 00:00:00,78,78,CREDITO,4 TABUAS 20 + 2 KG. PREGO 18X27,30.64,0.39282051282051283
21537,2020-04-27 00:00:00,1280,1280,TRANSFER ITAU 27/04,JARBAS,396.0,0.309375
21538,2020-04-27 00:00:00,74.5,74.5,CREDITO,5 METROS 3/8 7X20,32.0,0.42953020134228187
21539,2020-04-27 00:00:00,260,260,TRANSFER BRAD EM 29/04/2020,INOVE MOEMA,93.0,0.3576923076923077
21540,2020-04-27 00:00:00,15,15,DINHEIRO,30 ESTRIBOS 9X20,8.4,0.56
21541,2020-04-27 00:00:00,20,20,DINHEIRO,1 TABUA 30 CM,6.52,0.32599999999999996
21542,2020-04-27 00:00:00,685.4,685.4,CREDITO 5 X ,EDNA,294.4,0.42953020134228187
21543,2020-04-28 00:00:00,454.7,454.7,DINHEIRO,JOAO / GIVANILDO,258.22,0.5678909170881901
21544,2020-04-28 00:00:00,190.8,190,DINHEIRO,MACHO,81.45,0.4286842105263158
21545,2020-04-28 00:00:00,124.4,124.4,CREDITO 2 X ,RETIROU,56.45,0.4537781350482315
21546,2020-04-28 00:00:00,90.55,90.55,DINHEIRO,JEFERSON / MINEIRO,41.96,0.46339039204859195
21547,2020-04-28 00:00:00,116,116,DEBITO,LUIS,55.3,0.47672413793103446
21548,2020-04-28 00:00:00,8474.9,7856.23,TRANSFER CAIXA EM 28/04,LNC INVESTIMENTOS,2936.23,0.37374542242271425
21549,2020-04-28 00:00:00,3651,3651,TRANSFERS BRADESCO,MINERAÇÃO CAIEIRAS,772.9,0.2116954259107094
21550,2020-04-28 00:00:00,2661,2661,TRANSFER BRADESCO 06/05/2020,INOVE MOEMA,1054.99,0.39646373543780533
21551,2020-04-28 00:00:00,59.6,59.6,DEBITO,"01 3/8 9X15 4,00M",25.6,0.42953020134228187
21552,2020-04-28 00:00:00,167.4,167.4,CREDITO,SONIA,38.4,0.2293906810035842
21553,2020-04-29 00:00:00,85.8,85.8,TRANSFER BRAD EM 12/06/2020,ALFA,34.8,0.40559440559440557
21554,2020-04-29 00:00:00,9.75,9.75,CREDITO 2 X ,"EDNA - 1 PEÇA 3/8 - 3,00 M ",4.22,0.4328205128205128
21555,2020-04-29 00:00:00,169,169,DINHEIRO,JOAO / GIVANILDO,78.68,0.46556213017751485
21556,2020-04-29 00:00:00,106.5,106.5,CREDITO 2 X ,MARCOS,55.5,0.5211267605633803
21557,2020-04-29 00:00:00,596,596,DEBITO,JEFERSON,246.11,0.4129362416107383
21558,2020-04-29 00:00:00,491.72,470,TRANSFER ITAU 29/04,NINA,265.52,0.5649361702127659
21559,2020-04-29 00:00:00,2981.2,2820,TRANSFER ITAU 28/04,RICARDO / AUGUSTO,1028.14,0.3645886524822695
21560,2020-04-29 00:00:00,26,26,DEBITO,2 TABUAS 20 CM,9.32,0.3584615384615385
21561,2020-04-29 00:00:00,24,24,CREDITO ,2 KG. ARAME ,10.0,0.4166666666666667
21562,2020-04-29 00:00:00,350,350,DINHEIRO,CONSTRU IPE,130.0,0.37142857142857144
21563,2020-04-29 00:00:00,2169.51,2169.51,CREDITO 5 X ,JOSE CARLOS - JABAQUARA,929.09,0.42824877506902476
21564,2020-04-29 00:00:00,150,150,CREDITO 02X,DONI,57.92,0.38613333333333333
21565,2020-04-29 00:00:00,950,950,CREDITO 3 X ,ANGELO ,462.2,0.4865263157894737
21567,2020-04-30 00:00:00,12,12,DEBITO,01 TORCIDO / GIVANILDO,5.0,0.4166666666666667
21568,2020-04-30 00:00:00,1389.7,1389.7,LANÇADO CONTA PAI EM 11/06/2020,DEPOSITO CCM,480.44,0.34571490249694176
21569,2020-04-30 00:00:00,134.1,134.1,CREDITO 2 X ,BETE,57.6,0.4295302013422819
21570,2020-04-30 00:00:00,280,280,DINHEIRO,JOAO BATISTA,117.17,0.41846428571428573
21571,2020-04-30 00:00:00,840,840,TRANSFER CAIXA EM 30/04,LNC INVESTIMENTOS,350.0,0.4166666666666667
21572,2020-04-30 00:00:00,72.54,70,DEBITO,JOSE XAVIER,14.101,0.20144285714285715
21573,2020-04-30 00:00:00,36,35,DINHEIRO,3 KG. ARAME ,14.0,0.4
21574,2020-04-30 00:00:00,1170.16,1076.55,TRANSFER ITAU 30/04 E 04/05,WELLINGTON,406.24,0.3773535832056105
Meta,,170000,,,,,
Percentual atingido,,0.6307919411764704,,  , SALÁRIOS + SÁBADOS,8210.0,
Meta diária,,8500,,,,,
21575,2020-05-02 00:00:00,283.5,283.5,DEBITO,JOÃO / GIVANILDO,107.12,0.3778483245149912
21576,2020-05-02 00:00:00,369.6,360,DEBITO,FRANCISCO,145.4,0.4038888888888889
21577,2020-05-02 00:00:00,221.7,220,DEBITO,JAIME,83.99,0.38177272727272726
21579,2020-05-02 00:00:00,31.5,31.5,CREDITO,"1 CX TETO 0,25 + 1 BARRA 5/16",13.55,0.4301587301587302
21580,2020-05-02 00:00:00,56.7,56.7,DEBITO,"1 3/8 9X15 - 3,00 + 1 ARAME",23.75,0.41887125220458554
21581,2020-05-02 00:00:00,108,100,DINHEIRO,3 BARRAS 3/8,32.38,0.32380000000000003
21582,2020-05-02 00:00:00,114.4,114.4,TRANSFER BRAD EM 12/06/2020,ALFA,45.2,0.3951048951048951
21583,2020-05-02 00:00:00,252,250,CREDITO 2 X ,EDNA,92.22,0.36888
21584,2020-05-02 00:00:00,4280.66,3900,TRANSFERS ITAU 04 E 06/05,MARIO MODERIANO,1259.48,0.3229435897435897
21585,2020-05-02 00:00:00,520,520,TRANSFER BRAD EM 12/06/2020,ALFA,172.0,0.33076923076923076
21586,2020-05-04 00:00:00,410.95,410.952,TRANSFER BRAD EM 12/06/2020, ALFA,172.72,0.42029239424555664
21587,2020-05-04 00:00:00,92.95,92.95,TRANSFER BRAD EM 12/06/2020,ALFA,36.73,0.3951586874663797
21588,2020-05-04 00:00:00,186.3,185,DEBITO,EDSON,77.75,0.42027027027027025
21589,2020-05-04 00:00:00,40,28,TRANSF ITAU - DEVOLVEU 18X27,RICARDO - 02 18X27 AÇO,8.0,0.2857142857142857
21590,2020-05-04 00:00:00,225,218,DEBITO,JEFERSON,83.07,0.3810550458715596
21591,2020-05-04 00:00:00,208.1,208.1,CREDITO 2 X ,GUTO,87.66,0.4212397885631908
21592,2020-05-04 00:00:00,205.2,205.2,CHEQUE,AABM,120.24,0.5859649122807018
21593,2020-05-04 00:00:00,286.8,276,CHEQUE,APOIO TINTAS,67.2,0.24347826086956523
21594,2020-05-04 00:00:00,2529.3,2450,TRANSFER ITAU 04/05/2020,NINA,1196.18,0.48823673469387757
21595,2020-05-04 00:00:00,134.1,134.1,DINHEIRO,IZABEL,56.25,0.41946308724832215
21596,2020-05-04 00:00:00,26,24,DINHEIRO,FAUSTO - PASTEL,9.0,0.375
21596,2020-05-04 00:00:00,5,5,DINHEIRO,5 METROS FERRO 3/16,2.7,0.54
21597,2020-05-04 00:00:00,53,53,DEBITO,2 BARRAS 5/16,19.76,0.37283018867924533
21598,2020-05-04 00:00:00,556,556,CHEQUE,CASA E TUBO,211.7,0.38075539568345323
21599,2020-05-04 00:00:00,1436,1436,CREDITO 5 X ,BRUNO,641.75,0.44690111420612816
21600,2020-05-04 00:00:00,119,119,DEBITO,ADRIANO / JOELMO,52.2,0.438655462184874
21601,2020-05-04 00:00:00,320.35,320.35,DINHEIRO,JOSE MARIO,134.38,0.41947869517715
21602,2020-05-04 00:00:00,700.7,700.7,DEBITO,JOÃO / GIVANILDO,292.21,0.4170258313115455
21603,2020-05-04 00:00:00,902.8,900,"R$ 700,00 em 3 X + $ 200,00 DINHEIRO",MARCOS - COTIA,334.84,0.3720444444444444
21604,2020-05-04 00:00:00,805,805,CREDITO 3 X ,CARLOS,316.28,0.39289440993788816
21605,2020-05-04 00:00:00,170,170,DEBITO,BETE,74.73,0.43958823529411767
21606,2020-05-04 00:00:00,290.5,290.5,DEBITO,TATI,117.24,0.4035800344234079
21607,2020-05-04 00:00:00,846.1,803.8,TRANSFER CAIXA EM 04/05,MARCELO,283.45,0.3526374720079622
21608,2020-05-04 00:00:00,199.5,199.5,DEBITO,SANDRA,77.7,0.3894736842105263
21609,2020-05-04 00:00:00,120,120,DINHEIRO,MARIA DA CONCEIÇAO,50.0,0.4166666666666667
21610,2020-05-05 00:00:00,650,650,TRANSFER BRAD EM 12/06/2020,ALFA,215.0,0.33076923076923076
21611,2020-05-05 00:00:00,146,146,DEBITO,"3 COL 3/8 9X15 - 3,00 + 1 18X27",61.15,0.41883561643835615
21612,2020-05-05 00:00:00,114,114,CREDITO 03 X ,AILTON - 4 TELAS 3.4 20X20,44.4,0.3894736842105263
21613,2020-05-05 00:00:00,324.9,324.9,DINHEIRO,JOAO BATISTA,136.25,0.41935980301631276
21614,2020-05-05 00:00:00,52,52,DEBITO,4 TABUAS 20 CM,18.64,0.3584615384615385
21615,2020-05-05 00:00:00,33.75,33.75,CREDITO ,EDNA,14.12,0.41837037037037034
21616,2020-05-05 00:00:00,569.55,569.55,CHEQUE,AABM,139.62,0.24514090071108774
21617,2020-05-05 00:00:00,1228.95,1210.7,CREDITO 4 X E DINHEIRO,ERICK,435.75,0.35991575121830344
21618,2020-05-05 00:00:00,313.5,313.5,TRANSFER CAIXA EM 06/05,LNC INVESTIMENTOS,131.55,0.41961722488038283
21619,2020-05-05 00:00:00,84,80,DINHEIRO,JOAO / GIVANILDO,26.08,0.32599999999999996
21620,2020-05-05 00:00:00,208.6,208.6,DINHEIRO,IZAQUE / RUTE,87.5,0.41946308724832215
21621,2020-05-05 00:00:00,228,228,TRANSFERS BRADESCO,MINERAÇÃO CAIEIRAS,98.64,0.4326315789473684
21622,2020-05-05 00:00:00,16025.12,16025.12,TRANSFER CAIXA EM 06/05,LNC INVESTIMENTOS,6065.0,0.3784683047615244
21623,2020-05-06 00:00:00,48,46,DINHEIRO,JOÃO / GIVANILDO,16.46,0.35782608695652174
21624,2020-05-06 00:00:00,523.5,523.5,DINHEIRO,LICA,185.4,0.3541547277936963
21625,2020-05-06 00:00:00,737,710,DEBITO,ANDERSON,319.58,0.450112676056338
21626,2020-05-06 00:00:00,3037,3037,TRANSFERS BRADESCO,MINERAÇÃO CAIEIRAS,782.5,0.257655581165624
21627,2020-05-06 00:00:00,7039.85,6476.66,TRANSFER CAIXA,LAR CONSTRUTORA,2339.37,0.36120006299543284
21628,2020-05-06 00:00:00,338,338,DINHEIRO,JOAO BATISTA,188.85,0.5587278106508875
21629,2020-05-06 00:00:00,25,25,DINHEIRO,2 TABUAS 20 CM,8.32,0.3328
21630,2020-05-06 00:00:00,781.2,750,TRANSFER ITAU 08/05/2020,NINA,339.2,0.45226666666666665
21631,2020-05-06 00:00:00,59,59,DEBITO,"1 COL 3/8 9X15 - 4,00",24.4,0.4135593220338983
21632,2020-05-06 00:00:00,312,312,TRANSFER BRAD EM 12/06/2020,ALFA,103.2,0.33076923076923076
21633,2020-05-06 00:00:00,740.75,740.75,CREDITO 3 X ,MARCELO,193.17,0.26077624029699625
21634,2020-05-06 00:00:00,958.15,920,DEBITO,FRANCISCO MARTINS,363.73,0.3953586956521739
21635,2020-05-06 00:00:00,272,270,DINHEIRO,OSCAR,104.27,0.3861851851851852
21636,2020-05-06 00:00:00,180,180,CREDITO,DEPOSITO CEARA,70.0,0.3888888888888889
21637,2020-05-06 00:00:00,140.4,140,DINHEIRO,PANORAMA ,29.19,0.20850000000000002
21638,2020-05-06 00:00:00,852,852,DEBITO,DEPOSITO JUAREZ DE BRITO,322.0,0.3779342723004695
21639,2020-05-06 00:00:00,583.5,554.33,DINHEIRO,JEFERSON / MINEIRO,216.18,0.3899843053776631
21640,2020-05-06 00:00:00,115,115,DINHEIRO,"3 TELAS + 1 B 1/4 + 3 CX 0,30",48.95,0.4256521739130435
21641,2020-05-06 00:00:00,1959.28,1815.47,TRANSFER CAIXA EM 19/05/2020,LNC INVESTIMENTOS,576.05,0.3173007540747024
21642,2020-05-07 00:00:00,288,274,DINHEIRO,GIVANILDO / JOAO,89.7,0.3273722627737226
21643,2020-05-07 00:00:00,274.25,260,DEBITO,MARCOS / EDSON,115.98,0.4460769230769231
21644,2020-05-07 00:00:00,358.8,340,DINHEIRO,JURANDIR,164.04,0.4824705882352941
21645,2020-05-07 00:00:00,827.05,827.05,CHEQUE,CASA E TUBO,312.38,0.37770388731031984
21646,2020-05-07 00:00:00,205,205,DEBITO,JAIRO,78.0,0.3804878048780488
21647,2020-05-07 00:00:00,69,69,DEBITO,SEBASTIAO,25.08,0.3634782608695652
21648,2020-05-07 00:00:00,195,195,DINHEIRO,JOÃO BATISTA,85.44,0.4381538461538461
21649,2020-05-07 00:00:00,1606,1606,TRANSFERS BRADESCO,MINERAÇÃO CAIEIRAS,717.3,0.44663760896637605
21650,2020-05-08 00:00:00,180.7,180.7,CHEQUE,AABM,68.25,0.37769784172661874
21651,2020-05-08 00:00:00,1000.8,1000.8,CHEQUE,PRIMOSUL,378.0,0.37769784172661874
21652,2020-05-08 00:00:00,89.4,85,DINHEIRO,JOAO / GIVANILDO,33.1,0.38941176470588235
21653,2020-05-08 00:00:00,38,38,DINHEIRO,3 SARR 15 + 2 DE 5 CM ,14.84,0.39052631578947367
21654,2020-05-08 00:00:00,11,11,DEBITO,1 PONTALETE,4.4,0.4
21655,2020-05-08 00:00:00,83.6,83.6,DINHEIRO,"1 5/16 9X15 - 4,00 + 2 DE 20 + 1 DE 15",33.9,0.40550239234449764
21656,2020-05-08 00:00:00,86,86,DINHEIRO,04 TELAS 20X20 (CLIENTE PAI ISOPOR),16.4,0.19069767441860463
21657,2020-05-09 00:00:00,12,12,DINHEIRO,01 TORCIDO,5.0,0.4166666666666667
21658,2020-05-09 00:00:00,1055.55,1000,DEBITO E DINHEIRO,WILLIAM,419.85,0.41985
21659,2020-05-09 00:00:00,12,12,DINHEIRO,01 KG ARAME,5.0,0.4166666666666667
21660,2020-05-11 00:00:00,44.7,44.7,TRANSFER ITAU,"AUGUSTO 1 3/8 9X15 - 3,00",18.75,0.4194630872483221
21661,2020-05-11 00:00:00,4341,4100,TRANSFER SANTANDER / ITAU 11/05,VANIA,1775.0,0.4329268292682927
21662,2020-05-11 00:00:00,146.5,146.5,DEBITO,PATRICIA,68.41,0.46696245733788394
21663,2020-05-11 00:00:00,214.2,214.2,LANÇADO CONTA PAI EM 11/06/2020,DEPOSITO CCM,84.18,0.39299719887955187
21664,2020-05-11 00:00:00,52.5,52.5,DINHEIRO,1 BARRA 1/4 + 1 BARRA 3/8,20.31,0.38685714285714284
21665,2020-05-11 00:00:00,48,48,DINHEIRO,4 KG. ARAME ,20.0,0.4166666666666667
21666,2020-05-11 00:00:00,618.7,618.7,TRANSFER BRADESCO 11/05/2020,TIAGO ,220.55,0.35647325036366573
21668,2020-05-11 00:00:00,655.65,655.65,CREDITO 3 X ,EVERTON ALVES,280.84,0.4283382902463204
21669,2020-05-11 00:00:00,530.3,500,DEBITO,ROSILENE,195.59,0.39118
21670,2020-05-11 00:00:00,289.5,275,DINHEIRO,JEFERSON / MINEIRO,64.4,0.2341818181818182
21671,2020-05-11 00:00:00,4585,4585,CHEQUE,ANDERSON,1556.61,0.33950054525627044
21672,2020-05-11 00:00:00,126.85,126.85,DEBITO,RETIROU ,48.17,0.3797398502167915
21673,2020-05-11 00:00:00,176.3,175,DINHEIRO,LICA,70.67,0.4038285714285714
21674,2020-05-11 00:00:00,564,564,CREDITO 2 X ,ANGELO,312.0,0.5531914893617021
21675,2020-05-11 00:00:00,627.45,600,DINHEIRO,JOSENILDO / JAILTON,263.13,0.43855
21677,2020-05-11 00:00:00,249.6,249.6,CHEQUE,AABM,50.16,0.20096153846153844
21677,2020-05-11 00:00:00,11.4,11.4,DINHEIRO,12 ESTRIBOS 15X30 4.2,6.79,0.5956140350877193
21678,2020-05-12 00:00:00,210.6,210.6,TRANSFER BRAD EM 12/06/2020,ALFA,90.36,0.4290598290598291
21679,2020-05-12 00:00:00,210.6,210.6,TRANSFER BRAD EM 12/06/2020,ALFA,90.36,0.4290598290598291
21680,2020-05-12 00:00:00,40,38,DINHEIRO,GILVAN / JEFERSON - 4 SARR 15 CM ,12.8,0.3368421052631579
21681,2020-05-12 00:00:00,101.4,100,DINHEIRO,6 METROS 3/8 9X15 - 1 ARAME,41.1,0.41100000000000003
21682,2020-05-12 00:00:00,25,25,DINHEIRO,5 CX TETO ,18.35,0.7340000000000001
21683,2020-05-12 00:00:00,95.7,95.7,CREDITO 2 X ,MARCIO ,38.83,0.40574712643678157
21684,2020-05-12 00:00:00,120,120,DEBITO,6 TABUAS 30 CM,39.12,0.32599999999999996
21685,2020-05-12 00:00:00,285,285,DEBITO,JAIME,115.0,0.40350877192982454
21686,2020-05-12 00:00:00,34,34,DINHEIRO,1 18X27 + 1 ARAME + 2 CX TETO,17.34,0.51
21687,2020-05-12 00:00:00,11,11,DINHEIRO,01 B 5MM,3.35,0.30454545454545456
21688,2020-05-12 00:00:00,175,175,DINHEIRO,500 ESTRIBOS 9X15,65.0,0.37142857142857144
21689,2020-05-12 00:00:00,1807,1807,TRANSFERS BRADESCO,MINERAÇÃO CAIEIRAS,682.5,0.3776978417266187
21690,2020-05-12 00:00:00,30,30,DINHEIRO,"RONI - 12 PEÇAS 5/16 0,63 CM",19.53,0.651
21691,2020-05-13 00:00:00,99,99,A RECEBER ,JOÃO / GIVANILDO,,0.0
21692,2020-05-13 00:00:00,187.5,187.5,DINHEIRO,9 BARRAS 1/4 + 1 CONDUITE,83.41,0.4448533333333333
21693,2020-05-13 00:00:00,71.5,71.5,TRANSFER BRAD EM 12/06/2020,ALFA,28.25,0.3951048951048951
21693,2020-05-13 00:00:00,70,70,DEBITO,1 BARRA 3/8 + 6 METROS 1/2,28.93,0.41328571428571426
21694,2020-05-13 00:00:00,118.5,118.5,DINHEIRO,NAILSON - 25 ESTR 9X15 + 4 B 5/16,46.52,0.3925738396624473
21695,2020-05-13 00:00:00,67,67,DEBITO,"1 COL 3/8 9X15 - 4,50",28.08,0.41910447761194025
21696,2020-05-13 00:00:00,256.5,256.5,DEBITO,FELIPE,99.9,0.38947368421052636
21696,2020-05-13 00:00:00,12,12,DINHEIRO,24 ESTR 9X15,6.48,0.54
21697,2020-05-13 00:00:00,491.7,491.7,DEBITO,FERNANDO,206.25,0.41946308724832215
21698,2020-05-13 00:00:00,310,310,DEBITO,KLEBER,127.34,0.4107741935483871
21699,2020-05-13 00:00:00,1087.5,1087.5,DEBITO,CASA CENTRAL PERDIZES,217.5,0.2
21700,2020-05-13 00:00:00,53,53,CREDITO ,2 BARRAS 5/16,19.76,0.37283018867924533
21701,2020-05-13 00:00:00,387.4,365,DINHEIRO,DENIS,140.1,0.3838356164383562
21702,2020-05-13 00:00:00,1053.88,1000,TRANSFER ITAU 13/05/2020,DARIO / MARCO ANTONIO,383.22,0.38322
21703,2020-05-13 00:00:00,534.6,507.87,TRANSFER CAIXA,LAR CONSTRUTORA,189.17,0.37247720873451867
21704,2020-05-13 00:00:00,1008.43,1008.43,TRANSFERS BRADESCO,MARIA LUIZA BORGES / MAIZA,438.68,0.43501284174409727
21705,2020-05-13 00:00:00,248,248,DEBITO,ANDERSON,60.42,0.2436290322580645
21706,2020-05-14 00:00:00,26.5,26.5,CREDITO,01 B 5/16,9.88,0.37283018867924533
21707,2020-05-14 00:00:00,769.5,769.5,CREDITO 3 X ,FELIPE,299.7,0.3894736842105263
21708,2020-05-14 00:00:00,74.5,70,DINHEIRO,05 MTS 3/8 9X15,26.75,0.3821428571428571
21709,2020-05-14 00:00:00,2901.06,2790,TRANSFER ITAU 19/05/2020,NINA,1295.62,0.46437992831541214
21710,2020-05-15 00:00:00,51.3,50,DEBITO,"MIRANTE 4,50 METROS 5/16 9X15",19.94,0.39880000000000004
21711,2020-05-15 00:00:00,89.4,89.4,TRANSFER ITAU 06/07/2020,AILTON - OFICINA,37.5,0.4194630872483221
21712,2020-05-15 00:00:00,20,20,DINHEIRO,2 KG. ARAME ,6.0,0.3
21713,2020-05-15 00:00:00,108,108,DINHEIRO,3 SAP 6 F 3/8 40X40X30,55.74,0.5161111111111111
21714,2020-05-15 00:00:00,59.6,59.6,DEBITO,"2 COL 3/8 9X15 - 2,00",25.0,0.41946308724832215
21715,2020-05-16 00:00:00,281.5,281.5,DEBITO,PEDRO PAULO ,111.9,0.39751332149200713
21716,2020-05-16 00:00:00,38,38,DINHEIRO,1 CONDUITE,20.76,0.5463157894736842
21717,2020-05-16 00:00:00,32,32,DEBITO,2 PONTALETES + 1 DE 15 CM ,19.5,0.609375
21718,2020-05-18 00:00:00,71.4,70,DINHEIRO,MACHO,29.92,0.42742857142857144
21719,2020-05-18 00:00:00,95.4,95.4,CREDITO,"2 COL 3/8 9X15 - 3,00 + 1 ARAME ",36.5,0.3825995807127882
21720,2020-05-18 00:00:00,792,792,CREDITO 3 X ,ZEN,326.88,0.4127272727272727
21721,2020-05-18 00:00:00,254.3,240,DINHEIRO,FERNANDO,73.1,0.3045833333333333
21722,2020-05-18 00:00:00,360,340,DEBITO,FRANCISCO,114.6,0.33705882352941174
21723,2020-05-18 00:00:00,105.55,104.55,CREDITO 2 X ,MARCIO ,42.15,0.4031563845050215
21724,2020-05-18 00:00:00,990,990,TRANSFER CAIXA EM 19/05/2020,LNC INVESTIMENTOS,482.4,0.48727272727272725
21725,2020-05-18 00:00:00,1800,1800,CREDITO 3 X ,ANGELO,673.0,0.3738888888888889
21726,2020-05-18 00:00:00,903,903,CHEQUE,DEPOSITO SANTO ANTONIO,297.5,0.32945736434108525
21727,2020-05-18 00:00:00,1091.5,1091.5,TRANSFER BRAD EM 21/05/2020,INOVE MOEMA,364.67,0.33409986257443886
21728,2020-05-19 00:00:00,30,30,DINHEIRO,"EDSON / SR. ANDRE 8 -3/8 COM 0,80",18.0,0.6
21729,2020-05-19 00:00:00,57,57,DEBITO,BRUNO - 2 TELAS 20X20,22.2,0.3894736842105263
21730,2020-05-19 00:00:00,356,356,DINHEIRO,TIAGO ,109.6,0.30786516853932583
21731,2020-05-19 00:00:00,67,67,DINHEIRO,MARCOS,25.4,0.37910447761194027
21732,2020-05-19 00:00:00,625.8,600,DINHEIRO,ATILA ,236.7,0.39449999999999996
21733,2020-05-19 00:00:00,919.7,919.7,CREDITO 3 X ,ADÃO ,406.6,0.4421006850059802
21734,2020-05-19 00:00:00,298,300,DINHEIRO,WILSON,127.0,0.42333333333333334
21735,2020-05-19 00:00:00,447,400,DINHEIRO,JOÃO ,140.5,0.35125
21736,2020-05-19 00:00:00,987.7,987.7,CHEQUE,MACHO,433.26,0.43865546218487395
21737,2020-05-19 00:00:00,2163,2000,CREDITO,WALSON,663.14,0.33157
21738,2020-05-19 00:00:00,1671.75,1590,DINHEIRO,MARCOS / JONHY,676.36,0.42538364779874216
21739,2020-05-19 00:00:00,800.1,760,DINHEIRO,MARCOS / JONHY,324.64,0.42715789473684207
21740,2020-05-19 00:00:00,778.4,778.4,BOLETO,MOREIRA MATERIAIS,294.0,0.37769784172661874
21740,2020-05-20 00:00:00,622.05,622.05,TRANSFER BRAD EM 12/06/2020,ALFA,245.78,0.39511293304396755
21741,2020-05-20 00:00:00,400,400,DINHEIRO,10 BARRAS 3/8 + 4 BARRAS 5/16,108.4,0.271
21742,2020-05-20 00:00:00,108,108,CHEQUES E ABATIMENTOS CRÉDITO,SALVADOR,40.5,0.375
21743,2020-05-20 00:00:00,388.15,388.15,CHEQUE,AABM,150.61,0.38802009532397275
21744,2020-05-20 00:00:00,260,260,TRANSFER BRAD EM 12/06/2020,ALFA,86.0,0.33076923076923076
21745,2020-05-20 00:00:00,590,590,CHEQUE,DEPOSITO SANTO ANTONIO,231.26,0.39196610169491525
21746,2020-05-20 00:00:00,20,20,DINHEIRO,"4,20 METROS FERRO 3/8",12.11,0.6054999999999999
21747,2020-05-20 00:00:00,36,36,DINHEIRO,1 SAP 6 F 3/8 40X30,18.58,0.5161111111111111
21748,2020-05-20 00:00:00,166.7,166.7,CREDITO 2 X ,SERGIO,70.61,0.42357528494301144
21749,2020-05-20 00:00:00,50,50,DEBITO,1 COMPOUND,16.49,0.3298
21750,2020-05-20 00:00:00,162.8,150,DINHEIRO,FERNANDO,53.16,0.3544
21751,2020-05-20 00:00:00,999.55,920,TRANSFER ITAU 20/05/2020,WELLINGTON,319.0,0.3467391304347826
21752,2020-05-20 00:00:00,42.9,42.9,TRANSFER BRAD EM 12/06/2020,ALFA,16.95,0.3951048951048951
21753,2020-05-21 00:00:00,274,274,CHEQUE,AABM,99.08,0.3616058394160584
21754,2020-05-21 00:00:00,235.73,235.73,CHEQUES E ABATIMENTOS CRÉDITO,SALVADOR,118.88,0.5043057735544904
21755,2020-05-21 00:00:00,36,36,DINHEIRO,1 BARRA 3/8,13.46,0.37388888888888894
21756,2020-05-21 00:00:00,89.4,89.4,DINHEIRO,ADRIANO,37.5,0.4194630872483221
21757,2020-05-21 00:00:00,55,55,DEBITO,10 SARRAFOS 05 + 1 PREGO AÇO 17X21,26.7,0.4854545454545454
21758,2020-05-21 00:00:00,348.9,330,DEBITO,TIAGO ,125.81,0.38124242424242427
21759,2020-05-21 00:00:00,1954,1954,CHEQUE,BASICO,960.8,0.4917093142272262
21760,2020-05-21 00:00:00,883.56,883.56,TRANSFER ITAU 17/06,LNC INVESTIMENTOS,417.96,0.47304088007605594
21761,2020-05-22 00:00:00,214.5,214.5,TRANSFER BRAD EM 12/06/2020,ALFA,84.75,0.3951048951048951
21762,2020-05-22 00:00:00,114.4,114.4,TRANSFER BRAD EM 12/06/2020,ALFA,45.2,0.3951048951048951
21763,2020-05-22 00:00:00,82,82,DINHEIRO,JAILTON,34.38,0.41926829268292687
21764,2020-05-22 00:00:00,1677.56,1630,TRANSFER ITAU 26/05,NINA,764.51,0.4690245398773006
21765,2020-05-22 00:00:00,941,940,DINHEIRO,DEPOSITO JH,227.1,0.24159574468085107
21766,2020-05-22 00:00:00,33,33,DINHEIRO,2 BARRAS 1/4,13.7,0.4151515151515151
21767,2020-05-22 00:00:00,455.3,430,DINHEIRO,TIAGO ,163.21,0.37955813953488376
21768,2020-05-22 00:00:00,40,40,CREDITO,"7,20 METROS FERRO 1/2",17.76,0.44400000000000006
21769,2020-05-22 00:00:00,157.2,157.2,CHEQUE,AABM,54.9,0.34923664122137404
21770,2020-05-22 00:00:00,109,109,DINHEIRO,JOAO ,48.48,0.4447706422018348
21771,2020-05-22 00:00:00,149.5,149.5,DINHEIRO,5 BARRAS 3/8,36.8,0.24615384615384614
21772,2020-05-22 00:00:00,24,24,DEBITO,1 ARAME + 1 18X27,10.0,0.4166666666666667
21773,2020-05-22 00:00:00,70,70,DINHEIRO,2 SAP 6 F 3/8 40X40X40,30.64,0.4377142857142857
21774,2020-05-22 00:00:00,505.9,480,DINHEIRO,MARCIO ,190.4,0.39666666666666667
21775,2020-05-22 00:00:00,511.5,490,DEBITO,BETO,182.8,0.37306122448979595
21776,2020-05-23 00:00:00,171,160,DINHEIRO,MARCOS,55.6,0.34750000000000003
21777,2020-05-23 00:00:00,28.5,28.5,DEBITO,1 TELA 3.4 20X20,11.1,0.3894736842105263
21778,2020-05-23 00:00:00,17,17,DEBITO,1 BARRA 1/4,7.35,0.43235294117647055
21779,2020-05-23 00:00:00,101.4,101.4,DEBITO,"2 COL 3/8 9X20 - 3,00 + 1 ARAME",42.5,0.41913214990138065
21780,2020-05-23 00:00:00,102,102,CREDITO,10 BARRAS 3/16 + 1 ARAME,40.3,0.39509803921568626
21781,2020-05-23 00:00:00,58.5,58.5,TRANSFER BRAD EM 12/06/2020,ALFA,25.1,0.4290598290598291
21782,2020-05-23 00:00:00,28.6,28.6,TRANSFER BRAD EM 12/06/2020,ALFA,11.3,0.3951048951048951
21783,2020-05-23 00:00:00,452.2,452.2,TRANSFER BRAD EM 12/06/2020,ALFA,196.44,0.4344095532950022
21784,2020-05-25 00:00:00,100.5,100,DINHEIRO,FERNANDO,42.29,0.4229
21785,2020-05-25 00:00:00,298,280,DINHEIRO,WELLINGTON,107.0,0.3821428571428571
21785,2020-05-25 00:00:00,3207,3000,TRANSFER ITAU 25/05,RODRIGO - ARICANDUVA,1217.9,0.4059666666666667
21786,2020-05-25 00:00:00,1091.85,1000,DEBITO,JOHNNY,366.51,0.36651
21788,2020-05-25 00:00:00,447,417,DINHEIRO,GENITO,157.5,0.3776978417266187
21789,2020-05-25 00:00:00,8,8,DINHEIRO,2 METROS FERRO 3/8,4.24,0.53
21790,2020-05-25 00:00:00,57,56,DINHEIRO,EDVAN - 1 TABUA 30 + 1 BARRA 3/8,19.98,0.3567857142857143
21791,2020-05-25 00:00:00,858,858,CREDITO 4 X,ITALO,361.67,0.4215268065268065
21792,2020-05-26 00:00:00,58.5,58.5,TRANSFER BRAD EM 12/06/2020,ALFA,25.1,0.4290598290598291
21793,2020-05-26 00:00:00,35.75,35.75,TRANSFER BRAD EM 12/06/2020,ALFA,14.13,0.3952447552447553
21794,2020-05-26 00:00:00,275,275,CHEQUE,AABM,91.7,0.33345454545454545
21795,2020-05-26 00:00:00,12,12,DINHEIRO,1 KG. ARAME,5.0,0.4166666666666667
21796,2020-05-26 00:00:00,741.4,741.42,CHEQUE,DEPOSITO CCM,229.82,0.30997275498368
21797,2020-05-26 00:00:00,2361.8,2162.16,TRANSFER BRAD EM 26/05/2020,ALVARO,751.94,0.34777259777259784
21798,2020-05-26 00:00:00,275.9,275.9,CREDITO 3 X ,FERNANDO,114.2,0.41391808626313886
21799,2020-05-26 00:00:00,2787.6,2787.6,CHEQUES,PRIMOSUL,1105.8,0.3966853207059836
21800,2020-05-26 00:00:00,272,258,DINHEIRO,JAILTON,81.8,0.31705426356589145
21801,2020-05-26 00:00:00,2612,2612,TRANSFERS BRADESCO,MINERAÇÃO CAIEIRAS,815.0,0.31202143950995403
21802,2020-05-26 00:00:00,13,13,CREDITO,4 METROS FERRO 3/8,5.48,0.4215384615384616
21803,2020-05-26 00:00:00,646.05,610,DINHEIRO E DEBITO,VITAL,245.32,0.4021639344262295
21804,2020-05-26 00:00:00,789.7,740,DEBITO,ELTON,331.25,0.44763513513513514
21806,2020-05-26 00:00:00,2441.8,2441.8,TRANSFER ITAU 26/05,CELSO DE ARAUJO,937.46,0.3839216971086903
21807,2020-05-26 00:00:00,45,45,DINHEIRO,SHIRLEY - 2 BARRAS 1/4 + 1 ARAME,18.7,0.41555555555555557
21808,2020-05-27 00:00:00,350,350,DINHEIRO,CONSTRU IPE,120.0,0.34285714285714286
21809,2020-05-27 00:00:00,50,50,DINHEIRO,3 ARAMES + 1 18X27 + 1 17X21,14.8,0.29600000000000004
21810,2020-05-27 00:00:00,74.5,70,DINHEIRO,FERNANDO,26.75,0.3821428571428571
21811,2020-05-27 00:00:00,3,3,DEBITO,4 ESTR 15X15 (4.2) ,1.96,0.6533333333333333
21812,2020-05-27 00:00:00,0,0,CANCELADO,DEPOSITO JUAREZ DE BRITO,0.0,
21813,2020-05-27 00:00:00,882.7,795,DINHEIRO,MARCELO,211.34,0.2658364779874214
21814,2020-05-27 00:00:00,4248.45,4248.45,CHEQUE,AABM,1681.93,0.39589261966128825
21815,2020-05-27 00:00:00,191.4,191.4,CHEQUE,AABM,62.92,0.32873563218390806
21816,2020-05-27 00:00:00,59.5,59.5,DEBITO,5 KG. ARAME ,24.5,0.4117647058823529
21817,2020-05-27 00:00:00,276,276,DINHEIRO,VITAL,99.32,0.3598550724637681
21818,2020-05-27 00:00:00,74.5,74,DINHEIRO,REBECA,31.25,0.4222972972972973
21819,2020-05-27 00:00:00,99,99,CREDITO 02X,ZEN,35.3,0.35656565656565653
21820,2020-05-27 00:00:00,1181.8,1180,DINHEIRO,DEPOSITO JH,365.9,0.31008474576271183
21821,2020-05-27 00:00:00,77,76,DEBITO,2 BARRAS 3/8 + 1 DISCO,29.47,0.3877631578947368
21822,2020-05-28 00:00:00,53,53,DINHEIRO,2 BARRAS 5/16,19.76,0.37283018867924533
21823,2020-05-28 00:00:00,298,280,DINHEIRO,ANDERSON,107.0,0.3821428571428571
21824,2020-05-28 00:00:00,18,18,DINHEIRO,6 METROS FERRO 3/8,6.72,0.3733333333333333
21825,2020-05-28 00:00:00,104,104,TRANSFER BRAD EM 12/06/2020,ALFA,51.86,0.49865384615384617
21826,2020-05-28 00:00:00,377.6,377.6,DEBITO,ADÃO ,164.2,0.43485169491525416
21827,2020-05-28 00:00:00,90.7,90,DEBITO,RETIROU ,40.99,0.4554444444444445
21828,2020-05-28 00:00:00,381.5,381.5,CREDITO 2 X ,DARLAN / DANIEL,168.87,0.44264744429882047
21829,2020-05-28 00:00:00,359,359,DEBITO ,MARCIO / CHARLES,133.6,0.3721448467966574
21830,2020-05-28 00:00:00,176.05,176.05,DEBITO,PAULO,74.45,0.42289122408406704
21831,2020-05-28 00:00:00,2103.6,2103.6,BOLETO,WALLS ENGENHARIA,876.0,0.41642897889332575
21832,2020-05-28 00:00:00,776.4,776.4,A RECEBER ,AUGUSTO,346.92,0.4468315301391036
21833,2020-05-29 00:00:00,18,18,DEBITO,6 METROS FERRO 3/8,6.73,0.37388888888888894
21834,2020-05-29 00:00:00,371.8,371.8,TRANSFER BRAD EM 12/06/2020,ALFA,146.9,0.3951048951048951
21835,2020-05-29 00:00:00,520,520,TRANSFER BRAD EM 12/06/2020,ALFA,172.0,0.33076923076923076
21836,2020-05-29 00:00:00,464.35,460,DINHEIRO,TIAGO ,163.16,0.354695652173913
21837,2020-05-29 00:00:00,834,834,BOLETO,ALTO DA LAPA,315.0,0.3776978417266187
21838,2020-05-29 00:00:00,52.15,50,DINHEIRO,VITAL,19.88,0.39759999999999995
21839,2020-05-29 00:00:00,267,267,DEBITO,FRANCISCO,93.47,0.3500749063670412
21840,2020-05-29 00:00:00,403.2,403.2,CHEQUE 30/06,PRIMOSUL,180.0,0.44642857142857145
21841,2020-05-29 00:00:00,526.9,526.9,CREDITO 3 X ,FERNANDO,252.83,0.4798443727462517
21842,2020-05-30 00:00:00,35.75,35.75,TRANSFER BRAD EM 12/06/2020,ALFA,14.13,0.3952447552447553
21843,2020-05-30 00:00:00,29.8,29.8,DINHEIRO,02 MTS 3/8 9X15,12.5,0.41946308724832215
21844,2020-05-30 00:00:00,178.8,170,DINHEIRO,GIVANILDO,75.0,0.4411764705882353
21845,2020-05-30 00:00:00,2252,2100,TRANSFER ITAU 01/06/2020,PETER,741.64,0.35316190476190473
Meta,,170000,,, SALÁRIOS + SÁBADOS,10155.0,
Percentual atingido,,0.8977108941176466,,,,,
Meta diária,,8500,,,,48257.43,10857.92175
21847,2020-06-01 00:00:00,96.52,96.52,TRANSFER BRAD EM 12/06/2020,ALFA,40.14,0.4158723580605056
21848,2020-06-01 00:00:00,274,255,DINHEIRO,MACHO,100.72,0.39498039215686276
21849,2020-06-01 00:00:00,2154.5,2154.5,TRANSFERS BRADESCO,MINERAÇÃO CAIEIRAS,813.75,0.3776978417266187
21850,2020-06-01 00:00:00,101,101,DEBITO,"1 3/8 9X15 - 5,00 + 1 BARRA 5/16",41.13,0.40722772277227726
21851,2020-06-01 00:00:00,407.6,407.6,CHEQUE,AABM,172.74,0.4237978410206084
21852,2020-06-01 00:00:00,774,774,CHEQUE,DEPOSITO CCM,255.0,0.32945736434108525
21853,2020-06-01 00:00:00,236.38,230,TRANSFER ITAU 02/06/2020,ROBERTO,116.99,0.5086521739130434
21854,2020-06-01 00:00:00,130.23,130.23,TRANSFER BRADESCO EM 02/06,JORGE,73.27,0.5626199800353221
21855,2020-06-01 00:00:00,1300.15,1250,DEBITO,MARCIO,427.43,0.341944
21856,2020-06-01 00:00:00,11,11,CREDITO,01 B 5MM,3.36,0.3054545454545454
21857,2020-06-01 00:00:00,206,206,CREDITO 2 X ,BETO,83.9,0.40728155339805827
21858,2020-06-01 00:00:00,1610.77,1530.23,TRANSFER BRADESCO EM 02/06,MAIZA,741.31,0.4844435150271527
21859,2020-06-01 00:00:00,1351.78,1280,TRANSFER ITAU 01/06/2020,UMBERTO - JAGUARÉ,491.81,0.3842265625
21860,2020-06-02 00:00:00,26.5,25,DINHEIRO,01 B 5/16,8.38,0.33520000000000005
21861,2020-06-02 00:00:00,178.8,170,DINHEIRO,12 METROS 3/8 9X15,66.2,0.38941176470588235
21862,2020-06-02 00:00:00,1023.5,1024,DINHEIRO,TIAGO ,284.5,0.27783203125
21863,2020-06-02 00:00:00,795.2,795.2,CHEQUE,AABM,319.36,0.4016096579476861
21864,2020-06-02 00:00:00,63.7,60,DINHEIRO,"1 3/8 9X15 - 3,00 + 6 METROS 3/8",22.78,0.3796666666666667
21865,2020-06-02 00:00:00,234,220,DINHEIRO,MARCELO,71.14,0.32336363636363635
21866,2020-06-02 00:00:00,778.75,740,DINHEIRO E CREDITO 4 X ,ELENICE,340.79,0.4605270270270271
21867,2020-06-02 00:00:00,178.8,170,DINHEIRO,GIL ,75.0,0.4411764705882353
21868,2020-06-02 00:00:00,432.9,411,DEBITO,EDNA,154.73,0.37647201946472014
21869,2020-06-02 00:00:00,207.5,206,DINHEIRO,ANGELO,85.23,0.41373786407766994
21870,2020-06-02 00:00:00,357.6,357.6,CREDITO 3 X,FABIO,150.0,0.4194630872483221
21871,2020-06-03 00:00:00,485.2,485.2,DEBITO,FERNANDO,221.36,0.45622423742786483
21872,2020-06-03 00:00:00,819.5,770,DINHEIRO,JULIO / RODRIGO,303.6,0.3942857142857143
21873,2020-06-03 00:00:00,4058.66,3700,CHEQUES,WILSON - VIZINHO,1436.68,0.3882918918918919
21874,2020-06-03 00:00:00,20,20,DINHEIRO,1 ARAME + 1 18X27,6.0,0.3
21875,2020-06-03 00:00:00,667.2,667.2,CHEQUE,AABM,252.0,0.3776978417266187
21876,2020-06-03 00:00:00,488.8,460,DINHEIRO,JESSICA,185.72,0.4037391304347826
21877,2020-06-03 00:00:00,776,740,DINHEIRO,ROMOS,306.9,0.4147297297297297
21878,2020-06-03 00:00:00,754.9,754.9,CREDITO,DEBETI,519.77,0.6885282818916413
21879,2020-06-03 00:00:00,22.35,22.35,DEBITO,"1,50M 3/8 9X15",9.375,0.4194630872483221
21880,2020-06-03 00:00:00,2678.4,2500,TRANSFER ITAU 03/06/2020,MARCELO - SÃO BERNARDO,979.58,0.391832
21881,2020-06-03 00:00:00,451.25,420,DINHEIRO,MARTINHO,165.26,0.3934761904761905
21882,2020-06-03 00:00:00,130,130,DEBITO,SERGIO,45.4,0.34923076923076923
21883,2020-06-04 00:00:00,507,491.8,CHEQUE,PRIMOSUL,213.34,0.4337942252948353
21884,2020-06-04 00:00:00,127.9,127.9,CHEQUE,AABM,27.4,0.2142298670836591
21885,2020-06-04 00:00:00,2826.05,2500,DINHEIRO,ROGERIO,922.16,0.36886399999999997
21886,2020-06-04 00:00:00,100,100,DEBITO,EVANGELISTA,39.88,0.39880000000000004
21887,2020-06-04 00:00:00,291.55,275,DINHEIRO,EVANGELISTA,111.34,0.4048727272727273
21888,2020-06-04 00:00:00,10,10,DINHEIRO,"2,60 METROS FERRO 3/8",5.12,0.512
21889,2020-06-04 00:00:00,2069.12,2069.12,CREDITO 02X,EDMILSON,985.92,0.47649242189916485
21890,2020-06-04 00:00:00,251.6,251.6,DEBITO,CASA CENTRAL,67.7,0.26907790143084265
21891,2020-06-04 00:00:00,1083,1083,CREDITO 3 X ,ANGELO,587.67,0.5426315789473684
21892,2020-06-04 00:00:00,1042.5,1042.5,BOLETO ,ALTO DA LAPA,388.64,0.37279616306954433
21893,2020-06-04 00:00:00,604,585,TRANSFER ITAU 05/06/2020,NINA,304.13,0.5198803418803418
21894,2020-06-05 00:00:00,257.4,257.4,DINHEIRO / CHEQUE / TRANSFER,ALFA,101.7,0.39510489510489516
21895,2020-06-05 00:00:00,210.6,210.6,DINHEIRO / CHEQUE / TRANSFER,ALFA,90.36,0.4290598290598291
21896,2020-06-05 00:00:00,178.8,170,DINHEIRO,JAILTON,75.0,0.4411764705882353
21897,2020-06-05 00:00:00,421.2,421.2,DINHEIRO / CHEQUE / TRANSFER,ALFA,180.72,0.4290598290598291
21898,2020-06-05 00:00:00,400,400,TRANSFER BRAD EM 05/06/2020,AISLAN,128.35,0.32087499999999997
21899,2020-06-05 00:00:00,10,10,DINHEIRO,01 SARRAFO DE 15CM,3.7,0.37
21900,2020-06-05 00:00:00,200,200,DINHEIRO,CEARA - 20KG ARAME,80.0,0.4
21901,2020-06-05 00:00:00,239.2,239.2,CHEQUE,AABM,58.88,0.24615384615384617
21902,2020-06-05 00:00:00,935.6,890,DEBITO,JONATAN,331.12,0.37204494382022474
21903,2020-06-05 00:00:00,79.5,79.5,CREDITO,DENILSON,29.64,0.3728301886792453
21904,2020-06-06 00:00:00,200,200,CREDITO,CONSTRUTEM,60.0,0.3
21905,2020-06-06 00:00:00,26.5,26.5,DINHEIRO,1 BARRA 5/16,9.88,0.37283018867924533
21906,2020-06-06 00:00:00,140.4,140.4,DINHEIRO / CHEQUE / TRANSFER,ALFA,60.24,0.42905982905982903
21907,2020-06-06 00:00:00,2583.6,2600,TRANSFER ITAU 08/06/2020,SAMUEL,1064.44,0.40940000000000004
21908,2020-06-08 00:00:00,431.2,400,DINHEIRO,PRISCILA,158.66,0.39665
21909,2020-06-08 00:00:00,270.8,270,"CREDITO 02X E 40,00$","18 MTS 3/8 9X20, 21 M B 3/8 , ",112.72,0.41748148148148145
21910,2020-06-08 00:00:00,468,450,TRANSFER ITAU 18/06/2020,NINA,250.56,0.5568
21911,2020-06-08 00:00:00,171.6,171.6,DINHEIRO / CHEQUE / TRANSFER,ALFA,67.8,0.3951048951048951
21912,2020-06-08 00:00:00,343.2,343.2,DINHEIRO / CHEQUE / TRANSFER,ALFA,135.6,0.3951048951048951
21913,2020-06-08 00:00:00,599.4,570,DINHEIRO,JOAO / GIVANILDO,227.36,0.39887719298245616
21914,2020-06-08 00:00:00,2231.98,2231.98,TRANSFER ITAU 17/06/2020,LNC INVESTIMENTOS,1088.45,0.48766117975967527
21915,2020-06-08 00:00:00,280,266,DEBITO,LUIS,110.22,0.4143609022556391
21916,2020-06-08 00:00:00,3221,3221,TRANSFERS BRADESCO,MINERAÇÃO CAIEIRAS,802.2,0.24905308910276314
21917,2020-06-08 00:00:00,163.9,156,DINHEIRO,JOSE MARIO,60.85,0.39006410256410257
21918,2020-06-08 00:00:00,24,24,DINHEIRO,02 KG 18X27,10.0,0.4166666666666667
21919,2020-06-08 00:00:00,149,149,CHEQUE,AABM,53.75,0.36073825503355705
21920,2020-06-08 00:00:00,1017.58,1017.58,CHEQUE,AABM,315.64,0.3101869140509837
21921,2020-06-08 00:00:00,178.5,178.5,DEBITO,ROSANA,78.3,0.43865546218487395
21922,2020-06-08 00:00:00,641.5,624,DEBITO,JOSI,248.21,0.3977724358974359
21923,2020-06-08 00:00:00,291.75,291.75,CREDITO 3 X ,HAROLDO,126.49,0.43355612682090827
21924,2020-06-08 00:00:00,3614.44,3614.44,TRANSFER ITAU 09/06/2020,GILDO - COTIA,1718.12,0.4753488783878
21925,2020-06-09 00:00:00,178.75,178.75,DINHEIRO / CHEQUE / TRANSFER,ALFA,70.63,0.3951328671328671
21926,2020-06-09 00:00:00,35.1,35.1,DINHEIRO / CHEQUE / TRANSFER,ALFA,15.06,0.42905982905982903
21927,2020-06-09 00:00:00,283.53,270,DEBITO,EBER,134.03,0.4964074074074074
21928,2020-06-09 00:00:00,298,298,DEBITO,OSEIAS,125.0,0.41946308724832215
21929,2020-06-09 00:00:00,155,155,DINHEIRO,GILBERTO,68.16,0.43974193548387097
21930,2020-06-09 00:00:00,350,350,DEBITO,TIAGO ,131.42,0.37548571428571426
21931,2020-06-10 00:00:00,181.55,180,DINHEIRO,JAILTON,75.29,0.4182777777777778
21932,2020-06-10 00:00:00,1141.6,1060,TRANSFER ITAU 12/06/2020,EDSON,465.54,0.43918867924528304
21933,2020-06-10 00:00:00,780,780,DINHEIRO / CHEQUE / TRANSFER,ALFA,246.0,0.3153846153846154
21934,2020-06-10 00:00:00,358.95,340,TRANSFER ITAU 10/06/2020,DANIELA,188.63,0.5547941176470588
21935,2020-06-10 00:00:00,207.2,205,DINHEIRO,DEPOSITO CEARA,48.36,0.23590243902439023
21936,2020-06-10 00:00:00,33,33,DEBITO,3 KGS ARAME,12.0,0.36363636363636365
21937,2020-06-10 00:00:00,223,210,DINHEIRO,MACHO,117.68,0.5603809523809524
21938,2020-06-10 00:00:00,2266.5,2266.5,TRANSFERS BRADESCO,MINERAÇÃO CAIEIRAS,901.95,0.39794837855724685
21939,2020-06-10 00:00:00,119.6,119.6,CHEQUE,AABM,29.44,0.24615384615384617
21940,2020-06-10 00:00:00,2110.5,2110.5,CHEQUES E ABATIMENTOS CRÉDITO,SALVADOR,961.42,0.45554134091447523
21941,2020-06-10 00:00:00,744,724,CREDITO 04X,"20 B 3/8, 01 18X27 E 01 TORCIDO",259.2,0.3580110497237569
21942,2020-06-10 00:00:00,252.45,252.45,DEBITO,FERNANDO BARRETO,154.34,0.6113685878391761
21943,2020-06-11 00:00:00,555,535,DEBITO E DINHEIRO,PAULO,215.72,0.403214953271028
21944,2020-06-11 00:00:00,26.5,26.5,CREDITO EM 09/09/2020,JOAO / GIVANILDO,9.88,0.37283018867924533
21945,2020-06-11 00:00:00,178.8,178.8,TRANSFER ITAU 06/07/2020,FABIANO - OFICINA,75.0,0.4194630872483221
21946,2020-06-11 00:00:00,296,280,DEBITO,TIAGO ,99.02,0.35364285714285715
21947,2020-06-11 00:00:00,102,100,DINHEIRO,2 BARRAS 3/8 + 2 3/16 + 1 ARAME ,36.82,0.3682
21948,2020-06-11 00:00:00,959.4,900,DINHEIRO,EVANGELISTA,381.06,0.4234
21949,2020-06-11 00:00:00,301.5,280,DINHEIRO,MACHO,118.72,0.424
21950,2020-06-12 00:00:00,223.5,215,DEBITO,WILLIAM,93.75,0.436046511627907
21951,2020-06-12 00:00:00,20,20,DINHEIRO,PREGO AÇO 18X27,6.0,0.3
21952,2020-06-12 00:00:00,926.4,880,DINHEIRO,RITA,349.48,0.3971363636363637
21953,2020-06-12 00:00:00,0,0,CANCELADO,ALVARO,0.0,
21954,2020-06-12 00:00:00,271,271,DEBITO,ADAO,156.14,0.5761623616236162
21955,2020-06-12 00:00:00,1027.1,970,DEBITO,WILLIAM,297.49,0.3066907216494845
21956,2020-06-12 00:00:00,241.85,241.85,DINHEIRO / CHEQUE / TRANSFER,ALFA,101.71,0.42054992764109983
21957,2020-06-12 00:00:00,2927.4,2927.4,"PAGOU $ 2.000,00 NESSE PEDIDO E O MESMO FOIAABATIDO DO PEDIDO DO DIA 10/12/2020 ",OZIEL,1242.34,0.4243834119013459
21958,2020-06-12 00:00:00,3004.08,2823,CREDITO 3 X ,EDMILSON,1169.58,0.4143039319872476
21959,2020-06-13 00:00:00,16,16,DEBITO,04 SARRAFOS 5 CM,7.08,0.4425
21960,2020-06-13 00:00:00,447.3,447.3,CHEQUE,AABM,148.17,0.33125419181757204
21961,2020-06-13 00:00:00,2,2,DINHEIRO,"1,50 B 1/4",0.66,0.33
21962,2020-06-13 00:00:00,884.8,858,DINHEIRO,PRIMOSUL,350.6,0.4086247086247087
21963,2020-06-13 00:00:00,89.4,80,DINHEIRO,06 MTS 3/8 9X15,28.1,0.35125
21964,2020-06-15 00:00:00,143.6,143.6,DEBITO,CASA CENTRAL,51.75,0.3603760445682451
21965,2020-06-15 00:00:00,536.4,500,DINHEIRO,TIAGO ,225.0,0.45
21966,2020-06-15 00:00:00,576.6,530,TRANSFER ITAU 15/06/2020,SILMARA,376.56,0.7104905660377359
21967,2020-06-15 00:00:00,77.7,77.7,A RECEBER ,WILSON - VIZINHO,,0.0
21968,2020-06-15 00:00:00,449,449,CREDITO,EDSON ,204.71,0.45592427616926506
21969,2020-06-15 00:00:00,2910,2700,DINHEIRO,DANIEL,1073.33,0.3975296296296296
21970,2020-06-15 00:00:00,368,320,DINHEIRO,FERRAÇO,183.52,0.5735
21971,2020-06-15 00:00:00,354.9,354.9,CHEQUE,AABM,80.78,0.22761341222879686
21972,2020-06-15 00:00:00,357.1,340,CREDITO,JOELMO,138.4,0.4070588235294118
21973,2020-06-15 00:00:00,125.4,125.4,DEBITO,EDNA,50.96,0.40637958532695373
21974,2020-06-15 00:00:00,167.1,160,DEBITO,VITAL,62.85,0.3928125
21975,2020-06-15 00:00:00,3398.52,3245,TRANSFER CAIXA 16/06/2020,MARCELO DI LORENZO,1344.34,0.4142804314329738
21976,2020-06-16 00:00:00,114.4,114.4,DINHEIRO / CHEQUE / TRANSFER,ALFA,45.2,0.3951048951048951
21977,2020-06-16 00:00:00,198,198,CHEQUES E ABATIMENTOS CRÉDITO,SALVADOR,92.88,0.46909090909090906
21978,2020-06-16 00:00:00,722.4,722.4,CHEQUE,DEPOSITO CCM,238.0,0.3294573643410853
21979,2020-06-16 00:00:00,4266.1,4165,TRANSFER ITAU 15/06/2020,GILDO - COTIA,1247.16,0.2994381752701081
21980,2020-06-16 00:00:00,5946.06,5648.76,TRANSFER ITAU 06/07/2020,FABIANO - OFICINA,2398.13,0.42454096120210455
21981,2020-06-16 00:00:00,858,830,TRANSFER ITAU 18/06/2020,NINA,400.3,0.482289156626506
21982,2020-06-16 00:00:00,1404,1262,DINHEIRO,ROGERIO,472.0,0.37400950871632327
21983,2020-06-16 00:00:00,20,20,DINHEIRO,ADAO,7.54,0.377
21984,2020-06-16 00:00:00,779,730,DINHEIRO,FERRAÇO,243.9,0.3341095890410959
21985,2020-06-16 00:00:00,772.6,772.6,CREDITO 4 X ,JOSE PEDRO,331.7,0.42932953662956247
21986,2020-06-16 00:00:00,24,24,DEBITO,1 KG. 18X27 + 1 ARAME,10.0,0.4166666666666667
21987,2020-06-16 00:00:00,381.5,381.5,TRANSFER BRAD EM 24/06,INOVE MOEMA,161.71,0.4238794233289646
21988,2020-06-16 00:00:00,160.8,160,DINHEIRO,PRIMOSUL,78.57,0.49106249999999996
21989,2020-06-16 00:00:00,3900,3900,TRANSFER ITAU 08/07/2020,LNC INVESTIMENTOS,1029.0,0.26384615384615384
21990,2020-06-17 00:00:00,28.6,28.6,DINHEIRO / CHEQUE / TRANSFER,ALFA,11.3,0.3951048951048951
21991,2020-06-17 00:00:00,257.4,257.4,DINHEIRO / CHEQUE / TRANSFER,ALFA,101.7,0.39510489510489516
21992,2020-06-17 00:00:00,131.201,130,DEBITO,FRANCISCO MARTINS,53.8,0.4138461538461538
21993,2020-06-17 00:00:00,1960.2,1860,TRANSFER CAIXA 17/06/2020,AMAURI,710.1,0.3817741935483871
21994,2020-06-17 00:00:00,42,42,CREDITO,2 TABUAS 30 CM ,15.04,0.3580952380952381
21995,2020-06-17 00:00:00,526.35,526.35,TRANSFER ITAU 08/07/2020,LNC INVESTIMENTOS,341.6,0.6489978151420158
21996,2020-06-17 00:00:00,853.6,828,CHEQUE,PRIMOSUL,318.25,0.3843599033816425
21997,2020-06-17 00:00:00,565.74,565.74,CHEQUES E ABATIMENTOS CRÉDITO,SALVADOR,280.98,0.49665924276169265
21998,2020-06-17 00:00:00,778.7,750,DINHEIRO,ANA PAULA,247.88,0.33050666666666667
21999,2020-06-17 00:00:00,16.5,16.5,DEBITO,01 B 1/4,6.85,0.4151515151515151
22000,2020-06-17 00:00:00,1104.3,1080,DEBITO,JONATAN,365.89,0.338787037037037
22001,2020-06-17 00:00:00,3157,3157,TRANSFERS BRADESCO,MINERAÇÃO CAIEIRAS,819.4,0.2595502058916693
22002,2020-06-17 00:00:00,23.9,23.9,CHEQUE,AABM - 1 TELA ,5.9,0.2468619246861925
22003,2020-06-17 00:00:00,689.7,650,DEBITO,LAERTE,279.8,0.4304615384615385
22004,2020-06-17 00:00:00,8643.8,8300,TRANSFER ITAU 17/06/2020,PATRICIA / MARCIO,3585.78,0.432021686746988
22005,2020-06-17 00:00:00,717.6,690,TRANSFER ITAU 17/06/2020,PATRICIA / MARCIO,262.8,0.38086956521739135
22006,2020-06-17 00:00:00,740.3,688,DINHEIRO,EDUARDO,295.87,0.4300436046511628
22007,2020-06-17 00:00:00,2380,2380,CREDITO 04 X,NORBRASIL,593.6,0.24941176470588236
22008,2020-06-18 00:00:00,273.9,260,DINHEIRO,JORGE / JESSICA,39.24,0.15092307692307694
22009,2020-06-18 00:00:00,268.2,260,DINHEIRO,JAILTON,104.3,0.40115384615384614
22010,2020-06-18 00:00:00,399,380,DEBITO,DINHO,130.8,0.3442105263157895
22011,2020-06-18 00:00:00,34,34,DINHEIRO, BARRA 5/16 + 15 ESTR 9X15,14.08,0.41411764705882353
22012,2020-06-18 00:00:00,104.3,100,DINHEIRO,MACHO,39.45,0.3945
22013,2020-06-18 00:00:00,289.54,269,DINHEIRO,EDUARDO,111.35,0.41394052044609664
22014,2020-06-18 00:00:00,442.8,442.8,DEBITO,DEISE,170.56,0.3851851851851852
22015,2020-06-18 00:00:00,167.3,160.3,CREDITO,APOIO TINTAS,42.7,0.2663755458515284
22016,2020-06-18 00:00:00,52,52,DEBITO,3 TABUAS 25 + 1 DE 10 CM,17.06,0.32807692307692304
22017,2020-06-18 00:00:00,89.4,89.4,DINHEIRO,6 METROS 3/8 9X15,37.5,0.4194630872483221
22018,2020-06-18 00:00:00,299.33,250,CHEQUE,WILSON - VIZINHO,89.98,0.35992
22019,2020-06-18 00:00:00,60,60,DINHEIRO,4 TABUAS 25 CM,19.24,0.32066666666666666
22020,2020-06-19 00:00:00,379.9,379.9,CHEQUE,AABM,152.13,0.40044748618057385
22021,2020-06-19 00:00:00,26.5,25,DINHEIRO,01 B 5/16,8.38,0.33520000000000005
22022,2020-06-19 00:00:00,53,53,DEBITO,2 BARRAS 5/16,19.76,0.37283018867924533
22023,2020-06-19 00:00:00,450,450,CREDITO 03 X ,ELIZABETE,165.39,0.3675333333333333
22024,2020-06-19 00:00:00,484.25,484.25,TRANSFER ITAU 19/06/2020,UMBERTO - JAGUARÉ,272.33,0.562374806401652
22025,2020-06-19 00:00:00,198,198,CREDITO,5 BARRAS 3/8 + 2 BARRAS 3/16,74.2,0.3747474747474748
22026,2020-06-19 00:00:00,350,350,DINHEIRO,RETIROU,130.0,0.37142857142857144
22027,2020-06-19 00:00:00,30,30,DINHEIRO,60 ESTR 9X20,16.8,0.56
22028,2020-06-19 00:00:00,57,57,CREDITO,2 TELAS 3.4 20X20,21.4,0.37543859649122807
22029,2020-06-19 00:00:00,20,20,DINHEIRO,"1 TRELIÇA H-8 - 3,00 M ",12.25,0.6125
22030,2020-06-19 00:00:00,0,0,CANCELADO,PRIMOSUL,0.0,
22031,2020-06-20 00:00:00,85.8,85.8,DINHEIRO / CHEQUE / TRANSFER,ALFA,33.9,0.3951048951048951
22032,2020-06-20 00:00:00,90,90,DINHEIRO,6 TABUAS 25 CM,28.86,0.32066666666666666
22033,2020-06-20 00:00:00,942,942,CREDITO 4 X ,JAIRO,395.0,0.41932059447983017
22034,2020-06-20 00:00:00,1176.3,1050,DINHEIRO,CIDA - SÃO BERNARDO,457.43,0.43564761904761906
22035,2020-06-20 00:00:00,1200,1140,DINHEIRO,DORACI - JABAQUARA,506.02,0.44387719298245615
22036,2020-06-20 00:00:00,1042.5,1042.5,CHEQUE,AABM,393.75,0.3776978417266187
22037,2020-06-20 00:00:00,12,12,DINHEIRO,1 KG. ARAME,5.0,0.4166666666666667
22038,2020-06-22 00:00:00,35.1,35.1,DINHEIRO / CHEQUE / TRANSFER,ALFA,15.06,0.42905982905982903
22039,2020-06-22 00:00:00,599,557,DINHEIRO,EDUARDO,192.9,0.3463195691202873
22040,2020-06-22 00:00:00,5,5,DEBITO,"2,60M B 5/16",1.39,0.27799999999999997
22041,2020-06-22 00:00:00,285,270,DINHEIRO,PAULO ,92.0,0.34074074074074073
22042,2020-06-22 00:00:00,17,17,DEBITO,EDNA,8.55,0.5029411764705882
22043,2020-06-22 00:00:00,36,36,CREDITO ,1 BARRA 3/8,13.46,0.37388888888888894
22044,2020-06-22 00:00:00,28.5,28.5,DEBITO,1 TELA 3.4 20X20,10.7,0.37543859649122807
22045,2020-06-22 00:00:00,285.6,277,DINHEIRO,PRIMOSUL,104.2,0.376173285198556
22046,2020-06-22 00:00:00,178,178,DEBITO,2 TELAS 4.2 10X10,50.4,0.28314606741573034
22047,2020-06-22 00:00:00,29.8,29.8,CREDITO,"1 COL 3/8 9X20 - 2,00",12.5,0.41946308724832215
22048,2020-06-22 00:00:00,57,57,TRANSFER ITAU 06/07/2020,FABIANO - OFICINA,21.4,0.37543859649122807
22049,2020-06-22 00:00:00,2568.36,2388.58,DINHEIRO,DANIEL,1093.28,0.45771127615570756
22050,2020-06-22 00:00:00,1856.95,1711.42,DINHEIRO,DANIEL,834.22,0.487443175842283
22051,2020-06-22 00:00:00,171,171,CREDITO 3 X ,BEATRIZ,64.2,0.37543859649122807
22052,2020-06-22 00:00:00,1298.2,1195,CHEQUE E DINHEIRO,WILSON - VIZINHO,587.58,0.4916987447698745
22053,2020-06-22 00:00:00,92,85,CREDITO,WALSON,38.88,0.4574117647058824
22054,2020-06-23 00:00:00,100,100,CREDITO 2 X ,4 18X27 + 4 ARAME + 1 18X27 AÇO,30.0,0.3
22055,2020-06-23 00:00:00,124.2,120,DINHEIRO,MACHO,44.19,0.36824999999999997
22056,2020-06-23 00:00:00,529.1,529.1,DINHEIRO / CHEQUE / TRANSFER,ALFA,209.05,0.3951048951048951
22057,2020-06-23 00:00:00,34.5,34.5,DINHEIRO / CHEQUE / TRANSFER,ALFA,19.78,0.5733333333333334
22058,2020-06-23 00:00:00,100.1,100.1,DINHEIRO / CHEQUE / TRANSFER,ALFA,39.55,0.3951048951048951
22059,2020-06-23 00:00:00,381,381,TRANSFER ITAU 03/07/2020,NINA,222.15,0.5830708661417323
22060,2020-06-23 00:00:00,1190.26,1155,DINHEIRO,PRIMOSUL,313.48,0.27141125541125544
22061,2020-06-23 00:00:00,294,273.4,DINHEIRO,EDUARDO,90.38,0.3305779078273592
22062,2020-06-23 00:00:00,71.4,70,DEBITO,DEISE,29.92,0.42742857142857144
22063,2020-06-23 00:00:00,12,12,CREDITO,1 KG. ARAME ,5.0,0.4166666666666667
22064,2020-06-23 00:00:00,1181.7,1100,TRANSFER ITAU 24 E 25/06,EDINAEL,470.9,0.4280909090909091
22065,2020-06-23 00:00:00,27,27,DEBITO,1 ARAME + 1 TABUA 25 ,9.81,0.36333333333333334
22066,2020-06-23 00:00:00,119.5,119.5,CREDITO,5 TELAS 3.4 20X20,30.5,0.25523012552301255
22067,2020-06-23 00:00:00,95.4,95,DINHEIRO,ADÃO,39.22,0.4128421052631579
22068,2020-06-23 00:00:00,660.03,660.03,CHEQUES E ABATIMENTOS CRÉDITO,SALVADOR,324.03,0.49093223035316574
22069,2020-06-23 00:00:00,294,294,TRANSFER BRAD ,INOVE MOEMA,108.0,0.3673469387755102
22070,2020-06-23 00:00:00,780,780,CREDITO 4  X,JOSINALDO,341.28,0.4375384615384615
22071,2020-06-23 00:00:00,1115.58,1115.58,TRANSFER BRAD EM 26/06/2020,DEPOSITO SANTO ANTONIO,466.61,0.41826673120708513
22072,2020-06-23 00:00:00,28.5,28.5,CHEQUE E DINHEIRO,WILSON - VIZINHO - 1 TELA,10.5,0.3684210526315789
22073,2020-06-23 00:00:00,338.7,320,TRANSFER ITAU 23/06/2020,WELLINGTON,112.8,0.3525
22074,2020-06-24 00:00:00,343.2,343.2,DINHEIRO / CHEQUE / TRANSFER,ALFA,135.6,0.3951048951048951
22075,2020-06-24 00:00:00,700.7,700.7,DINHEIRO / CHEQUE / TRANSFER,ALFA,276.85,0.3951048951048951
22076,2020-06-24 00:00:00,365,365,CREDITO,EDSON ,141.43,0.38747945205479456
22077,2020-06-24 00:00:00,181.9,181.9,CREDITO,JOSE PEDRO,64.21,0.35299615173172066
22078,2020-06-24 00:00:00,782.49,782.49,CREDITO 04X,FRANCISCO ,356.33,0.45537962146481104
22079,2020-06-24 00:00:00,8,8,DEBITO,02 SARRAFOS DE 5CM,3.54,0.4425
22080,2020-06-24 00:00:00,1262.8,1262.8,CREDITO 3 X ,GERALDO,583.84,0.4623376623376624
22080 B,2020-06-24 00:00:00,166.99,166.95,CREDITO,MARCOS,83.91,0.5026055705300988
22081,2020-06-24 00:00:00,5.3,5,DINHEIRO,"2,40M B 5/16",1.66,0.33199999999999996
22082,2020-06-24 00:00:00,215.1,215.1,CREDITO,APOIO TINTAS,54.9,0.25523012552301255
22083,2020-06-24 00:00:00,342,315,CHEQUE,WILSON - VIZINHO,157.08,0.4986666666666667
22084,2020-06-24 00:00:00,730.15,730.15,PAI RECEBEU - LANÇADO EM 05/08/2020,DEPOSITO CCM,253.61,0.3473395877559406
22085,2020-06-24 00:00:00,1276.8,1276.8,CREDITO 4 X ,EVERALDO,588.24,0.46071428571428574
22086,2020-06-24 00:00:00,1440,1280,TRANSFER ITAU 24/06/2020,JARBAS,378.4,0.29562499999999997
22087,2020-06-24 00:00:00,0,0,CANCELADO,AZENATE,0.0,
22088,2020-06-24 00:00:00,3532.5,3532.5,TRANSFERS BRADESCO,MINERAÇÃO CAIEIRAS,1028.0,0.29101203113941965
22089,2020-06-24 00:00:00,196,196,DINHEIRO,JOSE,70.84,0.36142857142857143
22090,2020-06-24 00:00:00,1153.7,1150,DINHEIRO,TIAGO ,432.05,0.37569565217391304
22091,2020-06-25 00:00:00,50,50,DINHEIRO,01 COMPOUND,16.5,0.33
22092,2020-06-25 00:00:00,10,10,DEBITO, METROS FERRO 3/8,4.0,0.4
22093,2020-06-25 00:00:00,399,399,CREDITO 4 X ,LUIS FERNANDO,149.8,0.37543859649122807
22094,2020-06-25 00:00:00,17.8,17.8,DINHEIRO,"2,70 METROS FERRO 1/2 + 1,00 5/16",7.86,0.44157303370786516
22095,2020-06-25 00:00:00,381,381,CREDITO 3 X ,MAGNO,214.4,0.5627296587926509
22096,2020-06-25 00:00:00,518.9,518.9,CREDITO 2 X ,JOSE PEDRO,171.85,0.33118134515320874
22097,2020-06-25 00:00:00,1259.7,1180,DINHEIRO,MACHO,463.93,0.39316101694915256
22098,2020-06-25 00:00:00,444.6,444.6,TRANSFER CAIXA 25/06,MARCELO DI LORENZO,279.48,0.6286099865047233
22099,2020-06-25 00:00:00,744,700,DINHEIRO,20 BARRAS 3/8 + 2 ARAMES ,235.2,0.33599999999999997
22100,2020-06-25 00:00:00,1673.8,1673.8,LINK CREDITO 3 X ,RONALDO - TEMAC,685.98,0.4098339108615128
22101,2020-06-25 00:00:00,119.2,119.2,DEBITO,MIRO OU FABIO,41.59,0.3489093959731544
22102,2020-06-26 00:00:00,48,48,DEBITO,03 ARAME E 01 17X21,19.65,0.409375
22103,2020-06-26 00:00:00,83.88,83.88,DEBITO,EDNA,29.84,0.3557463042441583
22104,2020-06-26 00:00:00,1011.24,1011.24,TRANSFER ITAU 08/07/2020,LNC INVESTIMENTOS,568.61,0.5622898619516633
22105,2020-06-26 00:00:00,312.9,294,DINHEIRO,WILSON - ITAPAIUNA,112.35,0.3821428571428571
22106,2020-06-26 00:00:00,70,70,DINHEIRO,MAGNO,31.32,0.44742857142857145
22107,2020-06-26 00:00:00,498.5,474,DEBITO,PEDRO,170.02,0.3586919831223629
22108,2020-06-26 00:00:00,3739,3739,TRANSFERS BRADESCO,MINERAÇÃO CAIEIRAS,1268.2,0.33918159935811715
22109,2020-06-26 00:00:00,26.5,26,DINHEIRO,1 BARRA 5/16,9.38,0.3607692307692308
22110,2020-06-26 00:00:00,12,11,DINHEIRO,01 ARAME,4.0,0.36363636363636365
22111,2020-06-26 00:00:00,5,5,DINHEIRO,10 ESTRIBOS 9X15,2.8,0.5599999999999999
22112,2020-06-26 00:00:00,1090,1070,DINHEIRO,BASICO,550.86,0.514822429906542
22113,2020-06-26 00:00:00,0,0,CANCELADO,CHICO,0.0,
22114,2020-06-26 00:00:00,825,825,DINHEIRO,JG FERRAGENS,178.35,0.21618181818181817
22115,2020-06-26 00:00:00,24,24,DINHEIRO,1 18X27 + 1 ARAME,10.0,0.4166666666666667
22116,2020-06-26 00:00:00,40,40,DINHEIRO,80 ESTRIBOS 9X25,9.6,0.24
22117,2020-06-29 00:00:00,12,12,DINHEIRO,01 KG ARAME,5.0,0.4166666666666667
22118,2020-06-29 00:00:00,123.75,115,DINHEIRO,EDUARDO,45.25,0.3934782608695652
22119,2020-06-29 00:00:00,36,36,DINHEIRO,4 BARRAS 3/16,13.8,0.38333333333333336
22120,2020-06-29 00:00:00,85.5,85.5,DINHEIRO,PRIMOSUL,35.37,0.41368421052631577
22121,2020-06-29 00:00:00,350,350,CREDITO 2 X ,GERALDO,206.6,0.5902857142857143
22122,2020-06-29 00:00:00,372.5,350,DEBITO E DINHEIRO,JOSUE / RUTE,133.75,0.3821428571428571
22123,2020-06-29 00:00:00,39,39,DEBITO,1 ROLO CONDUITE,21.76,0.557948717948718
22124,2020-06-29 00:00:00,248.37,248.37,CREDITO,EDSON,84.79,0.3413858356484278
22125,2020-06-29 00:00:00,832,832,DINHEIRO / CHEQUE / TRANSFER,ALFA,262.4,0.3153846153846154
22126,2020-06-29 00:00:00,23.9,23.9,DINHEIRO,01 TELA 20X20,6.1,0.25523012552301255
22127,2020-06-30 00:00:00,3629.7,3450,TRASFER ITAU 30/06/2020,JUNIOR,1464.75,0.4245652173913044
22128,2020-06-30 00:00:00,35.1,35.1,DINHEIRO / CHEQUE / TRANSFER,ALFA,15.06,0.42905982905982903
22129,2020-06-30 00:00:00,202.3,200,DEBITO,DEISE,88.74,0.4437
22130,2020-06-30 00:00:00,581.1,550,DINHEIRO,VANDERLEI,212.65,0.38663636363636367
22131,2020-06-30 00:00:00,123.6,123.6,DINHEIRO,DEPOSITO CCM,43.44,0.35145631067961164
22132,2020-06-30 00:00:00,419.1,373,DINHEIRO,ROGERIO,117.15,0.3140750670241287
22133,2020-06-30 00:00:00,171.35,171.35,DEBITO E DINHEIRO,ALAN,71.88,0.4194922672891742
22134,2020-06-30 00:00:00,66,62,DINHEIRO,1 BARRA 3/8 + 2 3/16 + 1 ARAME ,21.36,0.34451612903225803
22135,2020-06-30 00:00:00,759,759,CREDITO 4 X ,MANUEL,308.02,0.4058234519104084
22136,2020-06-30 00:00:00,2126.95,2000,TRANSFER BRADESCO EM 01/07,JOHNNY,614.46,0.30723
22137,2020-06-30 00:00:00,36,36,DEBITO,"1 COL 5/16 9X15 - 3,00",15.96,0.44333333333333336
22138,2020-06-30 00:00:00,515.5,515.5,DINHEIRO E DEBITO,DEPOSITO CEARA,182.43,0.3538894277400582
22139,2020-06-30 00:00:00,327.8,310,DINHEIRO,RITA,119.7,0.38612903225806455
22140,2020-06-30 00:00:00,1031.6,980,TRASFER ITAU 30/06/2020,RICARDO - INTERLAGOS,441.66,0.45067346938775515
Meta,,170000,,, SALÁRIOS + SÁBADOS,11965.0,
Percentual atingido,,1.0800540588235292,,,,,
Meta diária,,7727.28,,,,60579.735000000044,13630.440375000011
22141,2020-07-01 00:00:00,42.9,42.9,DINHEIRO / CHEQUE / TRANSFER,ALFA,16.95,0.3951048951048951
22142,2020-07-01 00:00:00,221.4,221.4,CHEQUE,WILSON,82.32,0.3718157181571815
22143,2020-07-01 00:00:00,350,350,TRANSFER BRADESCO,BAZAR REAL,96.0,0.2742857142857143
22144,2020-07-01 00:00:00,1028.43,977,TRANSFER ITAU 01/07/2020,RICARDO - INTERLAGOS,394.79,0.40408393039918117
22145,2020-07-01 00:00:00,113,113,DINHEIRO,"ADAUTO - 9,50 METROS 5/16 9X15",49.44,0.4375221238938053
22146,2020-07-01 00:00:00,3169.6,3169.6,CHEQUE,PRIMOSUL ,1220.1,0.38493816254416957
22147,2020-07-01 00:00:00,80,80,DEBITO,JACKELINE,33.33,0.41662499999999997
22148,2020-07-01 00:00:00,1021.05,990,DEBITO,RONALDO,385.0,0.3888888888888889
22149,2020-07-01 00:00:00,92,92,DEBITO,2 BARRAS 3/8 + 1 18X27 AÇO,32.92,0.35782608695652174
22150,2020-07-02 00:00:00,56,56,DINHEIRO,08 SARRAFOS DE 10CM,21.04,0.3757142857142857
22151,2020-07-02 00:00:00,296.4,296.4,DINHEIRO / CHEQUE / TRANSFER,ALFA,126.52,0.4268556005398111
22152,2020-07-02 00:00:00,186,186,CHEQUE,WILSON,70.12,0.376989247311828
22153,2020-07-02 00:00:00,840,800,TRANSFER ITAU 02/07/2020,JUNIOR,263.9,0.329875
22154,2020-07-02 00:00:00,280.8,280.8,TRANSFER BRAD 24/07/2020,INOVE MOEMA,120.48,0.42905982905982903
22155,2020-07-02 00:00:00,789,760,DEBITO,CLAUDIO ,273.74,0.36018421052631583
22156,2020-07-02 00:00:00,346.5,346.5,CHEQUES E ABATIMENTOS CRÉDITO,SALVADOR,150.57,0.4345454545454545
22157,2020-07-02 00:00:00,192,180,DINHEIRO,GIVANILDO - 6 SAP 30X30X30,89.04,0.4946666666666667
22158,2020-07-02 00:00:00,1679.5,1600,DINHEIRO,SILAS,510.48,0.31905
22159,2020-07-02 00:00:00,142.5,140,DINHEIRO,05 TELAS 20X20,51.0,0.36428571428571427
22160,2020-07-02 00:00:00,396.42,396.42,CREDITO 03X,CARLOS,166.25,0.41937843701125066
22161,2020-07-02 00:00:00,544.15,517,TRANSFER ITAU 03/07/2020,RICARDO - INTERLAGOS,249.22,0.4820502901353965
22162,2020-07-02 00:00:00,556.04,556.04,BOLETO ,WALLS,283.36,0.5096036256384433
22163,2020-07-02 00:00:00,305.8,305.8,CHEQUE,AABM,115.5,0.3776978417266187
22164,2020-07-03 00:00:00,267.1,267.1,DEBITO,CASA CENTRAL,85.14,0.3187570198427555
22165,2020-07-03 00:00:00,879,879,TRANSFER ITAU 03/07/2020,CELSO,310.9,0.3536973833902161
22166,2020-07-03 00:00:00,400,400,CHEQUE,IRMAOS AMORIM - 2 TURQUESAS,220.0,0.55
22167,2020-07-03 00:00:00,514.8,514.8,DINHEIRO / CHEQUE / TRANSFER,ALFA,203.4,0.39510489510489516
22167 B,2020-07-03 00:00:00,260,260,DINHEIRO / CHEQUE / TRANSFER,ALFA,82.0,0.3153846153846154
22168,2020-07-03 00:00:00,90,90,CREDITO,DEBETTI,57.0,0.6333333333333333
22169,2020-07-03 00:00:00,4800,4500,CREDITO 3 X ,DEBETTI,2376.18,0.52804
22170,2020-07-03 00:00:00,56.7,56.7,CREDITO,"1 COL 3/8 9X15 - 3,00 + 1 ARAME",23.75,0.41887125220458554
22171,2020-07-03 00:00:00,2684,2492,CHEQUE / TRANSFER ITAU / DEBITO,LAERTE,1029.6,0.4131621187800963
22172,2020-07-03 00:00:00,159,159,DINHEIRO,MIRANTE,54.2,0.3408805031446541
22173,2020-07-03 00:00:00,295.5,280,DINHEIRO,MARCELO ,115.41,0.4121785714285714
22174,2020-07-03 00:00:00,193,193,CREDITO 02X,"54,60 METROS FERRO 3/8 + 1 3/8 9X15 - 1,50",77.47,0.40139896373056994
22175,2020-07-03 00:00:00,12,12,DINHEIRO,01 KG 18X27,5.0,0.4166666666666667
22176,2020-07-03 00:00:00,525,525,DINHEIRO,CONSTRUYPE - 1500 ESTRIBOS,195.0,0.37142857142857144
22177,2020-07-03 00:00:00,271.56,271.56,TRANSFER CAIXA 03/07/2020,MARCELO DI LORENZO,190.26,0.700618647812638
22178,2020-07-04 00:00:00,393.25,393.25,DINHEIRO / CHEQUE / TRANSFER,ALFA,155.38,0.3951176096630642
22179,2020-07-04 00:00:00,49.7,49.7,DINHEIRO,MIRANTE,15.78,0.3175050301810865
22180,2020-07-04 00:00:00,510,510,DEBITO,DANIEL,181.0,0.35490196078431374
22181,2020-07-04 00:00:00,0,0,CANCELADO,DANIEL,0.0,
22182,2020-07-04 00:00:00,402.3,380,DINHEIRO,RICARDO - GREGORIO ALEGRI,168.75,0.4440789473684211
22183,2020-07-04 00:00:00,935.18,935.18,CREDITO ,RODRIGO MARTINS - MOOCA,537.28,0.5745204131824889
22184,2020-07-04 00:00:00,1854.5,1854.5,CHEQUES E ABATIMENTOS CRÉDITO,SALVADOR,787.56,0.42467511458614177
22185,2020-07-04 00:00:00,1836.2,1700,DEBITO,JOSE EDVALDO,656.05,0.38591176470588234
22186,2020-07-04 00:00:00,60,60,DINHEIRO,3 METROS 5/16 + 1/2 BARRA 5/16,31.62,0.527
22187,2020-07-04 00:00:00,250.2,250.2,DEBITO,CIDA,102.57,0.40995203836930455
22188,2020-07-06 00:00:00,125.1,125.1,CREDITO 02X,"HUGO - 1 3/8 9X20 - 6,00 + 1 5/16 9X15 - 3,00",53.13,0.4247002398081535
22189,2020-07-06 00:00:00,46,46,CREDITO,FRANCISCO - 1 SAP 6 F 3/8 50X40,22.94,0.4986956521739131
22190,2020-07-06 00:00:00,28.6,28.6,DINHEIRO / CHEQUE / TRANSFER,ALFA,11.3,0.3951048951048951
22191,2020-07-06 00:00:00,251.55,251.55,DINHEIRO / CHEQUE / TRANSFER,ALFA,107.93,0.4290598290598291
22192,2020-07-06 00:00:00,1040,1040,DINHEIRO / CHEQUE / TRANSFER,ALFA,328.0,0.3153846153846154
22193,2020-07-06 00:00:00,36,36,DEBITO,3 KG. ARAME,15.0,0.4166666666666667
22194,2020-07-06 00:00:00,126,126,CHEQUE,LAERTE,45.12,0.3580952380952381
22195,2020-07-06 00:00:00,174,174,TRANSFER BRAD 24/07/2020,INOVE MOEMA,66.24,0.38068965517241377
22196,2020-07-06 00:00:00,14,14,CREDITO,2 SARRAFOS 10 CM,5.26,0.3757142857142857
22197,2020-07-06 00:00:00,5700,5700,CREDITO 4 X ,SEBASTIÃO DE PAULA,2076.53,0.36430350877192985
22198,2020-07-06 00:00:00,350,350,CHEQUE,PANORAMA - 1000 ESTRIBOS SACO,130.0,0.37142857142857144
22199,2020-07-06 00:00:00,41,41,DEBITO,2 PONTALETES + 1 TABUA 30,13.56,0.3307317073170732
22200,2020-07-06 00:00:00,681.04,681.04,DEBITO,CARLOS ALBERTO,369.16,0.5420533302008693
22201,2020-07-06 00:00:00,309.6,309.6,CREDITO 3 X ,GIVANILDO,135.04,0.4361757105943152
22202,2020-07-06 00:00:00,20,20,DEBITO,"8 GRAMPOS 5/16 - 0,70 CM ",12.24,0.612
22203,2020-07-06 00:00:00,110.35,110.35,CHEQUE,AABM,35.83,0.3246941549614862
22204,2020-07-06 00:00:00,309,309,CREDITO,FERNANDO,129.2,0.4181229773462783
22205,2020-07-06 00:00:00,388.3,388,DINHEIRO,NEIA ,108.75,0.2802835051546392
22206,2020-07-06 00:00:00,44.7,44.7,DEBITO,"1 COL 3/8 9X15 - 3,00",18.75,0.4194630872483221
22207,2020-07-06 00:00:00,217.16,217.16,TRANSFER ITAU 23/07/2020,RICARDO - INTERLAGOS,153.91,0.7087400994658316
22208,2020-07-06 00:00:00,1174.5,1140,DINHEIRO,PRIMOSUL ,489.81,0.4296578947368421
22209,2020-07-06 00:00:00,209,193.5,TRANSFER ITAU 06/07/20,CELSO - 6 DE 30 + 8 DE 20,52.34,0.27049095607235146
22210,2020-07-06 00:00:00,134.1,130,DEBITO,"JOSE EDVALDO - 3 3/8 9X20 -3,00",52.15,0.40115384615384614
22211,2020-07-06 00:00:00,89.4,89.4,DINHEIRO,"FERNANDO - 3 COL 3/8 9X15 - 2,00",37.5,0.4194630872483221
22212,2020-07-07 00:00:00,1054.8,1054.8,TRANSFERS BRADESCO,MINERAÇÃO CAIEIRAS,405.54,0.3844709897610922
22213,2020-07-07 00:00:00,498.75,498.75,DEBITO,AUGUSTINHO,211.31,0.4236791979949875
22214,2020-07-07 00:00:00,2184.66,2000,TRANSFER ITAU 09 E 10/07,EDINAEL ,820.49,0.410245
22215,2020-07-07 00:00:00,93.83,93.83,CHEQUE,AABM,37.35,0.3980603218586806
22216,2020-07-07 00:00:00,412.5,390,CREDITO,WALSON,147.0,0.3769230769230769
22217,2020-07-07 00:00:00,120,120,DINHEIRO,ROBERTO - 3 50X50X30,60.96,0.508
22218,2020-07-07 00:00:00,142.8,135,DEBITO,"EVANGELISTA - 4 5/16 9X15 - 3,00",54.72,0.4053333333333333
22219,2020-07-07 00:00:00,213.3,213.3,TRANSFER BRAD 24/07/2020,INOVE MOEMA,49.2,0.23066104078762306
22220,2020-07-07 00:00:00,206.25,200,DINHEIRO,JOAO BATISTA,77.88,0.38939999999999997
22221,2020-07-07 00:00:00,273,273,DEBITO,GILVAN / JEFERSON,89.14,0.32652014652014655
22222,2020-07-07 00:00:00,355,332,DINHEIRO,MINEIRO,145.25,0.4375
22223,2020-07-07 00:00:00,384.85,350,DEBITO,ANAILTON,154.57,0.4416285714285714
22224,2020-07-08 00:00:00,352.47,352.47,CHEQUE,AABM,145.08,0.4116094986807388
22225,2020-07-08 00:00:00,1158.3,1158.3,DINHEIRO / CHEQUE / TRANSFER,ALFA,457.65,0.3951048951048951
22226,2020-07-08 00:00:00,448,448,DINHEIRO / CHEQUE / TRANSFER,ALFA,189.18,0.42227678571428573
22227,2020-07-08 00:00:00,1344.2,1344.2,DINHEIRO / CHEQUE / TRANSFER,ALFA,531.1,0.3951048951048951
22228,2020-07-08 00:00:00,234,234,DINHEIRO / CHEQUE / TRANSFER,ALFA,115.92,0.49538461538461537
22229,2020-07-08 00:00:00,36,36,CHEQUE,WILSON VIZINHO - 2 ARAME + 1 18X27,15.0,0.4166666666666667
22230,2020-07-08 00:00:00,108,108,DEBITO,3 BARRAS 3/8,40.38,0.37388888888888894
22231,2020-07-08 00:00:00,476,476,CREDITO 3 X ,GIVANILDO,208.4,0.43781512605042017
22232,2020-07-08 00:00:00,237,237,CREDITO 2 X ,GUTO,91.6,0.38649789029535864
22233,2020-07-08 00:00:00,72,70,DEBITO,02 B 3/8,24.92,0.35600000000000004
22234,2020-07-08 00:00:00,730.5,730.5,A RECEBER,JULIO ,,0.0
22235,2020-07-08 00:00:00,11,11,DEBITO,01 B 5/.0,3.35,0.30454545454545456
22236,2020-07-08 00:00:00,74.5,74.5,DEBITO,23 METROS FERRO 3/8,31.26,0.4195973154362416
22237,2020-07-08 00:00:00,310,310,DEBITO,FRANCISCO,130.0,0.41935483870967744
22238,2020-07-08 00:00:00,55,55,DEBITO,5 BARRAS 05.00 MM,16.75,0.30454545454545456
22239,2020-07-08 00:00:00,2178.99,2070.04,TRANSFER CAIXA EM 08/07/2020,WESLEY SANTOS ,918.38,0.4436532627388843
22240,2020-07-08 00:00:00,5372.84,5050,TRANSFER + CHEQUE + DEBITO,LAERTE,2271.57,0.44981584158415844
22241,2020-07-08 00:00:00,472.15,472.15,CREDITO 3 X ,LUCAS,188.27,0.3987503971195595
22242,2020-07-08 00:00:00,1005.8,960,DINHEIRO,DORACI,453.6,0.47250000000000003
22243,2020-07-08 00:00:00,33.6,33.6,DEBITO,"11,20 METROS 3/8",12.54,0.37321428571428567
22244,2020-07-09 00:00:00,497,465,TRANSFER ITAU 09 E 10/07,WELLINGTON,184.02,0.395741935483871
22245,2020-07-10 00:00:00,277.3,277.3,DEBITO,JOSINALDO,99.01,0.3570501262170934
22246,2020-07-10 00:00:00,111.2,111.2,CHEQUE,AABM,42.0,0.3776978417266187
22247,2020-07-10 00:00:00,641.52,610,DINHEIRO,GENILDO 9 SAP 8 F 3/8 80X40,267.1,0.4378688524590164
22248,2020-07-10 00:00:00,127.65,127.65,CREDITO,1 DE 15 + 2 DE 20 + 20 ESTR 9X15 + ,98.21,0.7693693693693693
22249,2020-07-10 00:00:00,50,50,DINHEIRO,100 ESTR 9X25,28.0,0.56
22250,2020-07-10 00:00:00,48,48,DINHEIRO,2 ARAME + 2 18X27,20.0,0.4166666666666667
22251,2020-07-10 00:00:00,313.5,300,TRANSFER ITAU 10/07/2020,ANAILTON,104.2,0.3473333333333333
22252,2020-07-10 00:00:00,5310.62,5040,TRANSFER ITAU 10/07/2020,PAULO TADEU ,1204.08,0.2389047619047619
22253,2020-07-10 00:00:00,10549,10000,TRANSFER ITAU 10/07/2020,JUNIOR ,4540.22,0.45402200000000004
22254,2020-07-10 00:00:00,40,40,DEBITO,4 SARRAFOS 15 CM ,13.6,0.33999999999999997
22255,2020-07-10 00:00:00,65,65,DINHEIRO,EVERALDO,16.73,0.2573846153846154
22256,2020-07-10 00:00:00,180,180,DEBITO,JOSE CARLOS,77.2,0.42888888888888893
22257,2020-07-10 00:00:00,39.75,39.75,CREDITO,"VALQUIRIA - 1 3/8 10X10 - 2,50",18.12,0.4558490566037736
22258,2020-07-11 00:00:00,143,143,DINHEIRO / CHEQUE / TRANSFER,ALFA,56.5,0.3951048951048951
22259,2020-07-11 00:00:00,0,0,CANCELOU ,ALFA,0.0,
22260,2020-07-11 00:00:00,29.8,29.8,CREDITO,"01 3/8 9X15 2,00M",12.5,0.41946308724832215
22261,2020-07-11 00:00:00,50,50,DEBITO,05 TAB 10 E 01 17X21 AÇO,21.15,0.423
22262,2020-07-11 00:00:00,2470,2340,TRANSFER ITAU 13/07,JUNIOR,1061.32,0.45355555555555555
22263,2020-07-11 00:00:00,83.4,78,DINHEIRO,06 MTS 3/8 9X15,26.1,0.33461538461538465
22264,2020-07-11 00:00:00,2882.9,2680,DINHEIRO,DANIEL,1190.58,0.4442462686567164
22265,2020-07-11 00:00:00,798.5,798.5,CHEQUE,WILSON VIZINHO,306.94,0.3843957420162805
22266,2020-07-11 00:00:00,361.4,361.4,CHEQUE,AABM,136.5,0.37769784172661874
22267,2020-07-13 00:00:00,686.4,686.4,CANCELOU ,ALFA,0.0,0.0
22268,2020-07-13 00:00:00,607.8,600,CREDITO 2 X ,JOSE CAIONI,271.78,0.45296666666666663
22269,2020-07-13 00:00:00,134.1,120,DEBITO,ROGERIO,42.15,0.35125
22270,2020-07-13 00:00:00,96,96,DINHEIRO,MACHO 4 ARAME + 4 18X27,40.0,0.4166666666666667
22271,2020-07-13 00:00:00,57,57,CHEQUE,WILSON VIZINHO - 2 TELAS,21.4,0.37543859649122807
22272,2020-07-13 00:00:00,178.5,170,DINHEIRO,EVANGELISTA,69.65,0.4097058823529412
22273,2020-07-13 00:00:00,389.85,357,DINHEIRO,TIAGO ,124.12,0.34767507002801123
22274,2020-07-13 00:00:00,157.4,157.4,CREDITO 02X,FRANCISCO,69.72,0.44294790343074963
22275,2020-07-13 00:00:00,39,39,CREDITO,01 CONDUITE,21.76,0.557948717948718
22276,2020-07-13 00:00:00,491.3,491.3,CHEQUE,AABM,194.46,0.3958070425401995
22277,2020-07-13 00:00:00,1265.25,1265.25,TRANSFERS BRADESCO,MINERAÇÃO CAIEIRAS,433.59,0.3426911677534084
22278,2020-07-13 00:00:00,20,20,DINHEIRO,1 KG. PREGO 18X27 AÇO,5.0,0.25
22279,2020-07-13 00:00:00,470.25,445,DINHEIRO,EVANGELISTA,180.13,0.4047865168539326
22280,2020-07-13 00:00:00,115.5,115.5,DEBITO,ANAILTON - 10 METROS FERRO 3/8 + 3 TELAS 20X20,43.3,0.3748917748917749
22281,2020-07-13 00:00:00,28.5,28.5,DINHEIRO,JOHNNY - 1 TELA 3.4 20X20,10.7,0.37543859649122807
22282,2020-07-13 00:00:00,3887.94,3770,TRANSFER CAIXA EM 14/07/2020,PATRICIA / MARCIO,1541.12,0.40878514588859416
22283,2020-07-13 00:00:00,96,96,TRANSFER ITAU 13/07,ANAILTON - 32 METROS FERRO 3/8,35.84,0.37333333333333335
22284,2020-07-14 00:00:00,0,0,CANCELOU ,ALFA,0.0,
22285,2020-07-14 00:00:00,245.7,245.7,DINHEIRO / CHEQUE / TRANSFER,ALFA,105.42,0.4290598290598291
22286,2020-07-14 00:00:00,187.8,187.8,DEBITO,FERNANDO / PAULO,78.45,0.41773162939297126
22287,2020-07-14 00:00:00,26.5,25,DINHEIRO,01 B 5/16,8.38,0.33520000000000005
22288,2020-07-14 00:00:00,298.56,280,DINHEIRO,MACHO,121.17,0.43275
22289,2020-07-14 00:00:00,543.6,520,TRANSFER ITAU 14/07/2020,JANIO GOUVEIA,193.54,0.37219230769230766
22290,2020-07-14 00:00:00,101.25,100,DEBITO,"7,50 METROS 5/16 9X15 + 1 ARAME",42.82,0.4282
22291,2020-07-14 00:00:00,2961.82,2961.82,TRANFER CAIXA EM 14/07/2020,WESLEY SANTOS ,1376.69,0.46481217629700655
22292,2020-07-14 00:00:00,43,43,DINHEIRO,1 SARRAFO 10 + 1 BARRA 3/8,16.09,0.3741860465116279
22293,2020-07-14 00:00:00,918.28,918.28,DEBITO,CARLOS ALBERTO,505.22,0.5501807727490526
22293 B,2020-07-14 00:00:00,6,6,DINHEIRO,3 MTS B 5/16,1.85,0.30833333333333335
22294,2020-07-14 00:00:00,14,14,DINHEIRO,6 METROS FERRO 5/16,5.69,0.4064285714285715
22295,2020-07-14 00:00:00,2195,2195,TRANSFER BRADESCO 28/07/2020,DEPOSITO SANTO ANTONIO,805.3,0.366879271070615
22296,2020-07-14 00:00:00,229.9,229.9,DINHEIRO,DEPOSITO JH,77.71,0.3380165289256198
22297,2020-07-14 00:00:00,228.2,220,DEBITO,JOSE ERIVALDO,95.94,0.4360909090909091
22298,2020-07-14 00:00:00,214.2,200,DINHEIRO,"6 COL 5/16 9X15 - 3,00",79.58,0.3979
22299,2020-07-14 00:00:00,131.1,131.1,CHEQUE,AABM,54.17,0.41319603356216633
22300,2020-07-14 00:00:00,493.45,493.45,CHEQUE,AABM,186.38,0.37770797446549803
22301,2020-07-15 00:00:00,135.6,130,DINHEIRO,DANIEL,66.96,0.515076923076923
22302,2020-07-15 00:00:00,123,123,CREDITO 2 X ,03 TAB 30 / 03 20CM / 03 10CM,41.79,0.3397560975609756
22302,2020-07-15 00:00:00,924.6,900,DINHEIRO,MACHO,420.18,0.46686666666666665
22303,2020-07-15 00:00:00,2717.2,2717.2,CHEQUES E ABATIMENTOS CRÉDITO,SALVADOR,1257.88,0.4629324304431033
22304,2020-07-15 00:00:00,688.38,688.38,CREDITO 2 X ,VANDERLEI,288.75,0.41946308724832215
22305,2020-07-15 00:00:00,201.5,201.5,CREDITO EM 09/09/2020,GIVANILDO,89.94,0.44635235732009926
22306,2020-07-15 00:00:00,150.3,150,DEBITO,EDSON,66.39,0.4426
22307,2020-07-15 00:00:00,95,95,DEBITO,"10 METROS TRELIÇA + 1 3/8 9X15 - 2,00",51.87,0.5459999999999999
22308,2020-07-15 00:00:00,564,560,TRANSFERS ITAU 16/07,ANAILTON,235.48,0.4205
22309,2020-07-15 00:00:00,5550,5550,TRANSFER ITAU 29/07/2020,LNC INVESTIMENTOS,1959.0,0.352972972972973
22310,2020-07-16 00:00:00,630,600,DINHEIRO,JAILTON,236.29,0.39381666666666665
22311,2020-07-16 00:00:00,1474,1474,DINHEIRO / CHEQUE / TRANSFER,ALFA,585.94,0.39751696065128905
22312,2020-07-16 00:00:00,71.5,71.5,DINHEIRO / CHEQUE / TRANSFER,ALFA,28.25,0.3951048951048951
22313,2020-07-16 00:00:00,1043.9,1043.9,DINHEIRO / CHEQUE / TRANSFER,ALFA,412.45,0.39510489510489505
22314,2020-07-16 00:00:00,596,566,TRANSFER ITAU 15/07,JUNIOR,250.0,0.4416961130742049
22315,2020-07-16 00:00:00,563,563,CREDITO 3 X ,JOSINALDO,224.75,0.39920071047957373
22316,2020-07-16 00:00:00,18,18,DEBITO,6 METROS FERRO 3/8,6.73,0.37388888888888894
22317,2020-07-16 00:00:00,175,175,DINHEIRO,CONSTRUYPE - 500 ESTR,65.0,0.37142857142857144
22318,2020-07-16 00:00:00,45.6,45.6,A RECEBER,AABM,18.84,0.4131578947368421
22320,2020-07-16 00:00:00,1439.13,1439.13,DEBITO,VALDIR,601.37,0.4178705189941145
22321,2020-07-16 00:00:00,508.7,508.7,CREDITO 3 X ,JOSE PEDRO,208.25,0.4093768429329664
22322,2020-07-16 00:00:00,178.8,180,DINHEIRO,JOSINALDO,76.2,0.42333333333333334
22322,2020-07-16 00:00:00,13,13,DINHEIRO,"2 PEÇAS 3/8 - 2,20 M ",4.73,0.3638461538461539
22323,2020-07-16 00:00:00,200,200,CREDITO,14 METROS 3/8 9X20,78.9,0.3945
22324,2020-07-16 00:00:00,77,77,DEBITO,LAERTE,27.65,0.35909090909090907
22325,2020-07-17 00:00:00,128.25,120,DEBITO,RONALDO,27.75,0.23125
22326,2020-07-17 00:00:00,91.5,91.5,CREDITO EM 09/09/2020,GIVANILDO,34.64,0.3785792349726776
22327,2020-07-17 00:00:00,128.7,120,DEBITO,RETIROU,47.09,0.3924166666666667
22328,2020-07-17 00:00:00,285,270,TRANSFER ITAU 17/07/20,JUNIOR,92.0,0.34074074074074073
22329,2020-07-17 00:00:00,627.5,627.5,DEBITO,MILTON RESENDE,226.75,0.36135458167330675
22330,2020-07-17 00:00:00,324,324,DEBITO,LAERTE,154.98,0.4783333333333333
22331,2020-07-17 00:00:00,89,89,CHEQUE,WILSON VIZINHO - 2 BARRAS 5/16 + 2 ARAME + 1 18X27,34.76,0.39056179775280897
22332,2020-07-17 00:00:00,39,39,DINHEIRO,1 CONDUITE,21.76,0.557948717948718
22333,2020-07-17 00:00:00,35,35,DEBITO,3 METROS 5/16 9X15,14.93,0.42657142857142855
22334,2020-07-17 00:00:00,3672.36,3300,TRANSFER BRAD EM 17/07/2020,JOSE HILTON,1385.46,0.4198363636363637
22335,2020-07-17 00:00:00,320.35,300,DEBITO,CARLOS,134.38,0.4479333333333333
22336,2020-07-17 00:00:00,1354.5,1354.5,TRANSFER BRADESCO 28/07/2020,DEPOSITO SANTO ANTONIO,446.25,0.32945736434108525
22337,2020-07-17 00:00:00,556,515,DINHEIRO,CEARA,170.0,0.3300970873786408
22338,2020-07-17 00:00:00,3658.6,3658.6,TRANSFERS BRADESCO,MINERAÇÃO CAIEIRAS,1292.12,0.3531733449953534
22339,2020-07-17 00:00:00,342,342,CREDITO 2 X ,FRANCISCO,128.4,0.37543859649122807
22340,2020-07-17 00:00:00,0,0,CANCELOU ,RENATA,0.0,
22341,2020-07-18 00:00:00,128.7,128.7,DINHEIRO / CHEQUE / TRANSFER,ALFA,50.85,0.39510489510489516
22342,2020-07-18 00:00:00,83.7,81.9,DINHEIRO / CHEQUE / TRANSFER,ALFA,36.27,0.44285714285714284
22343,2020-07-18 00:00:00,132,132,DEBITO,38 METROS FERRO 3/8 + 1 ARAME,53.56,0.40575757575757576
22344,2020-07-18 00:00:00,271.72,271.72,DEBITO,CARLOS ALBERTO,182.72,0.6724569409686442
22345,2020-07-18 00:00:00,96,96,CHEQUE,WILSON - 4 TABUAS 30 + 1 ARAME,35.08,0.36541666666666667
22345 B,2020-07-18 00:00:00,21,21,DEBITO,1 TABUAS 30 CM ,7.52,0.3580952380952381
22346,2020-07-18 00:00:00,25,25,DINHEIRO,1 TELA 3.4 20X20,7.2,0.28800000000000003
22347,2020-07-18 00:00:00,40,40,DEBITO,4 PONTALETES,12.08,0.302
22348,2020-07-18 00:00:00,800.8,770,CREDITO E DINHEIRO,EVERALDO,315.46,0.40968831168831166
22349,2020-07-18 00:00:00,28,28,DINHEIRO,1 18X27 2 CAB + 1 ARAME,10.0,0.35714285714285715
22350,2020-07-20 00:00:00,12,12,DINHEIRO,4 MTS 3/8,4.48,0.37333333333333335
22351,2020-07-20 00:00:00,18,18,DINHEIRO,08 MTS 5/16,6.92,0.3844444444444444
22352,2020-07-20 00:00:00,1218,1218,DINHEIRO,CELIO ,529.16,0.43444991789819376
22353,2020-07-20 00:00:00,26.5,26.5,DINHEIRO,1 BARRA 5/16,9.88,0.37283018867924533
22354,2020-07-20 00:00:00,1223.9,1170,TRANSFER ITAU 20/07/2020,ORLANDO,440.15,0.37619658119658117
22355,2020-07-20 00:00:00,1033,980,DEBITO,WALSON,334.5,0.3413265306122449
22356,2020-07-20 00:00:00,408.4,408.4,CREDITO 3 X ,FERNANDO,157.6,0.38589618021547506
22357,2020-07-20 00:00:00,100,100,TRANSFER ITAU 20/07/2020,ANAILTON - 7 METROS 3/8 9X20,39.45,0.3945
22358,2020-07-20 00:00:00,1497.2,1497.2,CHEQUES E ABATIMENTOS CRÉDITO,SALVADOR,694.3,0.46373230029388185
22359,2020-07-20 00:00:00,1818.9,1818.9,CHEQUE,DEPOSITO CCM,599.25,0.32945736434108525
22360,2020-07-20 00:00:00,33,33,DINHEIRO,3 KG. ARAME ,12.0,0.36363636363636365
22361,2020-07-20 00:00:00,12,12,DINHEIRO,1 ARAME ,5.0,0.4166666666666667
22362,2020-07-20 00:00:00,30,30,DEBITO,10 MTS B 3/8,11.2,0.3733333333333333
22363,2020-07-20 00:00:00,656.4,640,DEBITO,FERNANDO,244.445,0.38194531249999997
22364,2020-07-20 00:00:00,26.5,26.5,CREDITO EM 09/09/2020,GIVANILDO - 1 BARRA 5/16,9.88,0.37283018867924533
22365,2020-07-21 00:00:00,24,24,DEBITO,02 KG ARAME,10.0,0.4166666666666667
22366,2020-07-21 00:00:00,798.78,798.78,TRANSFER BRADESCO 28/07/2020,DEPOSITO SANTO ANTONIO,294.7,0.3689376298855755
22367,2020-07-21 00:00:00,156,156,DINHEIRO / CHEQUE / TRANSFER,ALFA,77.28,0.49538461538461537
22368,2020-07-21 00:00:00,139.42,139.42,DINHEIRO / CHEQUE / TRANSFER,ALFA,57.85,0.41493329507961557
22369,2020-07-21 00:00:00,245.7,245.7,DINHEIRO / CHEQUE / TRANSFER,ALFA,105.42,0.4290598290598291
22370,2020-07-21 00:00:00,42.9,42.9,DINHEIRO / CHEQUE / TRANSFER,ALFA,16.95,0.3951048951048951
22371,2020-07-21 00:00:00,0,0,CANCELOU ,ALFA,0.0,
22372,2020-07-21 00:00:00,372,350,DEBITO,ANAILSON,116.18,0.33194285714285715
22373,2020-07-21 00:00:00,0,0,CANCELOU ,ALFA,0.0,
22374,2020-07-21 00:00:00,67,67,CREDITO,"1 3/8 9X20 - 4,50 M ",28.07,0.418955223880597
22375,2020-07-21 00:00:00,83.4,83.4,DINHEIRO,MIRANTE - 6 METROS 3/8 9X15,31.5,0.3776978417266187
22376,2020-07-21 00:00:00,12,12,DINHEIRO,"1 PEÇA 3/8 COM 3,50 M ",5.42,0.45166666666666666
22377,2020-07-21 00:00:00,60,60,CREDITO,2 TELAS 3.4 20X20,24.4,0.4066666666666666
22378,2020-07-21 00:00:00,90.35,90.35,CHEQUE,AABM,34.13,0.3777531820697289
22379,2020-07-21 00:00:00,808,750,DINHEIRO,JOAO - JABAQUARA,238.0,0.31733333333333336
22380,2020-07-21 00:00:00,1477.08,1150,DINHEIRO,EDMILSON - GÁS,399.09,0.34703478260869564
22381,2020-07-21 00:00:00,896,896,CREDITO 03X,JOAO VL SONIA,371.05,0.4141183035714286
22382,2020-07-21 00:00:00,1935.7,1860,TRANSFER ITAU 21/07/2020,MARCIO MORAES,821.25,0.4415322580645161
22383,2020-07-21 00:00:00,74.5,74.5,CREDITO,"1 COL 3/8 9X15 - 5,00",31.25,0.41946308724832215
22384,2020-07-21 00:00:00,149,149,DEBITO,ALAN - 10 METROS 3/8 9X15,62.5,0.41946308724832215
22385,2020-07-21 00:00:00,89.4,89.4,TRANSFER BRAD 03/08/2020,JORGE ,37.5,0.4194630872483221
22386,2020-07-22 00:00:00,257.4,257.4,DINHEIRO / CHEQUE / TRANSFER,ALFA,101.7,0.39510489510489516
22387,2020-07-22 00:00:00,26.5,26.5,CREDITO EM 09/09/2020,GIVANILDO - 1 BARRA 5/16,9.88,0.37283018867924533
22388,2020-07-22 00:00:00,1251,1251,CHEQUE,AABM,498.0,0.3980815347721823
22389,2020-07-22 00:00:00,2397.4,2283.59,TRANSFER CAIXA 22/07/2020,WESLEY SANTOS ,1337.09,0.5855210436199142
22390,2020-07-22 00:00:00,322.8,305,DINHEIRO,ROMOS,131.52,0.4312131147540984
22391,2020-07-22 00:00:00,13,13,CREDITO,"4,50 METROS FERRO 3/8",4.54,0.34923076923076923
22392,2020-07-22 00:00:00,1191.05,1191.05,CREDITO 2 X ,DEBETTI,736.94,0.6187313714789472
22393,2020-07-22 00:00:00,232.02,227,DEBITO,SAMI,101.6,0.4475770925110132
22394,2020-07-22 00:00:00,117.4,117.4,DEBITO,MIRANTE,48.08,0.4095400340715502
22395,2020-07-22 00:00:00,1387.6,1387.6,CHEQUE,AABM,545.7,0.3932689535889306
22396,2020-07-22 00:00:00,714.14,685,DEBITO,NIVALDO,267.45,0.39043795620437954
22397,2020-07-22 00:00:00,9,9,DEBITO,6 METROS FERRO 1/4,3.69,0.41
22398,2020-07-22 00:00:00,315,315,DINHEIRO,DEPOSITO UFS,97.0,0.30793650793650795
22399,2020-07-22 00:00:00,78,78,DINHEIRO,"1 SAP 40X30 + 2,20 METROS 3/8 9X20 + 8 9X20",39.79,0.5101282051282051
22400,2020-07-22 00:00:00,18,18,CREDITO,2 BARRAS 3/16,6.9,0.38333333333333336
22401,2020-07-22 00:00:00,38,38,CREDITO,"1 COL 3/8 9X20 - 2,50",16.38,0.43105263157894735
22402,2020-07-23 00:00:00,83.4,80,DINHEIRO,RODOLFO,39.86,0.49824999999999997
22403,2020-07-23 00:00:00,36,36,DEBITO,03 KG ARAME,15.0,0.4166666666666667
22404,2020-07-23 00:00:00,45,45,CREDITO,1 TELA 3.4 15X15,19.3,0.42888888888888893
22405,2020-07-23 00:00:00,700.45,680,DEBITO,EDSON,276.84,0.4071176470588235
22406,2020-07-23 00:00:00,67,67,DEBITO,"22,50M B 3/8",24.7,0.3686567164179104
22407,2020-07-23 00:00:00,77,73,DEBITO,01 TELA 15X15 4.2 E 01 TORCIDO,26.75,0.3664383561643836
22408,2020-07-23 00:00:00,97.3,97.3,CHEQUE,AABM,36.75,0.37769784172661874
22409,2020-07-23 00:00:00,10,10,DINHEIRO,1 BARRA 3/16,4.45,0.445
22410,2020-07-23 00:00:00,305.8,305.8,CHEQUE,AABM,115.5,0.3776978417266187
22411,2020-07-24 00:00:00,119.2,115,TRANSFER ITAU 24/07/2020,PAULO TADEU ,45.8,0.3982608695652174
22412,2020-07-24 00:00:00,306.9,306.9,CREDITO 3 X ,JOSE PEDRO,70.4,0.22939068100358426
22413,2020-07-24 00:00:00,1383.96,1250,TRANSFER ITAU 28/07/2020,EDINAEL ,481.49,0.38519200000000003
22414,2020-07-24 00:00:00,350,350,CHEQUE,PANORAMA - 1000 ESTRIBOS SACO,130.0,0.37142857142857144
22415,2020-07-24 00:00:00,1059.9,1000,TRANSFER ITAU 24/07/2020,JUNIOR,390.6,0.3906
22416,2020-07-24 00:00:00,633.65,600,DINHEIRO,TIM / TONINHO,230.44,0.38406666666666667
22417,2020-07-24 00:00:00,304.5,304.5,CREDITO 3 X ,ZINHA,138.91,0.4561904761904762
22418,2020-07-24 00:00:00,114.4,114.4,DINHEIRO / CHEQUE / TRANSFER,ALFA,45.2,0.3951048951048951
22419,2020-07-24 00:00:00,107.6,107.6,DINHEIRO,PAULO,48.81,0.4536245353159852
22420,2020-07-24 00:00:00,271.15,255,DEBITO,EDSON,99.84,0.3915294117647059
22421,2020-07-24 00:00:00,480,480,TRANSFER ITAU 29/07/2020,LNC INVESTIMENTOS,321.24,0.66925
22422,2020-07-24 00:00:00,408,408,DEBITO,JOSE LUIS,292.63,0.7172303921568627
22423,2020-07-24 00:00:00,30,30,DEBITO,2 METROS 3/8 9X20,12.7,0.4233333333333333
22425,2020-07-25 00:00:00,150,150,DINHEIRO,05 B 3/8,37.3,0.24866666666666665
22426,2020-07-25 00:00:00,1620,1620,DEBITO,RENATO,694.8,0.4288888888888889
22427,2020-07-25 00:00:00,44.5,44.5,CREDITO,DEBETTI - 50 ESTR 9X25,25.5,0.5730337078651685
22428,2020-07-25 00:00:00,92.3,92.3,CREDITO,JOSEFA,39.59,0.4289274106175515
22429,2020-07-25 00:00:00,1614.75,1614.75,TRANSFERS BRADESCO,MINERAÇÃO CAIEIRAS,510.72,0.3162842545285648
22430,2020-07-25 00:00:00,44.7,44.7,DEBITO,"01 3/8 9X15 3,00M",18.75,0.4194630872483221
22431,2020-07-25 00:00:00,32,32,DINHEIRO,40 ESTRIBOS 9X20 E 01 17X21,15.8,0.49375
22432,2020-07-25 00:00:00,125.6,125.6,CREDITO,JUAREZ,65.06,0.5179936305732484
22433,2020-07-27 00:00:00,3848.25,3650,DINHEIRO,JOAO HENRIQUE,1417.41,0.3883315068493151
22434,2020-07-27 00:00:00,2506.3,2380,TRANSFER ITAU 27/07/2020,JUNIOR,1085.56,0.4561176470588235
22435,2020-07-27 00:00:00,144,135,DINHEIRO,JEFERSON,64.08,0.4746666666666667
22436,2020-07-27 00:00:00,525,525,DINHEIRO,CONSTRUYPE - 1500 ESTRIBOS,195.0,0.37142857142857144
22437,2020-07-27 00:00:00,253.3,253.3,CAIXA TEM / CIELO,GIL,106.25,0.41946308724832215
22438,2020-07-27 00:00:00,1252.4,1252.4,DINHEIRO / CHEQUE / TRANSFER,ALFA,500.76,0.39984030661130626
22439,2020-07-27 00:00:00,55,55,CREDITO,LUIZ FERNANDO,20.1,0.3654545454545455
22440,2020-07-27 00:00:00,314.93,284.93,TRANSFER ITAU 27/07/2020,YOSHIE,240.0,0.8423121468430842
22441,2020-07-27 00:00:00,471.4,471.4,CREDITO 3 X ,JOAO VL SONIA,297.77,0.6316716164616037
22442,2020-07-27 00:00:00,990,990,CHEQUES E ABATIMENTOS CRÉDITO,SALVADOR,492.41,0.49738383838383843
22443,2020-07-27 00:00:00,1167.1,1167.1,CHEQUE,BASICO,532.44,0.4562076942849799
22444,2020-07-27 00:00:00,858,858,DINHEIRO / CHEQUE / TRANSFER,ALFA,339.0,0.3951048951048951
22445,2020-07-28 00:00:00,42,40,DINHEIRO,40 ESTRIBOS 9X20 E 01 TORCIDO,24.2,0.605
22446,2020-07-28 00:00:00,983.4,983.4,CREDITO,FERNANDO,402.84,0.40964002440512504
22447,2020-07-28 00:00:00,65,65,DINHEIRO,01 B 1/2,24.12,0.3710769230769231
22448,2020-07-28 00:00:00,520,520,DINHEIRO / CHEQUE / TRANSFER,ALFA,164.0,0.3153846153846154
22449,2020-07-28 00:00:00,1510.56,1440,CHEQUE,MACHO,633.88,0.44019444444444444
22450,2020-07-28 00:00:00,104.25,104.25,CHEQUE,AABM,39.38,0.37774580335731417
22450 B,2020-07-28 00:00:00,35,35,DINHEIRO,"10 PEÇAS 3/8 - 0,70 CM ",21.84,0.624
22451,2020-07-28 00:00:00,26.5,26.5,DEBITO,1 BARRA 5/16,9.88,0.37283018867924533
22452,2020-07-28 00:00:00,312.9,312.9,CREDITO 2 X ,JOSINALDO,131.25,0.41946308724832215
22453,2020-07-28 00:00:00,3200,3200,TRANSFER ITAU 28/07/2020,DEPOSITO LATEM,797.0,0.2490625
22454,2020-07-28 00:00:00,180,175,DEBITO ,GEOVANIL,62.3,0.356
22455,2020-07-28 00:00:00,594,594,TRANSFER BRAD EM 07/08/2020,DEPOSITO SANTO ANTONIO,192.6,0.3242424242424242
22456,2020-07-28 00:00:00,12,12,DINHEIRO,1 KG. ARAME ,5.0,0.4166666666666667
22457,2020-07-28 00:00:00,616,590,DINHEIRO,PRIMOSUL ,267.16,0.45281355932203393
22458,2020-07-28 00:00:00,3460.82,3200,TRANSFER ITAU 28/07/2020,EDSON,1617.72,0.5055375
22459,2020-07-28 00:00:00,145.11,145.11,"FALTAM $ 11,00",ELVIS,59.6,0.4107228998690648
22460,2020-07-28 00:00:00,3356.4,3190,DINHEIRO,PRIMOSUL ,1170.26,0.3668526645768025
22462,2020-07-29 00:00:00,2516,2350,TRANSFER ITAU 29/07/2020,PETER,826.16,0.35155744680851064
22463,2020-07-29 00:00:00,354,340,TRANSFER ITAU 30/07/2020,EDSON,130.88,0.38494117647058823
22464,2020-07-29 00:00:00,26.5,26.5,DEBITO,1 BARRA 5/16,9.88,0.37283018867924533
22465,2020-07-29 00:00:00,617.1,617.1,CREDITO 2 X ,VANDERLEI,118.1,0.19137903095122344
22466,2020-07-29 00:00:00,2080,2080,"BOLETOS E CREDITO DE R$ 69,50",ALTO DA LAPA,546.5,0.2627403846153846
22467,2020-07-29 00:00:00,293.5,293.5,DINHEIRO,DEPOSITO CEARA,63.3,0.21567291311754683
22468,2020-07-29 00:00:00,1580,1580,DINHEIRO,EDMILSON - GÁS,751.6,0.4756962025316456
22469,2020-07-29 00:00:00,30,30,DINHEIRO,6 METROS FERRO 1/2,11.0,0.36666666666666664
22470,2020-07-29 00:00:00,146.25,146.25,DEBITO,JOSINALDO,64.68,0.4422564102564103
22471,2020-07-30 00:00:00,5694,5580,TRANSFERS ITAU 14/08 E 15/09,FERNANDO - SALVADOR,2019.96,0.362
22472,2020-07-30 00:00:00,120,120,CHEQUES E ABATIMENTOS CRÉDITO,SALVADOR,50.0,0.4166666666666667
22473,2020-07-30 00:00:00,40,40,DINHEIRO,"8,60 METROS 3/8",23.84,0.596
22474,2020-07-30 00:00:00,80,80,DEBITO,4 TABUAS 30 CM ,40.0,0.5
22475,2020-07-30 00:00:00,591.9,591.9,TRANSFER ITAU 07/08/2020,RONALDO - TEMAC,304.75,0.5148673762459876
22476,2020-07-31 00:00:00,390,390,DINHEIRO,JAILTON,153.51,0.3936153846153846
22477,2020-07-31 00:00:00,1567.5,1530,TRANSFER ITAU 31/07/2020,JARBAS,505.9,0.3306535947712418
22478,2020-07-31 00:00:00,128.7,128.7,DINHEIRO / CHEQUE / TRANSFER,ALFA,50.85,0.39510489510489516
22479,2020-07-31 00:00:00,387,387,DEBITO / CREDITO / DINHEIRO,DEPOSITO CEARA,127.5,0.32945736434108525
22480,2020-07-31 00:00:00,9,9,DEBITO,3 METROS FERRO 3/8,3.36,0.3733333333333333
22481,2020-07-31 00:00:00,381.6,381.6,DEBITO,SULLIVAN,174.0,0.45597484276729555
22482,2020-07-31 00:00:00,809.2,750,DINHEIRO,ISAAC,295.08,0.39343999999999996
22483,2020-07-07 00:00:00,60,60,DINHEIRO,1 BARRA 1/2,22.0,0.36666666666666664
22484,2020-07-31 00:00:00,70,70,DINHEIRO,JORGE ,29.86,0.42657142857142855
22485,2020-07-31 00:00:00,214.2,214.2,DINHEIRO,EVANGELISTA,93.78,0.4378151260504202
22486,2020-07-31 00:00:00,40,40,DINHEIRO,JOSINALDO - 1 SAP 6 F 3/8 50X20,22.58,0.5645
22487,2020-07-31 00:00:00,424.8,424.8,DINHEIRO,DEPOSITO CEARA,159.56,0.3756120527306968
22488,2020-07-31 00:00:00,24,24,DINHEIRO,1 PONTALETE + 1 TABUA 20 CM ,7.8,0.325
22489,2020-07-31 00:00:00,3995,3795,CHEQUE,PRIMOSUL ,1428.54,0.37642687747035575
Meta,,170000,,,,,
Percentual atingido,,1.2667194117647054,,,,,
Meta diária,,7727.28,,,,73295.74500000002,16491.542625000006
22490,2020-08-01 00:00:00,144.5,144.5,DEBITO,RETIROU,57.95,0.40103806228373706
22491,2020-08-01 00:00:00,171.05,170,DINHEIRO,LORENA,68.0,0.4
22492,2020-08-01 00:00:00,1370.9,1370.9,CREDITO E DEBITO,ROSELI,520.2,0.3794587497264571
22493,2020-08-01 00:00:00,1300.25,1300.25,CREDITO 3 X ,EVANIO,561.54,0.4318707940780619
22494,2020-08-01 00:00:00,4784.4,4500,TRANSFER ITAU 01/08/2020,JUNIOR ,1952.47,0.4338822222222222
22495,2020-08-01 00:00:00,506.5,506.5,TRANSFER BRAD EM 05/08/2020,INOVE MOEMA,212.73,0.42
22496,2020-08-01 00:00:00,712.75,712.75,DINHEIRO / CHEQUE / TRANSFER,ALFA,277.48,0.389309014380919
22497,2020-08-03 00:00:00,347.5,347.5,CHEQUE,AABM,122.5,0.35251798561151076
22498,2020-08-03 00:00:00,102,100,DINHEIRO,6 TABUAS 20 + 1 18X27,39.28,0.39280000000000004
22499,2020-08-03 00:00:00,577,577,CREDITO 3 X ,SHIRLEY - MORUMBI,271.0,0.4696707105719237
22500,2020-08-03 00:00:00,263.45,236.45,DEBITO,PLINIO,114.26,0.4832311270881794
22501,2020-08-03 00:00:00,155,155,DEBITO,10 METROS 3/8 9X15,65.0,0.41935483870967744
22502,2020-08-03 00:00:00,1707.68,1700,DINHEIRO,MACHO,779.68,0.45863529411764703
22503,2020-08-03 00:00:00,27,27,DEBITO,1 BARRA 5/16,11.5,0.42592592592592593
22504,2020-08-03 00:00:00,370,370,DINHEIRO,CONSTRUIPE - 1000 ESTR SACO ,130.0,0.35135135135135137
22505,2020-08-03 00:00:00,39,39,DINHEIRO,2 TABUAS 20 + 2 DE 15 CM,7.38,0.18923076923076923
22506,2020-08-03 00:00:00,178,178,DEBITO,JOSINALDO,77.0,0.43258426966292135
22506,2020-08-03 00:00:00,416.5,395.8,DINHEIRO,EVANGELISTA - 35 METROS 5/16 9X15,175.65,0.4437847397675594
22507,2020-08-03 00:00:00,12,12,DINHEIRO,1 18X27,5.4,0.45
22508,2020-08-03 00:00:00,4.5,4.5,DINHEIRO,1 SARRAFO 05 CM ,2.27,0.5044444444444445
22509,2020-08-03 00:00:00,55.6,55.6,CHEQUE,AABM,19.6,0.3525179856115108
22510,2020-08-03 00:00:00,1275.25,1275.25,CREDITO 3 X ,SILVANA,533.75,0.4185453832581847
22511,2020-08-03 00:00:00,242.5,242.5,DINHEIRO,ROMOS,107.04,0.4414020618556701
22512,2020-08-03 00:00:00,173.75,173.75,DINHEIRO,IRMAOS AMORIM,61.25,0.35251798561151076
22513,2020-08-03 00:00:00,126,120,DINHEIRO,PRIMOSUL,55.95,0.46625
22514,2020-08-03 00:00:00,705.6,705.6,DINHEIRO / CHEQUE / TRANSFER,ALFA,268.8,0.38095238095238093
22515,2020-08-03 00:00:00,351,351,DINHEIRO / CHEQUE / TRANSFER,ALFA,164.7,0.4692307692307692
22516,2020-08-03 00:00:00,793.8,793.8,DINHEIRO / CHEQUE / TRANSFER,ALFA,302.4,0.38095238095238093
22517,2020-08-03 00:00:00,478,478,CHEQUE,DEPOSITO CCM,122.0,0.25523012552301255
22518,2020-08-04 00:00:00,20,20,DINHEIRO,1 BARRA 1/4,9.38,0.46900000000000003
22519,2020-08-04 00:00:00,74.5,74.5,CREDITO,"1 COL 3/8 9X15 - 5,00",29.5,0.3959731543624161
22520,2020-08-04 00:00:00,20,20,DINHEIRO,1 BARRA 1/4,9.38,0.46900000000000003
22521,2020-08-04 00:00:00,555,555,CREDITO,PANORAMA - 1500 ESTR SACO,225.0,0.40540540540540543
22522,2020-08-04 00:00:00,698,698,CREDITO 3 X ,MARCELO ALVES,257.58,0.369025787965616
22523,2020-08-04 00:00:00,72,72,DINHEIRO,4 TAB 20 E 01 18X27,29.32,0.4072222222222222
22524,2020-08-04 00:00:00,237.05,230,DINHEIRO,JOSE FRANCISCO,99.21,0.4313478260869565
22525,2020-08-04 00:00:00,121.5,121.5,CREDITO,1 BARRA 3/8 + 3 TELAS 20X20,44.48,0.36609053497942384
22526,2020-08-04 00:00:00,3819,3819,"CREDITO 04 X E $500,00 ITAU",IVAN,1617.85,0.4236318407960199
22527,2020-08-04 00:00:00,272.5,272.5,DEBITO E DINHEIRO,LUIS,116.91,0.4290275229357798
22528,2020-08-04 00:00:00,1704.4,1619.18,TRANSFER CAIXA 05/08/2020,WESLEY SANTOS,772.16,0.4768833607134475
22530,2020-08-04 00:00:00,3244.5,3244.5,TRANSFERS BRADESCO,MINERAÇÃO CAIEIRAS,1134.0,0.34951456310679613
22531,2020-08-04 00:00:00,7020.6,6600,TRANSFERS BRADESCO,SALVADOR / FERNANDO,2717.68,0.41176969696969695
22532,2020-08-04 00:00:00,53.7,53.7,DEBITO,"3/8 9X15 - 3,00 M ",23.33,0.4344506517690875
22533,2020-08-05 00:00:00,18,18,DEBITO,06 METROS B 3/8,6.19,0.3438888888888889
22534,2020-08-05 00:00:00,9,9,DEBITO,03 MTS B 3/8,3.09,0.3433333333333333
22535,2020-08-05 00:00:00,2272,2272,CREDITO 4 X,MARCELO,1035.98,0.45597711267605634
22536,2020-08-05 00:00:00,70,70,DEBITO,01 B 1/2 ,29.12,0.41600000000000004
22537,2020-08-05 00:00:00,186,186,TRANSFER ITAU 28/08,CELIA / STONELAND,78.0,0.41935483870967744
22538,2020-08-05 00:00:00,137.5,130,DINHEIRO,GIVANILDO,53.26,0.4096923076923077
22539,2020-08-05 00:00:00,330,330,TRANSFER ITAU 05/08/2020,LAERTE / WILLIAM,128.52,0.3894545454545455
22540,2020-08-05 00:00:00,28.5,28.5,A RECEBER ,FRANCISCO / JUAREZ - 1 TELA ,10.7,0.37543859649122807
22541,2020-08-05 00:00:00,72,72,DEBITO,2 BARRAS 3/8,24.76,0.3438888888888889
22542,2020-08-05 00:00:00,135,135,DINHEIRO,EDSON,38.02,0.2816296296296297
22543,2020-08-05 00:00:00,3093,3093,BOLETOS,ALTO DA LAPA,877.5,0.2837051406401552
22544,2020-08-05 00:00:00,485.95,485.95,DEBITO,ROSELI,178.79,0.36791851013478755
22545,2020-08-05 00:00:00,1775.55,1775.55,TRANSFER CAIXA 05/08/2020,ANEL EMPREENDIMENTOS,569.73,0.32087522176227085
22546,2020-08-05 00:00:00,125,120,DINHEIRO,"6,50 3/8 9X20 + 1 18X27 + 1ARAME",46.9,0.3908333333333333
22547,2020-08-06 00:00:00,122.5,122.5,CHEQUES E ABATIMENTOS CRÉDITO,GERSON / SALVADOR,58.52,0.47771428571428576
22548,2020-08-06 00:00:00,160,160,DEBITO,ROBERTO / SSG,77.65,0.48531250000000004
22549,2020-08-06 00:00:00,42,42,"$22,00 DEBITO E DINHEIRO",60 ESTRIBOS 9X20 E 01 17X21,19.8,0.4714285714285714
22550,2020-08-06 00:00:00,1238.8,1175,DEBITO,ZINHA,472.68,0.40228085106382977
22551,2020-08-06 00:00:00,354.45,354.45,CHEQUE,IRMAOS AMORIM,124.95,0.3525179856115108
22552,2020-08-06 00:00:00,44.1,44.1,TRANSFER BRAD EM 09/10/2020,ALFA,17.1,0.38775510204081637
22553,2020-08-06 00:00:00,1209.3,1209.3,CHEQUE,IRMAOS AMORIM,426.3,0.3525179856115108
22554,2020-08-06 00:00:00,333.6,333.6,CREDITO,DEPOSITO CEARA,117.6,0.35251798561151076
22555,2020-08-06 00:00:00,1266,1266,CHEQUE,CASA E TUBO,548.46,0.4332227488151659
22556,2020-08-06 00:00:00,246.25,246.25,DINHEIRO,JORGE,102.58,0.41656852791878174
22557,2020-08-06 00:00:00,332.1,332.1,TRANSFER BRAD 28/08/2020,INOVE MOEMA,141.72,0.4267389340560072
22558,2020-08-06 00:00:00,653.3,653.3,CHEQUE,CASA E TUBO,230.3,0.3525179856115108
22559,2020-08-06 00:00:00,820.61,820.61,CREDITO,DEBETTI,535.51,0.6525755230864845
22560,2020-08-06 00:00:00,12,12,DINHEIRO,5 METROS FERRO 5/16,5.54,0.46166666666666667
22561,2020-08-06 00:00:00,40,40,CREDITO,2 BARRAS 1/4,18.76,0.46900000000000003
22562,2020-08-07 00:00:00,26.5,26.5,CREDITO,01 B 5/16,11.0,0.41509433962264153
22563,2020-08-07 00:00:00,117.6,117.6,TRANSFER BRAD EM 09/10/2020,ALFA,45.6,0.38775510204081637
22564,2020-08-07 00:00:00,49,49,DEBITO,MIRANTE - 2 BARRAS 5/16,18.0,0.3673469387755102
22565,2020-08-07 00:00:00,1686,1686,CREDITO 5 X ,FLAVIO,703.12,0.4170344009489917
22566,2020-08-07 00:00:00,46.5,46.5,CREDITO,"1 COL 3/8 9X15 - 3,00",19.5,0.41935483870967744
22567,2020-08-07 00:00:00,48,48,DEBITO,3 BARRAS 05.00 MM,25.05,0.521875
22568,2020-08-07 00:00:00,414,414,DEBITO E DINHEIRO,DANIEL,196.74,0.47521739130434787
22569,2020-08-07 00:00:00,19,19,DINHEIRO,6 METROS FERRO 3/8,7.19,0.378421052631579
22570,2020-08-07 00:00:00,520,520,TRANSFER BRAD EM 09/10/2020,ALFA,146.0,0.28076923076923077
22571,2020-08-07 00:00:00,30,30,DINHEIRO 15/10/2020,MACHO - 20 ESTR 14X35 (5.0) ,16.43,0.5476666666666666
22572,2020-08-07 00:00:00,336,336,DEBITO,MARCELO,146.79,0.43687499999999996
22573,2020-08-07 00:00:00,1240.85,1178.6,TRANSFER BRAD EM 07/08/2020,ALVARO,369.35,0.31338028169014087
22574,2020-08-07 00:00:00,70.4,70.4,TRANSFER ITAU 03/09/2020,EDSON / 1 BARRA 1/2,29.52,0.41931818181818176
22575,2020-08-07 00:00:00,184,184,CREDITO 3 X ,RODRIGO,87.44,0.4752173913043478
22576,2020-08-07 00:00:00,988.7,950,DEBITO,TATIANE,356.24,0.37498947368421054
22577,2020-08-07 00:00:00,114,114,DINHEIRO,JOSE FRANCISCO - 4 TELAS 3.4 20X20,42.8,0.37543859649122807
22578,2020-08-08 00:00:00,13,13,DEBITO,8 MTS B 1/4,5.92,0.4553846153846154
22579,2020-08-08 00:00:00,1135,1095,"600,00 $ / $495,00 ITAU 10/08",LUIZ,521.46,0.47621917808219183
22580,2020-08-08 00:00:00,261.9,240,DEBITO,JOAQUIM - 10 TABUAS 30,140.0,0.5833333333333334
22581,2020-08-08 00:00:00,387.5,350,DINHEIRO,JUNIOR ,162.5,0.4642857142857143
22582,2020-08-08 00:00:00,31,30,DINHEIRO,02 MTS 3/8 9X15,12.0,0.4
22583,2020-08-08 00:00:00,328.5,328.5,CREDITO 3 X ,JOSINALDO,131.9,0.4015220700152207
22584,2020-08-08 00:00:00,51.3,51.3,CHEQUE,AABM,23.0,0.4483430799220273
22585,2020-08-08 00:00:00,240,240,DINHEIRO,JOAQUIM,109.91,0.4579583333333333
22586,2020-08-10 00:00:00,124,124,DINHEIRO,ALESSANDRO,52.0,0.41935483870967744
22587,2020-08-10 00:00:00,444.8,444.8,CHEQUE,IRMAOS AMORIM,156.8,0.3525179856115108
22588,2020-08-10 00:00:00,58.5,58.5,DEBITO,1 ARAME + 3 M. 3/8 9X15,23.5,0.4017094017094017
22589,2020-08-10 00:00:00,178,175,DINHEIRO,TIAGO,61.76,0.3529142857142857
22590,2020-08-10 00:00:00,232.5,220,DEBITO,PEDRO AVELINO,85.0,0.38636363636363635
22591,2020-08-10 00:00:00,390,390,DINHEIRO,JOÃO,168.82,0.43287179487179483
22592,2020-08-10 00:00:00,48,48,CREDITO,"1 COL 5/16 9X15 - 4,00",22.84,0.47583333333333333
22593,2020-08-10 00:00:00,479.8,470,DEBITO,ZENILTON,225.7,0.4802127659574468
22594,2020-08-10 00:00:00,417.5,417.5,DEBITO,CASA PALMIERI,141.05,0.3378443113772455
22595,2020-08-10 00:00:00,2012.5,2012.5,TRANSFER ITAU 17/08/2020,LNC INVESTIMENTOS,531.5,0.2640993788819876
22596,2020-08-10 00:00:00,1673.7,1600,DEBITO,JOÃO - LAZARO RODRIGUES,415.72,0.25982500000000003
22597,2020-08-10 00:00:00,810.8,810.8,"320,00 CREDITO / 490,00 $$",DEPOSITO CEARA,294.52,0.3632461766156882
22598,2020-08-10 00:00:00,44,44,CHEQUE,IRMAOS AMORIM,19.86,0.45136363636363636
22599,2020-08-10 00:00:00,120,120,DINHEIRO,PRIMOSUL,57.0,0.475
22600,2020-08-11 00:00:00,36.75,36.75,TRANSFER BRAD EM 09/10/2020,ALFA,14.25,0.3877551020408163
22601,2020-08-11 00:00:00,110.25,110.25,TRANSFER BRAD EM 09/10/2020,ALFA,44.85,0.4068027210884354
22602,2020-08-11 00:00:00,231.5,231.5,DINHEIRO,CEZAR,92.07,0.39771058315334773
22603,2020-08-11 00:00:00,119.5,119.5,DINHEIRO,COESO,30.5,0.25523012552301255
22604,2020-08-11 00:00:00,218,217,CREDITO E DINHEIRO,GERALDO,89.22,0.4111520737327189
22605,2020-08-11 00:00:00,292.6,292.6,CHEQUE,AABM,104.6,0.35748462064251535
22606,2020-08-11 00:00:00,387.5,387.5,CREDITO 3 X ,JOÃO,162.5,0.41935483870967744
22607,2020-08-11 00:00:00,147.25,147.25,DEBITO,"MARCELO - 9,50 METROS 3/8",61.75,0.41935483870967744
22608,2020-08-11 00:00:00,1195,1195,CHEQUE,BASICO,305.0,0.25523012552301255
22609,2020-08-11 00:00:00,5066.5,5000,CREDITO 4 X ,ENGESYSTEM ,2325.62,0.465124
22610,2020-08-11 00:00:00,1986.75,1844,DINHEIRO E TRANSFER ITAU 12/08,LUCIANO ,688.84,0.37355748373101955
22611,2020-08-12 00:00:00,176.4,176.4,TRANSFER BRAD EM 09/10/2020,ALFA,68.4,0.38775510204081637
22612,2020-08-12 00:00:00,58.8,58.8,TRANSFER BRAD EM 09/10/2020,ALFA,22.8,0.38775510204081637
22613,2020-08-12 00:00:00,0,0,ZUBA ,ABATEU CREDITO,0.0,
22613,2020-08-12 00:00:00,413,392,DINHEIRO,CEZAR ,146.76,0.3743877551020408
22614,2020-08-12 00:00:00,618.4,618.4,TRANSFER ITAU 11/08,ANDRE,416.3,0.6731888745148772
22615,2020-08-12 00:00:00,30,30,DEBITO,01 BARRA E 1/2 - 1/4,14.07,0.46900000000000003
22616,2020-08-12 00:00:00,153.25,150,DEBITO,RETIROU,62.45,0.41633333333333333
22617,2020-08-12 00:00:00,360,360,DINHEIRO,WILSON / GERALDO,123.8,0.34388888888888886
22618,2020-08-12 00:00:00,4,4,DINHEIRO,"1 PEÇA 1/4 - 2,00 M ",1.77,0.4425
22619,2020-08-12 00:00:00,108,108,DEBITO,SULLIVAN - 4 BARRAS 5/16,46.0,0.42592592592592593
22620,2020-08-12 00:00:00,1257.95,1257.95,CHEQUE,IRMAOS AMORIM,443.45,0.35251798561151076
22621,2020-08-12 00:00:00,4.5,5,DINHEIRO,1 SARRAFO 05 CM ,2.77,0.554
22622,2020-08-12 00:00:00,259.5,250,DEBITO,MARCELA,107.8,0.43119999999999997
22623,2020-08-12 00:00:00,570,570,CREDITO 3 X ,6 TELAS 4.2 10X10,225.48,0.39557894736842103
22624,2020-08-12 00:00:00,28,28,DINHEIRO,8 METROS FERRO 3/8,12.24,0.43714285714285717
22625,2020-08-12 00:00:00,4274.5,4274.5,TRANSFERS BRADESCO,MINERAÇÃO CAIEIRAS,1394.0,0.32612001403672947
22626,2020-08-12 00:00:00,551.3,550,DINHEIRO,UFS,150.4,0.27345454545454545
22627,2020-08-12 00:00:00,64.5,64.5,DINHEIRO,01 TELA 20X20 E 01 B 3/8,22.18,0.34387596899224804
22628,2020-08-12 00:00:00,1060,1060,CREDITO,FERNANDO KANGURUS,487.75,0.46014150943396226
22629,2020-08-13 00:00:00,47.8,47.8,CHEQUE,AABM,12.2,0.25523012552301255
22630,2020-08-13 00:00:00,24,24,DINHEIRO,01 TELA 20X20 - COESO,5.3,0.22083333333333333
22631,2020-08-13 00:00:00,1378.5,1300,DINHEIRO,DOUGLAS,515.62,0.39663076923076923
22632,2020-08-13 00:00:00,1087,1087,DINHEIRO,JESSICA,290.05,0.26683532658693654
22633,2020-08-13 00:00:00,124,124,DEBITO,ERICK - 8 METROS 3/8 9X15,52.0,0.41935483870967744
22634,2020-08-13 00:00:00,125,125,DEBITO,ZAP - 1 BARRA 5/8,61.26,0.49007999999999996
22634,2020-08-13 00:00:00,115.2,115.2,DINHEIRO,8 METROS 5/16 9X15 + 8 MTS 5/16,54.54,0.47343749999999996
22635,2020-08-13 00:00:00,32,28,CREDITO,LATINO - 1 SAP 6 F 3/8 40X20,12.13,0.4332142857142857
22636,2020-08-13 00:00:00,119.2,115,DINHEIRO,"7,40 METROS 5/1 + 1 PREGO + 1 ARAME ",53.85,0.4682608695652174
22637,2020-08-13 00:00:00,24,24,DINHEIRO,1 KG. PREGO 18X27 - AÇO,10.0,0.4166666666666667
22638,2020-08-13 00:00:00,1938.76,1900,CREDITO 2 X ,ENGESYSTEM ,808.54,0.4255473684210526
22639,2020-08-13 00:00:00,538,538,CREDITO PEDIDO 22897,MARCIO / CHARLES,188.3,0.35000000000000003
22640,2020-08-13 00:00:00,45,45,DINHEIRO,"1 COL 3/8 9X15 - 3,00",18.0,0.4
22641,2020-08-13 00:00:00,185,185,DINHEIRO,500 ESTR 9X15 - CONSTRUIPE,55.0,0.2972972972972973
22642,2020-08-13 00:00:00,646.4,640,DINHEIRO,DEPOSITO CEARA,189.6,0.29625
22643,2020-08-13 00:00:00,191.2,191.2,CHEQUE,AABM,48.8,0.25523012552301255
22644,2020-08-13 00:00:00,0,0,CANCELADO,RODRIGO,0.0,
22645,2020-08-13 00:00:00,2313.8,2198,TRANSFER 13/08,JUNIOR ,1010.61,0.45978616924476795
22646,2020-08-13 00:00:00,5867.51,5800,CREDITO 5 X ,JOSE,2677.76,0.4616827586206897
22647,2020-08-13 00:00:00,0,0,CANCELADO,MOACIR,0.0,
22648,2020-08-14 00:00:00,178.25,178.25,DINHEIRO E DEBITO,ROSELI,74.75,0.41935483870967744
22649,2020-08-14 00:00:00,153,153,DEBITO,SULLIVAN,67.75,0.44281045751633985
22650,2020-08-14 00:00:00,30,30,DINHEIRO,01 B 5/16,14.5,0.48333333333333334
22651,2020-08-14 00:00:00,36,36,DINHEIRO,01 B 3/8,12.38,0.3438888888888889
22652,2020-08-14 00:00:00,317.25,317.25,DEBITO,FERNANDO,131.33,0.41396375098502763
22653,2020-08-14 00:00:00,580,580,TRANSFER BRAD EM 09/10/2020,ALFA,156.8,0.2703448275862069
22654,2020-08-14 00:00:00,117.6,117.6,TRANSFER BRAD EM 09/10/2020,ALFA,45.6,0.38775510204081637
22655,2020-08-14 00:00:00,88.2,88.2,TRANSFER BRAD EM 09/10/2020,ALFA,35.88,0.4068027210884354
22656,2020-08-14 00:00:00,88.2,88.2,TRANSFER BRAD EM 09/10/2020,ALFA,34.2,0.38775510204081637
22657,2020-08-14 00:00:00,189,189,DEBITO,15 PONTALETES + 1 ARAME + 18X27,63.85,0.3378306878306878
22658,2020-08-14 00:00:00,445.5,423,TRANSFER ITAU 14/08/2020,JUNIOR ,130.7,0.308983451536643
22659,2020-08-14 00:00:00,3160.35,3160.35,TRANSFERS BRADESCO,MINERAÇÃO CAIEIRAS,1267.17,0.40095875456832314
22659 B,2020-08-14 00:00:00,202.5,200,DINHEIRO,450 ESTR 9X20,83.0,0.415
22660,2020-08-14 00:00:00,9,9,DEBITO,03 MTS B 3/8,3.09,0.3433333333333333
22661,2020-08-14 00:00:00,2733,2600,TRANSFER CAIXA EM 31/08/2020,SHIRLEY - MORUMBI,1010.75,0.38875
22662,2020-08-14 00:00:00,1024.14,972.93,TRANSFER CAIXA 17/08/2020,WESLEY SANTOS,463.11,0.475995189787549
22663,2020-08-14 00:00:00,702,650,TRANSFER ITAU 14/08/2020,VALTER,354.56,0.5454769230769231
22664,2020-08-14 00:00:00,46,46,DINHEIRO,"40 PEÇAS 5/16 - 0,30 + 1 ARAME ",22.5,0.4891304347826087
22665,2020-08-14 00:00:00,1116.75,1116.75,CHEQUE,AABM,406.77,0.3642444593687038
22666,2020-08-14 00:00:00,171,171,DEBITO,WUEDE,58.8,0.343859649122807
22667,2020-08-15 00:00:00,264.6,264.6,TRANSFER BRAD EM 09/10/2020,ALFA,102.6,0.38775510204081626
22668,2020-08-15 00:00:00,106,106,DEBITO,ANGELO,46.09,0.434811320754717
22669,2020-08-15 00:00:00,1341.05,1341.05,DEBITO,FABIO,380.65,0.2838447485179523
22670,2020-08-15 00:00:00,72,72,DINHEIRO,2 BARRAS 3/8,24.76,0.3438888888888889
22671,2020-08-15 00:00:00,144,144,TRANSFER ITAU 27/08/2020,RODRIGO,71.08,0.4936111111111111
22672,2020-08-17 00:00:00,3550,3550,TRANSFER BRAD 17/08/2020,JOSE HILTON,1599.83,0.450656338028169
22673,2020-08-17 00:00:00,69.75,69.75,DEBITO,"4,50 M 3/8 9X15",29.25,0.41935483870967744
22674,2020-08-17 00:00:00,175,175,DINHEIRO E DEBITO,24 METROS FERRO 3/8 + 1 TELA 4.2 15X15 + 1 ARAME + A 18X27,73.91,0.42234285714285713
22676,2020-08-17 00:00:00,9,9,DEBITO,3 METROS FERRO 3/8,3.09,0.3433333333333333
22677,2020-08-17 00:00:00,981.93,981.93,CHEQUE,AABM,378.2,0.38515983827767764
22678,2020-08-17 00:00:00,1365.6,1365.6,CREDITO 05X,JOSE ALVES,415.7,0.3044083186877563
22679,2020-08-17 00:00:00,100,100,DINHEIRO,JUNIOR  - 5 BARRAS 1/4,46.9,0.469
22680,2020-08-17 00:00:00,138,138,DEBITO,2 TELAS 4.2 15X15,59.5,0.4311594202898551
22681,2020-08-17 00:00:00,40,40,DEBITO,01 B 3/8,16.38,0.4095
22682,2020-08-17 00:00:00,780,780,BOLETO,ALTO DA LAPA,207.74,0.26633333333333337
22683,2020-08-17 00:00:00,715.18,715.18,TRANSFER BRAD EM 17/08/2020,MARIA LUIZA BORGES,462.7,0.6469699935680528
22684,2020-08-17 00:00:00,243.25,243.25,CREDITO,CRISTINA,110.95,0.45611510791366905
22685,2020-08-17 00:00:00,152.9,152.9,DINHEIRO,DEPOSITO CCM,53.9,0.35251798561151076
22686,2020-08-18 00:00:00,12,12,DINHEIRO,04 MTS B 3/8,4.12,0.3433333333333333
22687,2020-08-18 00:00:00,47,47,DINHEIRO,6 MTS B 3/8 E 01 B 5/16,19.69,0.41893617021276597
22688,2020-08-18 00:00:00,87.75,87.75,TRANSFER BRAD EM 09/10/2020,ALFA,40.58,0.46245014245014243
22689,2020-08-18 00:00:00,6,6,DINHEIRO ,02 MTS B 3/8,2.06,0.3433333333333333
22690,2020-08-18 00:00:00,72,72,CREDITO,2 BARRAS 3/8,24.76,0.3438888888888889
22691,2020-08-18 00:00:00,84,84,DINHEIRO,06 MTS 3/8 9X15 - MIRANTE,30.0,0.35714285714285715
22692,2020-08-18 00:00:00,20,20,DINHEIRO,6 METROS FERRO 3/8,8.16,0.40800000000000003
22693,2020-08-18 00:00:00,794,750,TRANSFER ITAU 20/08/2020,EDINAEL,300.0,0.4
22694,2020-08-18 00:00:00,471.25,455,DINHEIRO,PRIMOSUL,178.75,0.39285714285714285
22695,2020-08-18 00:00:00,370,370,DINHEIRO,CONSTRUIPE - 1000 ESTR SACO ,130.0,0.35135135135135137
22696,2020-08-18 00:00:00,4970.8,4700,CREDITO 4 X ,ALEXANDRE - VIT FRUIT,1934.75,0.41164893617021275
22697,2020-08-18 00:00:00,363.13,335,DINHEIRO,PEDRO,168.03,0.5015820895522388
22698,2020-08-18 00:00:00,862,820,DINHEIRO,FERNANDO,385.07,0.46959756097560973
22699,2020-08-18 00:00:00,1379,1300,DINHEIRO,FERNANDO,571.49,0.4396076923076923
22700,2020-08-19 00:00:00,58.5,58.5,TRANSFER BRAD EM 09/10/2020,ALFA,27.05,0.4623931623931624
22701,2020-08-19 00:00:00,99,99,CHEQUE,AABM,60.16,0.6076767676767676
22702,2020-08-19 00:00:00,292,292,CHEQUE,APOIO TINTAS,146.16,0.5005479452054794
22703,2020-08-19 00:00:00,80,80,DINHEIRO EM 09/09/2021,JORGE,32.19,0.402375
22704,2020-08-19 00:00:00,65,65,DINHEIRO,"4,50 3/8 9X15",24.5,0.3769230769230769
22705,2020-08-19 00:00:00,10,10,DEBITO,"2,20 METROS 1/4 + 1,60 3/8",4.89,0.489
22706,2020-08-19 00:00:00,66,66,DEBITO,6 BARRAS 3/16,32.7,0.4954545454545455
22707,2020-08-19 00:00:00,1697.25,1697.25,CHEQUE,MACHO,799.6,0.47111503903373103
22708,2020-08-19 00:00:00,111,111,DINHEIRO,CRISTINA,57.38,0.516936936936937
22709,2020-08-19 00:00:00,756.25,756.25,DEBITO,EDSON,306.27,0.40498512396694214
22710,2020-08-19 00:00:00,42,42,DINHEIRO,1 KG. ARAME + 60 ESTR 9X20,18.4,0.43809523809523804
22711,2020-08-19 00:00:00,317.72,317.72,DINHEIRO,DANIEL,140.34,0.4417096814805489
22712,2020-08-19 00:00:00,142.5,142.5,CREDITO,5 TELAS 3.4 20X20,49.0,0.34385964912280703
22713,2020-08-19 00:00:00,31,31,DEBITO,"1 COL 3/8 9X15 - 2,00",13.0,0.41935483870967744
22714,2020-08-19 00:00:00,63.6,63.6,TRANSFER BRAD EM 09/10/2020,ALFA,26.64,0.4188679245283019
22716,2020-08-20 00:00:00,96,96,TRANSFER BRAD EM 09/10/2020,ALFA,25.14,0.261875
22717,2020-08-20 00:00:00,203,203,CHEQUE,AABM,81.26,0.40029556650246306
22718,2020-08-20 00:00:00,922.22,922.22,TRANSFER ITAU 22/09,FABIANO,469.3,0.5088807442909501
22719,2020-08-20 00:00:00,24,24,DEBITO,"1 COL 3/8 9X15 - 1,50",10.5,0.4375
22720,2020-08-20 00:00:00,16,16,DEBITO,"4 PEÇAS 5/16 - 1,40 M ",8.77,0.548125
22721,2020-08-20 00:00:00,798.75,760,TRANSFER BRADESCO,AUGUSTO,299.96,0.39468421052631575
22722,2020-08-20 00:00:00,598.2,598,TRANSFER BRADESCO 20 E 21/08,ALVARO,247.24,0.41344481605351174
22723,2020-08-20 00:00:00,380,380,TRANSFER ITAU 20/08/2020,ALINE,294.5,0.775
22724,2020-08-20 00:00:00,69.5,69.5,CHEQUE,AABM,24.5,0.35251798561151076
22725,2020-08-21 00:00:00,441,441,TRANSFER BRAD EM 09/10/2020,ALFA,171.0,0.3877551020408163
22726,2020-08-21 00:00:00,176,176,TRANSFER BRAD EM 09/10/2020,ALFA,79.44,0.45136363636363636
22727,2020-08-21 00:00:00,1813,1700,TRANSFER BRAD 21/08/2020,ERIVALDO,760.5,0.44735294117647056
22728,2020-08-21 00:00:00,15.5,15.5,DINHEIRO EM 09/09/2021,JORGE,6.5,0.41935483870967744
22729,2020-08-21 00:00:00,2564.28,2564.28,CREDITO 4 X ,BRUNO,1317.3,0.5137114511675791
22730,2020-08-21 00:00:00,120,120,CREDITO,10 BARRAS 3/16,65.0,0.5416666666666666
22731,2020-08-21 00:00:00,1140,1140,TRANSFERS BRADESCO,MINERAÇÃO CAIEIRAS,466.35,0.4090789473684211
22732,2020-08-22 00:00:00,77,73,DINHEIRO,02 B 3/8 E 10 ESTRIBOS 9X20,23.16,0.31726027397260276
22733,2020-08-24 00:00:00,66.15,66.15,TRANSFER BRAD EM 09/10/2020,ALFA,25.65,0.38775510204081626
22734,2020-08-24 00:00:00,251.24,250,DEBITO,ADAO - 15 METROS 3/8 15X20,111.55,0.4462
22735,2020-08-24 00:00:00,595,595,DINHEIRO,CONSTRUIPE,243.75,0.4096638655462185
22736,2020-08-24 00:00:00,128,128,CHEQUE,AABM,33.52,0.261875
22737,2020-08-24 00:00:00,178.8,178.8,CHEQUE,AABM,79.43,0.4442393736017897
22738,2020-08-24 00:00:00,620,620,DEBITO,ARÃO / CARINA,260.0,0.41935483870967744
22739,2020-08-24 00:00:00,1188,1120,TRANSFER BRAD EM 24/08/2020,LUCIO ,578.16,0.5162142857142857
22740,2020-08-24 00:00:00,32,32,DINHEIRO,40 ESTRIBOS 9X20 E 01 ARAME,13.6,0.425
22741,2020-08-24 00:00:00,190.5,190.5,DEBITO,GILBERTO,93.87,0.49275590551181103
22742,2020-08-24 00:00:00,511.5,480,TRANSFER BRAD EM 24/08/2020,JOHNNY,183.0,0.38125
22743,2020-08-24 00:00:00,709.8,709.8,CREDITO 3 X ,JOÃO,335.4,0.4725274725274725
22744,2020-08-24 00:00:00,0,0,CANCELADO,RENATA,0.0,
22745,2020-08-24 00:00:00,279,279,CREDITO,"6 COL 3/8 9X15 - 3,00",117.0,0.41935483870967744
22746,2020-08-24 00:00:00,330,330,TRANSFER ITAU 24/08/2020,JOSE GOUVEIA NETO,330.0,1.0
22746,2020-08-24 00:00:00,79,79,DINHEIRO,11 METROS FERRO 5/16 + 19 METROS FERRO 1/4 + 1 ARAME,39.9,0.5050632911392405
22747,2020-08-24 00:00:00,529.2,529.2,TRANSFER BRAD EM 09/10/2020,ALFA,205.2,0.38775510204081626
22748,2020-08-25 00:00:00,390,390,TRANSFER BRAD EM 09/10/2020,ALFA,109.5,0.28076923076923077
22749,2020-08-25 00:00:00,205.8,205.8,TRANSFER BRAD EM 09/10/2020,ALFA,79.8,0.3877551020408163
22750,2020-08-25 00:00:00,416,416,TRANSFER BRAD EM 09/10/2020,ALFA,116.8,0.28076923076923077
22750 B,2020-08-25 00:00:00,15,15,DEBITO,"7,20 METROS 5/16",5.7,0.38
22751,2020-08-25 00:00:00,39,39,DEBITO,01 TAB 30CM E 01 DE 20CM,14.18,0.3635897435897436
22752,2020-08-25 00:00:00,701,680,TRANSFER ITAU 25/08,JACKELINE,302.0,0.4441176470588235
22753,2020-08-25 00:00:00,1425.93,1425.93,CREDITO 4 X ,GREGORIO / SILVANEIDE,531.38,0.37265503916742054
22754,2020-08-25 00:00:00,209,209,DINHEIRO,DEPOSITO UFS,59.9,0.28660287081339714
22755,2020-08-25 00:00:00,480,435,CREDITO,JOSE ,159.8,0.3673563218390805
22757,2020-08-25 00:00:00,15,15,A RECEBER ,CEZAR,6.0,0.4
22758,2020-08-25 00:00:00,60,60,CREDITO,100 ESTRIBOS 9X20 - DEBETTI,34.0,0.5666666666666667
22759,2020-08-25 00:00:00,1513.5,1437.83,TRANSFER ITAU 26/08/2020,LUCIANO ,786.35,0.5469005376157126
22760,2020-08-25 00:00:00,3510.28,3510.28,CHEQUES E ABATIMENTOS CRÉDITO,SALVADOR,2101.6,0.5986986793076335
22761,2020-08-25 00:00:00,2607,2470,TRANSFER BRAD 25/08,PAULO,1085.58,0.4395060728744939
22762,2020-08-25 00:00:00,96.2,96.2,CHEQUE,AABM,24.6,0.25571725571725573
22763,2020-08-25 00:00:00,408.9,410,DINHEIRO,GENILSON ,190.0,0.4634146341463415
22764,2020-08-25 00:00:00,9,9,DINHEIRO,"4 PEÇAS 5/16 - 0,70 CM ",5.39,0.5988888888888888
22765,2020-08-25 00:00:00,312.5,287.5,TRANSFER ITAU 26/08/2020,JARBAS,165.0,0.5739130434782609
22766,2020-08-25 00:00:00,337.95,337.95,CHEQUE,AABM,105.96,0.313537505548158
22767,2020-08-25 00:00:00,186.25,180.56,DINHEIRO,PRIMOSUL,102.01,0.5649645547186531
22768,2020-08-26 00:00:00,117.6,117.6,TRANSFER BRAD EM 09/10/2020,ALFA,45.6,0.38775510204081637
22769,2020-08-26 00:00:00,62,59.8,DINHEIRO,04 MTS 3/8 9X15,23.8,0.3979933110367893
22770,2020-08-26 00:00:00,44.1,44.1,TRANSFER BRAD EM 09/10/2020,ALFA,17.1,0.38775510204081637
22771,2020-08-26 00:00:00,36,36,DINHEIRO,01 B 3/8,12.38,0.3438888888888889
22772,2020-08-26 00:00:00,20.5,20,CREDITO,02 DE 10CM / 01 5CM,8.65,0.4325
22773,2020-08-26 00:00:00,16,16,DINHEIRO,02 SARRAFOS DE 10CM,6.88,0.43
22774,2020-08-26 00:00:00,2750.6,2600,TRANSFER ITAU 26/08/2020,JUNIOR ,1430.58,0.5502230769230769
22775,2020-08-26 00:00:00,207.4,207.4,"100,00 CREDITO + DINHEIRO",CEARA,63.46,0.3059787849566056
22776,2020-08-26 00:00:00,311,311,CREDITO,FRANCISCO,187.46,0.6027652733118971
22777,2020-08-26 00:00:00,5633.5,5633.5,TRANSFERS BRADESCO,MINERAÇÃO CAIEIRAS,1760.6,0.3125232981272743
22778,2020-08-26 00:00:00,1678.43,1678.43,CHEQUE,AABM,625.49,0.3726637393278242
22779,2020-08-26 00:00:00,1669.3,1625,"DEB $ 865,00 / $ 760,00 04 X",SULLIVAN,673.73,0.4146030769230769
22780,2020-08-26 00:00:00,35.7,35,DEBITO,03 MTS 5/16 9X15,16.34,0.46685714285714286
22781,2020-08-26 00:00:00,565,565,CHEQUE,AABM,173.8,0.30761061946902657
22782,2020-08-26 00:00:00,138,138,CREDITO,02 TELAS 15X15 4.2,59.5,0.4311594202898551
22783,2020-08-26 00:00:00,1782.5,1700,DINHEIRO,HAMILTON,839.26,0.49368235294117646
22784,2020-08-26 00:00:00,88,88,DINHEIRO,INOVE MOEMA,39.72,0.45136363636363636
22785,2020-08-26 00:00:00,1711,1660,CHEQUE,PRIMOSUL,638.62,0.384710843373494
22786,2020-08-26 00:00:00,912.8,912.8,CREDITO 3 X ,RONALDO - TEMAC,434.6,0.47611744084136726
22787,2020-08-27 00:00:00,984.9,984.9,TRANSFER BRAD EM 09/10/2020,ALFA,381.9,0.3877551020408163
22788,2020-08-27 00:00:00,220.5,220.5,TRANSFER BRAD EM 09/10/2020,ALFA,85.5,0.3877551020408163
22789,2020-08-27 00:00:00,1101,1101,TRANSFER BRAD 03/09/2020,DEPOSITO SANTO ANTONIO,453.0,0.4114441416893733
22790,2020-08-27 00:00:00,132,130,CREDITO,3 BARRAS 3/8 + 25 ESTR 9X20,52.64,0.40492307692307694
22791,2020-08-27 00:00:00,137.5,137.5,DINHEIRO,DEPOSITO UFS,43.76,0.31825454545454546
22792,2020-08-27 00:00:00,72.5,72,DINHEIRO,RETIROU,28.5,0.3958333333333333
22793,2020-08-27 00:00:00,252,244.44,DINHEIRO,PRIMOSUL,90.24,0.3691703485517918
22794,2020-08-27 00:00:00,212.65,212.65,CHEQUE,AABM,81.91,0.38518692687514694
22795,2020-08-27 00:00:00,2541.6,2541.6,CREDITO 4 X ,JARDEL ,1340.18,0.5272977651872837
22796,2020-08-27 00:00:00,239,239,TRANSFER BRAD 29/08,FRANCISCO,143.45,0.6002092050209205
22796 B,2020-08-28 00:00:00,162,162,CREDITO 2 X ,"06 TB 30 CM (10,00) 01 ARAME / 60 9X20",78.7,0.4858024691358025
22797,2020-08-28 00:00:00,91.5,91.5,DEBITO,05 MTS 3/8 9X20,46.5,0.5081967213114754
22798,2020-08-28 00:00:00,158,150,DINHEIRO,HAMILTON,90.28,0.6018666666666667
22799,2020-08-28 00:00:00,4,4,DINHEIRO,4 METROS FERRO 3/16,2.16,0.54
22800,2020-08-28 00:00:00,313.25,300,DEBITO,GILBERTO,155.75,0.5191666666666667
22801,2020-08-28 00:00:00,1708,1708,TRANSFER ITAU 28/08,ALEX - GRAJAÚ,610.0,0.35714285714285715
22802,2020-08-28 00:00:00,3600,3600,TRANSFER ITAU 28/08,JUNIOR ,1238.0,0.3438888888888889
22803,2020-08-28 00:00:00,483.6,483.6,TRANSFER BRAD 03/09/2020,INOVE MOEMA,292.5,0.6048387096774194
22804,2020-08-28 00:00:00,26,26,DINHEIRO,1 BARRA 1/4 + 6 METROS 3/16,12.6,0.4846153846153846
22806,2020-08-28 00:00:00,1244.46,1050,TRANSFER BRAD 03/09/2020,INOVE MOEMA,432.08,0.4115047619047619
22807,2020-08-28 00:00:00,370,370,CREDITO,PANORAMA - 1000 ESTR SACO ,110.0,0.2972972972972973
22808,2020-08-28 00:00:00,1840,1740,TRANSFER ITAU 31/08/2020,DONI,696.0,0.4
22809,2020-08-29 00:00:00,58.8,58.8,TRANSFER BRAD EM 09/10/2020,ALFA,22.8,0.38775510204081637
22810,2020-08-29 00:00:00,513.6,513.6,CHEQUE E DEBITO,WILSON - VIZINHO,252.0,0.49065420560747663
22811,2020-08-29 00:00:00,13,13,DINHEIRO,1 KG. PREGO 17X21,6.4,0.49230769230769234
22812,2020-08-29 00:00:00,58,58,DEBITO,2 BARRAS 5/16,27.0,0.46551724137931033
22813,2020-08-29 00:00:00,4011.5,3891.15,CHEQUE,PRIMOSUL,1543.89,0.3967695925369107
22814,2020-08-29 00:00:00,1730.4,1730.4,TRANSFER BRAD EM 09/10/2020,ALFA,795.64,0.4598012020342117
22815,2020-08-29 00:00:00,3263.88,3100,TRANSFERS CAIXA 01/09 E 08/09,MOISES - SÃO CAETANO,1705.72,0.5502322580645161
22816,2020-08-29 00:00:00,272.5,272.5,CREDITO ,MARÇAL,140.44,0.5153761467889908
22817,2020-08-31 00:00:00,178.2,178.2,DEBITO,WILLIAM,83.58,0.46902356902356906
22818,2020-08-31 00:00:00,533.2,500,DINHEIRO,FERNANDO,171.29,0.34258
22819,2020-08-31 00:00:00,300,300,TRANSFER ITAU 31/08/2020,FABIO,148.88,0.49626666666666663
22820,2020-08-31 00:00:00,84.8,84.8,CREDITO,2 BARRAS 3/8 + 10 ESTR 9X20,34.96,0.41226415094339625
22821,2020-08-31 00:00:00,232.7,220,DEBITO,PAULO,103.0,0.4681818181818182
22822,2020-08-31 00:00:00,10,10,DINHEIRO,1 BARRA 3/16,4.45,0.445
22823,2020-08-31 00:00:00,1934,1875.98,TRANSFER BRAD EM 03/09/2020,BAZAR REAL,563.6,0.30042964210705875
22824,2020-08-31 00:00:00,2350.5,2350.5,TRANSFERS BRADESCO,MINERAÇÃO CAIEIRAS,821.5,0.34950010636034884
22825,2020-08-31 00:00:00,108,104,DEBITO,6 TABUAS 25 CM,40.58,0.39019230769230767
22826,2020-08-31 00:00:00,629.48,629.48,CHEQUES E ABATIMENTOS CRÉDITO,SALVADOR,370.06,0.5878820613839995
22827,2020-08-31 00:00:00,302.2,302.2,DEBITO,SILVANEIDE,159.78,0.5287227001985441
Meta,,180000,,, SALÁRIOS + SÁBADOS,11177.5,
Percentual atingido,,1.1670423888888888,,,,,
Meta diária,,8571.42857142857,,,,75849.05000000005,17000.0
22828,2020-09-01 00:00:00,178.395,178.395,TRANSFER BRAD EM 09/10/2020,ALFA,83.9,0.470304661005073
22829,2020-09-01 00:00:00,46,46,DINHEIRO,1 SAP 6 F 3/8 50X30,25.41,0.5523913043478261
22830,2020-09-01 00:00:00,231,231,CHEQUES,AABM,105.0,0.45454545454545453
22831,2020-09-01 00:00:00,60.5,60.5,DEBITO,2 KG. ARAME + 3 SARR 15,24.13,0.39884297520661155
22832,2020-09-01 00:00:00,56,56,"FALTAM R$ 6,00",GERALDO - 60 ESTRIBOS + 2 ARAMES,24.4,0.43571428571428567
22833,2020-09-01 00:00:00,1768,1768,DEBITO E CREDITO 03X,ROGERIO,546.75,0.3092477375565611
22834,2020-09-01 00:00:00,510.15,510.15,CREDITO 2 X ,MANOEL PEREIRA,253.65,0.49720670391061456
22835,2020-09-01 00:00:00,53.7,53.7,CREDITO,"1 COL 3/8 9X15- 3,00",26.7,0.4972067039106145
22836,2020-09-01 00:00:00,1530.65,1530.65,CREDITO 5 X ,RICARDO,621.17,0.4058210564139417
22837,2020-09-01 00:00:00,866.64,823.3,TRANSFER ITAU 02/09/2020,BIG PARTICIPAÇÕES,469.86,0.5707032673387588
22838,2020-09-02 00:00:00,193,193,DINHEIRO,ALEX,93.47,0.48430051813471503
22839,2020-09-02 00:00:00,370,370,DINHEIRO,CONSTRUIPE - 1000 9X15,110.0,0.2972972972972973
22840,2020-09-02 00:00:00,7182.33,6500,TRANSFER ITAU 15/09 E 21/09/2020,LUCIANO,3071.72,0.4725723076923077
22841,2020-09-02 00:00:00,2168,2168,BOLETOS,ALTO DA LAPA,764.6,0.35267527675276755
22842,2020-09-02 00:00:00,0,0,CANCELADO,DONI,0.0,
22843,2020-09-02 00:00:00,29,29,DINHEIRO,01 B 5/16,13.5,0.46551724137931033
22844,2020-09-02 00:00:00,356.3,346,DINHEIRO,PRIMOSUL,84.28,0.24358381502890175
22845,2020-09-02 00:00:00,33,33,DINHEIRO,1 TABUA 25 + 1 TABUA 20 CM ,13.41,0.40636363636363637
22846,2020-09-02 00:00:00,20,20,DINHEIRO,1 BARRA 1/4,9.38,0.46900000000000003
22847,2020-09-02 00:00:00,149.4,149.4,DINHEIRO,MIRANTE,77.28,0.5172690763052209
22848,2020-09-03 00:00:00,125.3,125.3,A RECEBER ,JAILTON,62.3,0.4972067039106145
22849,2020-09-03 00:00:00,560.67,560.67,TRANSFER BRAD EM 09/10/2020,ALFA,263.67,0.470276633313714
22850,2020-09-03 00:00:00,342,340,DINHEIRO,DEPOSITO CEARA,173.28,0.5096470588235295
22851,2020-09-03 00:00:00,0,0,CANCELADO,DEPOSITO CEARA,0.0,
22851 B,2020-09-03 00:00:00,590.7,590.7,CREDITO 3 X ,EVERALDO,293.7,0.49720670391061444
22852,2020-09-03 00:00:00,48,48,DINHEIRO,2 TABUAS 30 CM,16.38,0.34125
22853,2020-09-03 00:00:00,3322.4,3085.88,TRANSFER ITAU 03/09/2020,EDSON,1421.68,0.4607048880708258
22854,2020-09-03 00:00:00,152.91,152.91,TRANSFER BRAD EM 09/10/2020,ALFA,71.91,0.47027663331371394
22855,2020-09-03 00:00:00,580,550,DINHEIRO,JEFERSON,240.0,0.43636363636363634
22856,2020-09-03 00:00:00,179,170,CREDITO,FERNANDO,80.0,0.47058823529411764
22856,2020-09-03 00:00:00,11.5,11.5,DINHEIRO,1 SARRAFO 15 CM,4.13,0.3591304347826087
22857,2020-09-03 00:00:00,60,60,TRANSFER BRAD EM 09/10/2020,ALFA,24.84,0.414
22858,2020-09-03 00:00:00,2475.42,2400,CREDITO 03X,RICARDO / VIVIAN,1408.17,0.5867375
22859,2020-09-03 00:00:00,833.9,802,CHEQUE,PRIMOSUL,207.7,0.25897755610972567
22860,2020-09-04 00:00:00,119.7,119.7,CHEQUES E ABATIMENTOS CRÉDITO,SALVADOR,48.84,0.4080200501253133
22861,2020-09-04 00:00:00,109,109,DEBITO,WILLIAM,39.16,0.3592660550458715
22862,2020-09-04 00:00:00,2310,2310,TRANSFER BRAD EM 22/09/2020,DEPOSITO SANTO ANTONIO,1050.0,0.45454545454545453
22863,2020-09-04 00:00:00,35.8,35.8,DEBITO,"1 COL 3/8 9X20 - 2,00",17.8,0.4972067039106146
22864,2020-09-04 00:00:00,13,13,DINHEIRO,1 KG. ARAME ,5.0,0.38461538461538464
22865,2020-09-04 00:00:00,575,575,DINHEIRO,DEPOSITO PEREIRAO,207.5,0.36086956521739133
22866,2020-09-04 00:00:00,1041.18,1041.18,TRANSFER BRAD EM 09/10/2020,ALFA,590.52,0.5671641791044776
22867,2020-09-04 00:00:00,51.6,51.6,CHEQUES,AABM,26.44,0.5124031007751938
22868,2020-09-04 00:00:00,90.5,90,DINHEIRO,RETIROU,34.09,0.3787777777777778
22869,2020-09-04 00:00:00,450,450,CREDITO,LEONARDO,179.28,0.3984
22870,2020-09-05 00:00:00,164,164,DEBITO,RETIROU,80.66,0.4918292682926829
22871,2020-09-05 00:00:00,186.7,186.7,CREDITO,RETIROU,60.3,0.3229780396357793
22872,2020-09-05 00:00:00,4,4,DINHEIRO,"2,40M B 1/4",1.86,0.465
22873,2020-09-05 00:00:00,2107.15,2060,DEBITO,MARIO,759.16,0.3685242718446602
22874,2020-09-08 00:00:00,3990,3990,TRANSFER ITAU 08/09/2020,JUNIOR,990.0,0.24812030075187969
22875,2020-09-08 00:00:00,15,15,DEBITO,"GILBERTO - 3 PEÇAS 3/8 - 0,70 CM",9.75,0.65
22876,2020-09-08 00:00:00,0,0,CANCELADO,DEPOSITO CEARA,0.0,
22877,2020-09-08 00:00:00,326.7,310,DINHEIRO,REINALDO DIAS,111.36,0.3592258064516129
22878,2020-09-08 00:00:00,287,287,CHEQUE,AABM,102.0,0.3554006968641115
22879,2020-09-08 00:00:00,4575,4575,BOLETOS,ALTO DA LAPA,1254.0,0.2740983606557377
22880,2020-09-08 00:00:00,111.7,111.7,DEBITO,ZINHA,46.86,0.41951656222023276
22881,2020-09-08 00:00:00,442,442,TRANSFER CAIXA 08/09/2020,RENATA,232.0,0.5248868778280543
22882,2020-09-08 00:00:00,1825.95,1825.95,CHEQUE E DEBITO,WILSON - VIZINHO,848.05,0.4644431665708261
22883,2020-09-08 00:00:00,0,0,CANCELADO,MOISES,0.0,
22884,2020-09-08 00:00:00,2659.5,2659.5,TRANSFERS BRADESCO,MINERAÇÃO CAIEIRAS,805.8,0.3029892836999436
22885,2020-09-08 00:00:00,236,236,DINHEIRO,HAMILTON,70.0,0.2966101694915254
22886,2020-09-08 00:00:00,684.18,684.18,TRANSFER ITAU 08/10/2020,LNC INVESTIMENTOS,347.91,0.5085065333684119
22887,2020-09-08 00:00:00,40,40,DEBITO,2 KG. PREGO 18X27 2 CAB,16.2,0.40499999999999997
22888,2020-09-08 00:00:00,154.8,154.8,CHEQUE,AABM,77.4,0.5
22889,2020-09-08 00:00:00,544,544,DINHEIRO,DEPOSITO UFS,153.28,0.2817647058823529
22890,2020-09-09 00:00:00,295.9,295.9,DEBITO,11 TELAS - PEREIRAO,60.5,0.20446096654275095
22891,2020-09-09 00:00:00,240,240,CREDITO ,GIVANILDO - 10 TABUAS 30 CM ,81.9,0.34125
22892,2020-09-09 00:00:00,280,280,CREDITO,JOSE ALVES,116.1,0.41464285714285715
22893,2020-09-09 00:00:00,253.8,253.8,CHEQUE,AABM,105.66,0.41631205673758864
22894,2020-09-09 00:00:00,1288.6,1288.6,TRANSFER ITAU 09/09/2020,JARBAS,336.6,0.2612137203166227
22895,2020-09-09 00:00:00,552,552,CHEQUE,AABM,176.75,0.32019927536231885
22896,2020-09-09 00:00:00,25,25,DINHEIRO,"2 SARRAFOS 10 + 3,50 FERRO 1/4",12.28,0.49119999999999997
22897,2020-09-09 00:00:00,11098.07,10543.16,TRANSFER ITAU 09/09/2020,PATRICIA / MARCIO,4839.1,0.4589800401397684
22898,2020-09-09 00:00:00,402.1,402.1,CREDITO 3 X ,SULLIVAN,153.48,0.38169609549863215
22899,2020-09-09 00:00:00,493,493,CREDITO 3 X ,MARÇAL,169.84,0.3445030425963489
22899,2020-09-09 00:00:00,42,42,CREDITO,1 BARRA 3/8,10.47,0.2492857142857143
22900,2020-09-09 00:00:00,10221.25,9710,TRANSFER ITAU 09/09/2020,JUNIOR,4835.07,0.4979474768280123
22901,2020-09-09 00:00:00,42,42,CREDITO,01 B 3/8,10.47,0.2492857142857143
22902,2020-09-09 00:00:00,4552.4,4552.4,CHEQUES E ABATIMENTOS CRÉDITO,SALVADOR,1343.36,0.2950883050698533
22903,2020-09-09 00:00:00,84,84,CREDITO,02 B 3/8,20.94,0.2492857142857143
22904,2020-09-09 00:00:00,150,140,DINHEIRO,"03 TELAS 15X15 3,4",49.76,0.3554285714285714
22905,2020-09-09 00:00:00,298.5,298.5,CREDITO,DEBETTI,103.5,0.34673366834170855
22906,2020-09-09 00:00:00,41,41,CHEQUE,AABM,16.83,0.41048780487804876
22907,2020-09-09 00:00:00,600,600,CREDITO 3 X ,RODRIGO,232.48,0.3874666666666666
22908,2020-09-09 00:00:00,3652.25,3652.25,DEBITO,CAMILA / RUI,1420.61,0.3889684441097953
22909,2020-09-10 00:00:00,52,52,DINHEIRO,01 B 5/16 / 02 SARRAF 5 / 01 TORCIDO,23.46,0.4511538461538462
22910,2020-09-10 00:00:00,125,125,DINHEIRO,200 ESTRIBOS 9X20 E 02 TORCIDOS,53.0,0.424
22911,2020-09-10 00:00:00,922.55,870,DINHEIRO,JOAO LOPES,278.04,0.31958620689655176
22912,2020-09-10 00:00:00,44.75,44.75,DEBITO,"1 COL 3/8 9X15 - 2,50 M ",16.55,0.36983240223463687
22913,2020-09-10 00:00:00,161,160,CREDITO,PEDRO,53.21,0.3325625
22914,2020-09-10 00:00:00,101.94,101.94,TRANSFER BRAD EM 09/10/2020,ALFA,31.2,0.30606238964096527
22915,2020-09-10 00:00:00,103.2,103.2,CHEQUE,AABM,51.6,0.5
22916,2020-09-10 00:00:00,37,37,DINHEIRO,02 PONTALETES E 01 18X27,14.96,0.40432432432432436
22917,2020-09-10 00:00:00,5436.35,5150,TRANSFER ITAU 10/09/2020,NIL,1797.92,0.3491106796116505
22918,2020-09-10 00:00:00,890,890,CREDITO 4 X ,EVERALDO,334.45,0.37578651685393255
22919,2020-09-10 00:00:00,1173.1,1110,DEBITO,ALISON,466.9,0.4206306306306306
22920,2020-09-10 00:00:00,1064.7,1065,CREDITO,CLAITON,404.86,0.38015023474178405
22921,2020-09-11 00:00:00,1162.25,1162.25,CHEQUE,AABM,403.31,0.34700795870079587
22922,2020-09-11 00:00:00,33.98,33.98,TRANSFER BRAD EM 09/10/2020,ALFA,10.4,0.3060623896409653
22923,2020-09-11 00:00:00,433.24,433.24,TRANSFER BRAD EM 09/10/2020,ALFA,134.56,0.3105899732250023
22924,2020-09-11 00:00:00,152.91,152.91,TRANSFER BRAD EM 09/10/2020,ALFA,46.8,0.30606238964096527
22925,2020-09-11 00:00:00,96.75,96.75,TRANSFER BRAD EM 09/10/2020,ALFA,48.38,0.5000516795865634
22926,2020-09-11 00:00:00,427.2,427.2,CREDITO,HENRIQUE DIAS,145.19,0.3398642322097378
22927,2020-09-11 00:00:00,6996,6646.2,TRANSFER ITAU 11/09/2020,LIVIA,2032.2,0.3057687099395143
22928,2020-09-11 00:00:00,626.5,595,DEBITO,JOSE EDVALDO,210.7,0.35411764705882354
22929,2020-09-11 00:00:00,204,204,DINHEIRO,DEPOSITO UFS,52.78,0.25872549019607843
22930,2020-09-11 00:00:00,370,370,CREDITO,PANORAMA - 1000 ESTRIBOS,110.0,0.2972972972972973
22931,2020-09-11 00:00:00,185,185,DINHEIRO,DEPOSITO CCM,27.35,0.14783783783783785
22932,2020-09-11 00:00:00,305.82,305.82,TRANSFER BRAD EM 09/10/2020,ALFA,93.6,0.30606238964096527
22933,2020-09-11 00:00:00,1416.56,1376.56,TRANSFER CAIXA 14/09/2020,MLV CONSTRUTORA,533.46,0.3875312372871506
22934,2020-09-12 00:00:00,126,126,CREDITO,30 METROS FERRO 3/8,51.0,0.40476190476190477
22935,2020-09-12 00:00:00,20,20,DINHEIRO,40 ESTRIBOS 9X15,14.4,0.72
22936,2020-09-12 00:00:00,680,680,DEBITO E DINHEIRO,GENILDO,231.0,0.3397058823529412
22937,2020-09-12 00:00:00,220,220,DINHEIRO,4 BARRAS 3/8 + 1 SAP 6 F 3/8 60X30,61.86,0.2811818181818182
22938,2020-09-12 00:00:00,729.9,729.9,DINHEIRO,DEPOSITO DELTA 8,194.45,0.2664063570352103
22939,2020-09-12 00:00:00,1443.05,1370,DEBITO,FRANCISCO DOS SANTOS ,280.68,0.20487591240875913
22940,2020-09-12 00:00:00,57,57,DINHEIRO,2 BARRAS 5/16,26.0,0.45614035087719296
22941,2020-09-12 00:00:00,1563.5,1563.5,CREDITO E DEBITO,ANGELA,571.05,0.3652382475215862
22942,2020-09-12 00:00:00,35,35,DINHEIRO,10 METROS FERRO 3/8,8.7,0.24857142857142855
22943,2020-09-14 00:00:00,1200,1150,DINHEIRO E DEBITO,JOSUE,550.0,0.4782608695652174
22944,2020-09-14 00:00:00,509.7,509.7,TRANSFER BRAD EM 09/10/2020,ALFA,156.0,0.30606238964096527
22945,2020-09-14 00:00:00,214.8,214.8,CREDITO 02X,MARCIA,72.24,0.33631284916201115
22946,2020-09-14 00:00:00,554,526,DINHEIRO,WELLINGTON,186.62,0.35479087452471486
22947,2020-09-14 00:00:00,221,221,DEBITO,8 TABUAS 30 + 2 DE 20 + 1 ARAME,56.44,0.2553846153846154
22948,2020-09-14 00:00:00,9,9,DINHEIRO,1 BARRA 3/16,3.45,0.38333333333333336
22949,2020-09-14 00:00:00,90,90,DINHEIRO,4 TABUAS 25 + 2 DE 15 CM ,27.9,0.31
22950,2020-09-14 00:00:00,3260,3000,TRANSFER BRAD EM 15/09/2020,ERIVALDO,837.08,0.2790266666666667
22951,2020-09-14 00:00:00,418,418,CREDITO 2 X ,JAILTON,162.3,0.3882775119617225
22952,2020-09-14 00:00:00,45,45,DEBITO,1 BARRA 3/8,13.47,0.29933333333333334
22953,2020-09-14 00:00:00,1244.55,1180,DINHEIRO,EVANGELISTA,565.81,0.4794999999999999
22954,2020-09-14 00:00:00,474.35,474.35,DEBITO,ARÃO,159.53,0.33631284916201115
22955,2020-09-14 00:00:00,921,921,CHEQUE,DEPOSITO CCM,318.63,0.34596091205211726
22956,2020-09-14 00:00:00,243.5,240,DINHEIRO,CLAITON / DEDE,106.26,0.44275000000000003
22957,2020-09-14 00:00:00,55.6,55,DEBITO,"ISAAC - 1 5/16 9X15 - 4,00",28.92,0.5258181818181819
22958,2020-09-14 00:00:00,26,26,DINHEIRO,2 KG. ARAME,10.0,0.38461538461538464
22959,2020-09-14 00:00:00,1457.8,1457.8,CREDITO 2 X ,VITOR,467.88,0.3209493757717108
22960,2020-09-14 00:00:00,125.4,125,DINHEIRO,MACHO,71.04,0.56832
22961,2020-09-14 00:00:00,1430.79,1430.79,TRANSFER CAIXA 14/09/2020,PATRICIA / MARCIO,735.73,0.514212428099162
22962,2020-09-14 00:00:00,60,60,DINHEIRO,JESSICA - 2 BARRAS 5/16,29.0,0.48333333333333334
22963,2020-09-14 00:00:00,105,105,DEBITO,6 METROS 3/8 9X20,33.72,0.3211428571428571
22964,2020-09-15 00:00:00,84.95,84.95,TRANSFER BRAD EM 09/10/2020,ALFA,26.0,0.30606238964096527
22965,2020-09-15 00:00:00,223.2,223.2,TRANSFER BRAD EM 09/10/2020,ALFA,50.4,0.22580645161290322
22966,2020-09-15 00:00:00,2145,2145,TRANSFER BRAD EM 22/09/2020,DEPOSITO SANTO ANTONIO,601.9,0.2806060606060606
22967,2020-09-15 00:00:00,26.85,26.85,DEBITO,"1,50 /8 9X15",9.03,0.33631284916201115
22968,2020-09-15 00:00:00,318,310,DINHEIRO,BASICO,125.64,0.4052903225806452
22969,2020-09-15 00:00:00,125,125,TRANSFER ITAU 15/09 E 21/09/2020,LUCIANO,56.87,0.45496
22970,2020-09-15 00:00:00,245,245,CREDITO 2 X ,EDUARDO,97.82,0.3992653061224489
22971,2020-09-15 00:00:00,22,22,DEBITO,6 METROS FERRO 3/8,6.23,0.2831818181818182
22972,2020-09-15 00:00:00,152.91,152.91,TRANSFER BRAD EM 09/10/2020,ALFA,46.8,0.30606238964096527
22973,2020-09-15 00:00:00,908.1,876,DINHEIRO,PRIMOSUL,252.33,0.28804794520547944
22974,2020-09-15 00:00:00,2056,1994,DINHEIRO,PRIMOSUL,607.12,0.30447342026078233
22975,2020-09-15 00:00:00,52,52,CHEQUE E DEBITO,WILSON - VIZINHO,20.0,0.38461538461538464
22976,2020-09-15 00:00:00,19.5,19.5,DEBITO,8 METROS FERRO 1/4 + 9 ESTRIBOS ,9.86,0.5056410256410256
22977,2020-09-15 00:00:00,1345,1345,TRANSFERS BRADESCO,MINERAÇÃO CAIEIRAS,275.0,0.20446096654275092
22978,2020-09-15 00:00:00,2058.5,1900,TRANSFER ITAU 15/09,DONI,534.95,0.2815526315789474
22979,2020-09-15 00:00:00,323.7,305,DINHEIRO,HELENO,115.93,0.3800983606557377
22980,2020-09-15 00:00:00,610.5,610.5,CHEQUE,AABM,183.18,0.3000491400491401
22981,2020-09-15 00:00:00,1758,1758,BOLETOS,ALTO DA LAPA,496.96,0.2826848691695108
22982,2020-09-15 00:00:00,2578,2440,DEBITO E DINHEIRO,ED,791.28,0.32429508196721313
22983,2020-09-16 00:00:00,628,585,DINHEIRO,AUGUSTO,164.15,0.2805982905982906
22984,2020-09-16 00:00:00,100,100,DINHEIRO,2 TELAS 3.4 15X15,39.84,0.39840000000000003
22985,2020-09-16 00:00:00,392.15,375,TRANSFER ITAU 17/09/2020,ALCIDIO,108.03,0.28808
22986,2020-09-16 00:00:00,38.7,38.7,TRANSFER BRAD EM 09/10/2020,ALFA,19.35,0.5
22987,2020-09-16 00:00:00,118,118,CREDITO,CARLOS,51.88,0.43966101694915255
22988,2020-09-16 00:00:00,48.8,48.8,CREDITO,"2 3/8 9X5 - 2,00 + 1 18X27",-5.32,-0.10901639344262297
22989,2020-09-16 00:00:00,4000,3700,TRANSFER ITAU 16/09/2020,RICARDO / EVERALDO,752.63,0.2034135135135135
22990,2020-09-16 00:00:00,648.97,648.97,CHEQUE,AABM,339.33,0.5228747091545063
22991,2020-09-16 00:00:00,7,7,DINHEIRO,02 MTS 3/8,1.74,0.24857142857142858
22992,2020-09-16 00:00:00,34,34,DINHEIRO,9 METROS FERRO 3/8,10.33,0.3038235294117647
22993,2020-09-16 00:00:00,16900,16900,TRANSFER CAIXA 16/09/2020,SUPERMERCADO X,6425.0,0.3801775147928994
22994,2020-09-16 00:00:00,120,120,TRANSFER BRAD EM 09/10/2020,ALFA,49.68,0.414
22995,2020-09-16 00:00:00,2200,2000,TRANSFER ITAU 17/09/2020,PAULO CESAR,576.0,0.288
22996,2020-09-16 00:00:00,13936.85,13000,TRANSFERS ITAU 16/09/20,JUNIOR,6701.67,0.5155130769230769
22997,2020-09-16 00:00:00,537,537,TRANSFER BRAD EM 18/09/2020,ADAUTO,180.9,0.3368715083798883
22998,2020-09-17 00:00:00,179,175,DEBITO,JAIRO,56.3,0.3217142857142857
22999,2020-09-17 00:00:00,178.4,178.4,TRANSFER BRAD EM 09/10/2020,ALFA,54.6,0.3060538116591928
23000,2020-09-17 00:00:00,12.9,12.9,TRANSFER BRAD EM 09/10/2020,ALFA,6.45,0.5
23001,2020-09-17 00:00:00,470.7,457.2,CHEQUE,APOIO TINTAS,161.55,0.3533464566929134
23002,2020-09-17 00:00:00,402.2,400,CREDITO 3 X ,JOAO,108.54,0.27135000000000004
23003,2020-09-17 00:00:00,2008,2008,TRANSFER BRAD EM 22/09/2020,DEPOSITO SANTO ANTONIO,612.0,0.3047808764940239
23004,2020-09-17 00:00:00,339.95,339.95,CREDITO,MARCY,120.64,0.35487571701720844
23005,2020-09-17 00:00:00,4170,4170,DINHEIRO,DANIEL,2000.21,0.4796666666666667
23006,2020-09-17 00:00:00,90,90,DINHEIRO,JOSE FERREIRA,41.66,0.46288888888888885
23007,2020-09-17 00:00:00,90,90,DINHEIRO,2 BARRAS 3/8,26.94,0.29933333333333334
23008,2020-09-17 00:00:00,264,255,DEBITO,PETER,93.12,0.3651764705882353
23009,2020-09-17 00:00:00,19610,19610,TRANSFER CAIXA EM 17/09/2020,SUPERMERCADO X,4341.4,0.22138704742478327
23010,2020-09-17 00:00:00,87,87,DEBITO,RETIROU,33.6,0.38620689655172413
23011,2020-09-17 00:00:00,239.25,239,DEBITO,SERGIO,126.45,0.5290794979079498
23012,2020-09-17 00:00:00,558,558,TRANSFER BRAD EM 09/10/2020,ALFA,130.0,0.23297491039426524
23013,2020-09-17 00:00:00,2249.13,2136.67,TRANSFER CAIXA EM 24/09/2020,DEBETTI,1302.4,0.6095466309724946
23014,2020-09-18 00:00:00,34.5,33.8,DEBITO,03 TAB 15CM,11.69,0.3458579881656805
23015,2020-09-18 00:00:00,19.5,19.5,DEBITO,03 MTS 3/8 E 05 MTS 1/4,7.16,0.3671794871794872
23016,2020-09-18 00:00:00,31,31,DEBITO,01 B 5/16,15.5,0.5
23017,2020-09-18 00:00:00,759,744,DINHEIRO,CASA E TUBO,212.98,0.28626344086021505
23018,2020-09-18 00:00:00,160,150,DEBITO - QR CODE,JOSE GOMES,72.5,0.48333333333333334
23019,2020-09-18 00:00:00,208.95,208.95,DEBITO,MAURO,79.25,0.3792773390763341
23020,2020-09-18 00:00:00,42.9,42.9,DEBITO,1 BARRA 5/16 + 1 ARAME ,19.4,0.4522144522144522
23021,2020-09-18 00:00:00,69,69,DINHEIRO,6 SARRAFOS 15 CM,24.78,0.3591304347826087
23022,2020-09-18 00:00:00,608.6,578,TRANSFER BRAD EM 22/09/2020,MARTINHO,174.42,0.30176470588235293
23022 B,2020-09-18 00:00:00,7428.15,7000,BOLETOS,ENGESYSTEM / SLIP QUIMICA,3909.0,0.5584285714285714
23023,2020-09-18 00:00:00,933,930,DINHEIRO,DELTA 8,352.87,0.3794301075268817
23024,2020-09-18 00:00:00,154.8,154.8,CHEQUE,AABM,77.4,0.5
23025,2020-09-18 00:00:00,100,100,DINHEIRO,200 ESTRIBOS 9X15,44.0,0.44
23026,2020-09-18 00:00:00,1287,1287,CHEQUE,APOIO TINTAS,246.51,0.19153846153846152
23027,2020-09-18 00:00:00,113.4,113.4,DINHEIRO,"2 COL 3/8 9X20 - 3,00",42.12,0.3714285714285714
23028,2020-09-19 00:00:00,84.95,84.95,TRANSFER BRAD EM 09/10/2020,ALFA,26.0,0.30606238964096527
23029,2020-09-19 00:00:00,62.5,60,DINHEIRO,01 SAP 3/8 60X30 6F,27.94,0.4656666666666667
23030,2020-09-19 00:00:00,13,13,DINHEIRO,01 B 3/16,7.45,0.573076923076923
23031,2020-09-19 00:00:00,726,700,DINHEIRO,BASICO,177.72,0.25388571428571427
23032,2020-09-19 00:00:00,997,997,CREDITO 3 X ,LEANDRO,389.48,0.3906519558676028
23033,2020-09-19 00:00:00,113.4,113.4,A RECEBER ,JAILTON,42.66,0.37619047619047613
23031,2020-09-19 00:00:00,33.75,30,DEBITO,03 PLACAS ISOPOR,7.5,0.25
23032,2020-09-19 00:00:00,8.6,8.6,DEBITO,"4,60M B 1/4",4.5,0.5232558139534884
23033,2020-09-19 00:00:00,223.5,223.5,DEBITO,PEDRO PAULO,125.7,0.5624161073825503
23034,2020-09-19 00:00:00,1178,1100,DINHEIRO,AUGUSTO,365.81,0.33255454545454544
23035,2020-09-21 00:00:00,101.94,101.94,TRANSFER BRAD EM 09/10/2020,ALFA,31.2,0.30606238964096527
23036,2020-09-21 00:00:00,917.7,917.7,CHEQUE E DEBITO,WILSON - VIZINHO,362.83,0.39536885692492096
23037,2020-09-21 00:00:00,480.6,480.6,DEBITO,FERNANDO GUASELLI,149.35,0.31075738660008323
23038,2020-09-21 00:00:00,466.6,445,DEBITO,ALISON,153.52,0.34498876404494383
23039,2020-09-21 00:00:00,175.5,175.5,TRANSFER BRAD EM 22/09/2020,INOVE MOEMA,76.02,0.43316239316239313
23040,2020-09-21 00:00:00,365.2,365.2,DEBITO,ANGELO,174.38,0.47749178532311065
23041,2020-09-21 00:00:00,812,812,CREDITO 3 X ,CARLOS TEODORO,388.4,0.4783251231527093
23042,2020-09-21 00:00:00,198,198,CHEQUE,AABM,56.52,0.28545454545454546
23043,2020-09-21 00:00:00,83.7,83.7,CHEQUE,AABM,19.5,0.23297491039426524
23043 B,2020-09-21 00:00:00,193.5,193.5,CHEQUE,AABM,96.75,0.5
23044,2020-09-21 00:00:00,600,600,DINHEIRO E DEBITO,RAY SANTOS,226.67,0.3777833333333333
23045,2020-09-21 00:00:00,370,370,DINHEIRO,CONSTRUIPE - 1000 ,90.0,0.24324324324324326
23046,2020-09-22 00:00:00,30,30,CREDITO,9 MTS 5/16,18.37,0.6123333333333334
23047,2020-09-22 00:00:00,626.05,610,DEBITO,EDUARDO,230.29,0.3775245901639344
23048,2020-09-22 00:00:00,3487.6,3487.6,TRANSFER ITAU 08/10/2020,LNC INVESTIMENTOS,1845.2,0.5290744351416448
23049,2020-09-22 00:00:00,558,558,TRANSFER BRAD EM 09/10/2020,ALFA,130.0,0.23297491039426524
23050,2020-09-22 00:00:00,13,13,DINHEIRO,1 KG. PREGO 18X27,6.4,0.49230769230769234
23051,2020-09-22 00:00:00,425.5,425.5,CREDITO 2 X ,JOAO VIEIRA,170.39,0.4004465334900117
23052,2020-09-22 00:00:00,6444,6444,TRANSFERS BRADESCO,MINERAÇÃO CAIEIRAS,1777.0,0.27576039726877716
23053,2020-09-22 00:00:00,150,150,CREDITO,ZEN,67.9,0.4526666666666667
23054,2020-09-22 00:00:00,1351.97,1351.97,TRANSFER ITAU 22/09/2020,MARCELO HOLL,630.23,0.46615679341997235
23055,2020-09-22 00:00:00,39,39,DINHEIRO,01 B 3/8,7.47,0.19153846153846152
23056,2020-09-22 00:00:00,206.4,206.4,DINHEIRO,CEARA,60.4,0.29263565891472865
23057,2020-09-22 00:00:00,94.5,90,DINHEIRO,?,31.5,0.35
23058,2020-09-22 00:00:00,16499.5,16000,TRANSFER BRAD EM 30/09/2020,PRIMOSUL,4113.4,0.25708749999999997
23059,2020-09-22 00:00:00,425.7,425.7,TRANSFER BRAD EM 09/10/2020,ALFA,209.88,0.4930232558139535
23060,2020-09-23 00:00:00,39,39,DINHEIRO,02 TORCIDOS E 01 18X27,16.4,0.42051282051282046
23061,2020-09-23 00:00:00,26,26,DINHEIRO,01 TABUA DE 30CM,8.83,0.3396153846153846
23062,2020-09-23 00:00:00,189,189,DEBITO,10 MTS 3/8 9X20,70.2,0.37142857142857144
23063,2020-09-23 00:00:00,2908.5,2700,TRANSFER ITAU 24/09/2020,EDSON,1185.6,0.43911111111111106
23064,2020-09-23 00:00:00,510,485,DINHEIRO,FERNANDO - KANGURUS,142.15,0.29309278350515466
23065,2020-09-23 00:00:00,189,180,DINHEIRO,"FERNANDO 5 3/8 9X15 - 2,00",61.2,0.34
23066,2020-09-23 00:00:00,381.2,381.2,CREDITO 3 X ,JOSE XAVIER,144.76,0.37974816369359915
23067,2020-09-23 00:00:00,100,100,DINHEIRO,ADELMO,40.96,0.4096
23068,2020-09-23 00:00:00,1503,1450,TRANSFER CAIXA 23/09/2020,EDVANIA,636.0,0.4386206896551724
23069,2020-09-23 00:00:00,226.8,226.8,DINHEIRO,WILSON - TENENTE ISAIAS,84.24,0.3714285714285714
23070,2020-09-23 00:00:00,110,100,DINHEIRO,29 ESTR 9X30 (6.3) + 1 SAP 6 F 3/8 60X30,51.09,0.5109
23071,2020-09-23 00:00:00,320.4,320.4,CHEQUE,AABM,136.73,0.4267478152309613
23072,2020-09-24 00:00:00,358,358,TRANSFER BRAD EM 09/10/2020,ALFA,120.4,0.3363128491620112
23073,2020-09-24 00:00:00,1879.5,1879.5,TRANSFER BRAD EM 09/10/2020,DEPOSITO SANTO ANTONIO,632.1,0.3363128491620112
23074,2020-09-24 00:00:00,251.28,250,DINHEIRO,PAULO - 6 BARRAS 3/8,60.82,0.24328
23075,2020-09-24 00:00:00,24,24,DINHEIRO,1 KG. PREÇO AÇO 18X27,10.0,0.4166666666666667
23076,2020-09-24 00:00:00,8237.2,8237.2,CREDITO 5 X ,SERGIO,3978.93,0.4830439955324624
23077,2020-09-24 00:00:00,209,209,TRANSFER ITAU 24/09/2020,JANIO,73.12,0.3498564593301436
23078,2020-09-24 00:00:00,13,13,DINHEIRO,1 KG. PREGO 18X27,6.4,0.49230769230769234
23079,2020-09-24 00:00:00,195,195,DINHEIRO,BINA,61.75,0.31666666666666665
23080,2020-09-24 00:00:00,38,38,DEBITO,01 TELA 20X20,12.3,0.3236842105263158
23081,2020-09-24 00:00:00,22,22,DEBITO,4 METROS 5/16 + 2 DE 1/4,15.06,0.6845454545454546
23082,2020-09-24 00:00:00,186,186,DEBITO,EDUARDO,65.32,0.3511827956989247
23083,2020-09-24 00:00:00,227.5,200,DEBITO,ALEMÃO,103.55,0.5177499999999999
23084,2020-09-24 00:00:00,141.75,140,DINHEIRO,JOSE EDVALDO,50.9,0.36357142857142855
23085,2020-09-24 00:00:00,24,24,CREDITO,"4 PEÇAS 1/2 - 0,80 CM ",13.08,0.545
23086,2020-09-24 00:00:00,66,66,DEBITO,3 BARRAS 1/4,34.14,0.5172727272727273
23087,2020-09-24 00:00:00,49.5,49.5,DEBITO,1 BARRA 3/8,17.97,0.363030303030303
23088,2020-09-25 00:00:00,0,0,CANCELADO,ANTONIO,0.0,
23089,2020-09-25 00:00:00,135,130,DEBITO,03 B 3/8,35.41,0.27238461538461534
23090,2020-09-25 00:00:00,48,45,DINHEIRO,01 B 5/16 E 01 4.2,23.95,0.5322222222222222
23091,2020-09-25 00:00:00,689,689,CHEQUE E DEBITO,WILSON - VIZINHO,225.07,0.32666182873730043
23092,2020-09-25 00:00:00,6303,5700,TRANSFER CAIXA EM 25/09/2020,RR CONTABILIDADE,1580.99,0.27736666666666665
23093,2020-09-25 00:00:00,69.2,69.2,CREDITO,PANORAMA - 1 BARRA 1/2,16.01,0.23135838150289018
23094,2020-09-25 00:00:00,378.1,378,DINHEIRO,JOSE MARIA,152.38,0.4031216931216931
23095,2020-09-25 00:00:00,69.65,69.65,DEBITO,"3,50M 3/8 9X15",28.07,0.4030150753768844
23096,2020-09-25 00:00:00,1944,1800,TRANSFER ITAU 25/09/2020,JARBAS,538.8,0.2993333333333333
23097,2020-09-26 00:00:00,107.4,107.4,TRANSFER BRAD EM 09/10/2020,ALFA,36.12,0.33631284916201115
23098,2020-09-26 00:00:00,291.6,280,DINHEIRO,6 BARRAS 3/8,90.82,0.32435714285714284
23099,2020-09-26 00:00:00,224,224,DINHEIRO,DEPOSITO PEREIRAO,44.1,0.196875
23100,2020-09-26 00:00:00,6623,6450,DEBITO,CRISTIANE,2853.65,0.4424263565891473
23101,2020-09-26 00:00:00,1467.7,1467.7,CREDITO,WALSON,696.98,0.4748790624787082
23102,2020-09-26 00:00:00,2709,2709,CREDITO 5 X ,JOSE BARBOSA,1120.65,0.41367663344407535
23103,2020-09-28 00:00:00,322.2,322,DINHEIRO,DELTA 8,114.38,0.3552173913043478
23104,2020-09-28 00:00:00,12.5,12.5,DINHEIRO,1/2 BARRA 1/4,5.38,0.4304
23105,2020-09-28 00:00:00,5,5,DINHEIRO,2 METROS FERRO 1/4,2.62,0.524
23106,2020-09-28 00:00:00,72,72,DEBITO,4 TABUAS 25,20.8,0.2888888888888889
23107,2020-09-28 00:00:00,75,75,CREDITO,5 TABUAS 15 CM ,35.6,0.4746666666666667
23108,2020-09-28 00:00:00,1095,1095,DINHEIRO,ERIELSON,393.42,0.35928767123287675
23109,2020-09-28 00:00:00,518,518,DINHEIRO E DEBITO,VITOR,376.0,0.7258687258687259
23110,2020-09-28 00:00:00,62.65,62.65,CHEQUE,AABM,21.07,0.3363128491620112
23111,2020-09-28 00:00:00,75,75,CHEQUE E DEBITO,WILSON - VIZINHO,55.05,0.734
23112,2020-09-28 00:00:00,56,56,CREDITO ,4 KG. ARAME ,24.0,0.42857142857142855
23113,2020-09-28 00:00:00,675,629,"DINHEIRO E CREDITO DE R$ 129,00",MARCIO / CHARLES,156.05,0.24809220985691577
23114,2020-09-28 00:00:00,475,475,DEBITO,ZEN / ADRIANO,285.6,0.6012631578947369
23115,2020-09-28 00:00:00,529.2,529,DINHEIRO,ROMOS,196.56,0.37156899810964084
23116,2020-09-28 00:00:00,1137,1137,BOLETO,boleto,382.2,0.33614775725593665
23117,2020-09-29 00:00:00,62.65,62,DINHEIRO,"01 3/8 9X15 3,50M",20.42,0.32935483870967747
23118,2020-09-29 00:00:00,46.5,46.5,CHEQUE,AABM,22.33,0.4802150537634408
23119,2020-09-29 00:00:00,24,24,DINHEIRO,03 SARRAFOS DE 10CM,8.28,0.345
23120,2020-09-29 00:00:00,59.6,59.6,DEBITO,"01 5/16 9X15 4,00M",33.44,0.5610738255033556
23121,2020-09-29 00:00:00,531.76,531.76,TRANSFER BRAD EM 09/10/2020,ALFA,108.9,0.2047916353242064
23122,2020-09-29 00:00:00,528,528,TRANSFER ITAU 29/09/2020,WILLIAM,192.9,0.3653409090909091
23123,2020-09-29 00:00:00,1904.25,1847,CHEQUE,PRIMOSUL,1047.26,0.5670059556036816
23124,2020-09-29 00:00:00,5527.16,5370,DINHEIRO,MACHO,2800.85,0.5215735567970204
23125,2020-09-29 00:00:00,543.5,530,DEBITO,ALISSON,201.48,0.3801509433962264
23126,2020-09-29 00:00:00,494,450,TRANSFER BRAD EM 29/09/2020,JOSE HILTON,115.9,0.2575555555555556
23127,2020-09-29 00:00:00,187,187,CHEQUE E DEBITO,WILSON - VIZINHO,59.51,0.31823529411764706
23128,2020-09-29 00:00:00,46,46,DEBITO,4 SARRAFOS 15 CM ,14.48,0.31478260869565217
23129,2020-09-29 00:00:00,20,20,DINHEIRO,6 METROS FERRO 5/16,12.25,0.6125
23130,2020-09-29 00:00:00,188.8,188.8,TRANSFER BRAD EM 05/10,INOVE MOEMA,90.8,0.48093220338983045
23131,2020-09-29 00:00:00,1453.35,1453.35,TRANSFER BRAD EM 30/09/2020,MARIA LUIZA BORGES,973.56,0.6698730519145423
23132,2020-09-30 00:00:00,138,130,DINHEIRO,02 TELAS / 01 B 3/8 / 02 CXS LAJE 30CM,44.27,0.34053846153846157
23133,2020-09-30 00:00:00,500.4,500.4,TRANSFER BRAD EM 09/10/2020,ALFA,264.96,0.5294964028776978
23134,2020-09-30 00:00:00,1002.4,1002.4,TRANSFER BRAD EM 09/10/2020,ALFA,337.12,0.3363128491620112
23135,2020-09-30 00:00:00,286.4,286.4,TRANSFER BRAD EM 09/10/2020,ALFA,96.32,0.33631284916201115
23136,2020-09-30 00:00:00,1529.36,1529.36,CHEQUE,AABM,656.04,0.4289637495422922
23137,2020-09-30 00:00:00,558.9,530,DINHEIRO,GENILDO,219.0,0.41320754716981134
23138,2020-09-30 00:00:00,420,420,DINHEIRO,DEPOSITO PEREIRAO,151.16,0.3599047619047619
23139,2020-09-30 00:00:00,9,9,DINHEIRO,2 SARRAFOS 05 CM,3.76,0.41777777777777775
23140,2020-09-30 00:00:00,358,358,TRANSFER BRAD EM 09/10/2020,ALFA,120.4,0.3363128491620112
23141,2020-09-30 00:00:00,3042.25,3042.25,TRANSFERS BRADESCO,MINERAÇÃO CAIEIRAS,1088.1,0.35766291396170596
23142,2020-09-30 00:00:00,39,39,DEBITO,1 BARRA 5/16,23.5,0.6025641025641025
23143,2020-09-30 00:00:00,3328.8,3328.8,CHEQUE,AABM,935.58,0.281056236481615
Meta,,207000,,, SALÁRIOS + SÁBADOS,12042.0,
Percentual atingido,,1.5369731642512083,,,,,
Meta diária,,9857.142857142857,,,,107825.90999999993,22427.789279999986
23144,2020-10-01 00:00:00,13,13,DEBITO,"6,00M B 1/4",6.0,0.46153846153846156
23145,2020-10-01 00:00:00,132.3,132.3,TRANSFER BRAD EM 09/10/2020,ALFA - 7 METROS 3/8 9X15,38.15,0.2883597883597883
23146,2020-10-01 00:00:00,5504.92,5000,TRANSFER ITAU 01/10/2020,CLAYTON,1988.52,0.397704
23147,2020-10-01 00:00:00,380,380,TRANSFER BRAD 06/10/2020,MARIA LUIZ BORGES,179.86,0.47331578947368425
23148,2020-10-01 00:00:00,6233.76,6233.76,CREDITO 04X,RODRIGO,2830.56,0.45406945406945404
23149,2020-10-01 00:00:00,5153.28,5153.28,TRANSFER ITAU 13/11/2020,FERNANDO - CAMPO LIMPO,2224.2,0.43160860655737704
23150,2020-10-02 00:00:00,236.25,236.25,TRANSFER BRAD EM 09/10/2020,ALFA,68.13,0.28838095238095235
23151,2020-10-02 00:00:00,68.25,68.25,CREDITO,05 KG TORCIDO,25.75,0.3772893772893773
23152,2020-10-02 00:00:00,679,679,TRANSFER BRAD 02/10/2020,INOVE MOEMA,281.41,0.4144477172312224
23153,2020-10-02 00:00:00,52461,52461,TRANSFER CAIXA EM 05/10/2020,SUPERMERCADO X,19641.0,0.37439240578715616
23154,2020-10-02 00:00:00,1984.5,1984.5,TRANSFER BRAD EM 08/10/2020,DEPOSITO SANTO ANTONIO,572.25,0.28835978835978837
23155,2020-10-02 00:00:00,170,170,DINHEIRO EM 18/12/2020,ALFA,41.5,0.24411764705882352
23156,2020-10-02 00:00:00,29.85,29,DINHEIRO,"1,50M 3/8 9X15",8.83,0.30448275862068963
23157,2020-10-02 00:00:00,2938.08,2938.08,CREDITO 03X,RONALDO - TEMAC,1415.38,0.4817363720524969
23158,2020-10-02 00:00:00,113.4,113.4,CHEQUE,AABM,32.7,0.28835978835978837
23159,2020-10-03 00:00:00,9,9,DINHEIRO,"2,50M B 3/8",1.56,0.17333333333333334
23160,2020-10-03 00:00:00,18,18,DINHEIRO,04 SARRAFOS DE 5CM,7.52,0.41777777777777775
23161,2020-10-03 00:00:00,168,168,CREDITO,05 TAB 30CM/ 01 18X27 E 01 18X27 AÇO,61.55,0.3663690476190476
23162,2020-10-03 00:00:00,76,74.5,DEBITO,04 B 5.0,29.26,0.392751677852349
23163,2020-10-03 00:00:00,79.6,76,DINHEIRO,"01 3/8 9X20 4,00M",22.2,0.2921052631578947
23164,2020-10-03 00:00:00,96,94,DEBITO,12 SARRAFOS DE 10CM,31.12,0.33106382978723403
23165,2020-10-05 00:00:00,145.9,140,DEBITO,02 B 3/8 E 01 TELA 20X20,42.9,0.30642857142857144
23166,2020-10-05 00:00:00,130,130,A RECEBER ,"3,50 3/8 9X15 / 01 3/8 50X30 / 2 DISCOS C",46.68,0.35907692307692307
23167,2020-10-05 00:00:00,812.7,812.7,DINHEIRO EM 18/12/2020,ALFA,234.35,0.2883597883597883
23168,2020-10-05 00:00:00,358.2,358.2,CREDITO,DENIS,116.1,0.3241206030150754
23169,2020-10-05 00:00:00,2452.59,2300,TRANSFER ITAU 08/10/2020,EDINAEL,1176.78,0.5116434782608695
23170,2020-10-05 00:00:00,1723.1,1680,DEBITO,PEDRO,444.8,0.26476190476190475
23171,2020-10-05 00:00:00,2710,2710,BOLETOS,ALTO DA LAPA,1141.4,0.4211808118081181
23172,2020-10-05 00:00:00,145.8,145.8,DINHEIRO EM 18/12/2020,ALFA,33.3,0.22839506172839502
23173,2020-10-05 00:00:00,238.8,238.8,DEBITO,"4 COL 3/8 9X15 - 3,00",77.4,0.3241206030150754
23174,2020-10-05 00:00:00,162,160,CREDITO,12 MTS TRELIÇA H8,124.84,0.78025
23175,2020-10-05 00:00:00,208.95,209,TRANSFER ITAU 07/10,DENISE,67.73,0.32406698564593306
23176,2020-10-05 00:00:00,668.1,668.1,TRANSFER ITAU 05/10/2020,WILLIAM,197.1,0.29501571621014816
23177,2020-10-05 00:00:00,25,25,DINHEIRO,1 BARRA 1/4,10.76,0.4304
23178,2020-10-05 00:00:00,60,60,DEBITO,"1 COL 3/8 9X15 - 3,00",19.65,0.32749999999999996
23179,2020-10-05 00:00:00,80,80,DEBITO,"CLAUDINEI - 1 3/8 9X15 - 4,00",26.2,0.3275
23180,2020-10-05 00:00:00,60,60,DEBITO,"1 COL 3/8 9X15 - 3,00",19.65,0.32749999999999996
23181,2020-10-05 00:00:00,46.8,46.8,DINHEIRO EM 18/12/2020,ALFA,11.1,0.2371794871794872
23182,2020-10-05 00:00:00,75,75,DEBITO,3 ARAME + 2 17X21,36.3,0.484
23183,2020-10-05 00:00:00,5.25,75.25,DEBITO,"1 3/8 7X15 - 3,50",28.18,0.37448504983388703
23183,2020-10-06 00:00:00,84.5,84.5,DINHEIRO,5 MTS 5/16 9X15,50.95,0.6029585798816568
23184,2020-10-06 00:00:00,5,5,DEBITO,"2,20 B 1/4",2.38,0.476
23185,2020-10-06 00:00:00,1458,1365,TRANSFER ITAU 06/10/2020,JEFERSON ,294.0,0.2153846153846154
23186,2020-10-06 00:00:00,297,297,TRANFERS BRADESCO 06/10/2020,ANDERSON SILVA,86.5,0.29124579124579125
23187,2020-10-06 00:00:00,636.8,636.8,CREDITO 3 X ,ADAUTO,206.4,0.3241206030150754
23188,2020-10-06 00:00:00,78,78,DEBITO,2 TELAS 3.4 20X20,26.6,0.34102564102564104
23189,2020-10-06 00:00:00,898.2,898.2,TRANSFER ITAU 07/10,ANTONIO,435.6,0.4849699398797595
23190,2020-10-06 00:00:00,976,976,DINHEIRO,DELTA 8,316.5,0.3242827868852459
23191,2020-10-06 00:00:00,3174.16,3021.08,"FALTAM R$ 1.521,08",MOISES,1487.15,0.4922577356442068
23192,2020-10-06 00:00:00,27720,27720,TRANSFER CAIXA EM 07/10/2020,SUPERMERCADO X,6720.0,0.24242424242424243
23193,2020-10-06 00:00:00,510,500,DINHEIRO,TELMA,150.0,0.3
23194,2020-10-06 00:00:00,3470,3470,CREDITO 3 X ,NILO,1570.8,0.4526801152737752
23195,2020-10-06 00:00:00,500,500,DINHEIRO,1000 ESTRIBOS - SACO,230.0,0.46
23196,2020-10-06 00:00:00,234,234,DEBITO,TATIANE,141.0,0.6025641025641025
23197,2020-10-06 00:00:00,2898.3,2898.3,DINHEIRO EM 18/12/2020,ALFA,1209.45,0.41729634613394057
23198,2020-10-06 00:00:00,349.8,349.8,CHEQUE,AABM,202.18,0.5779874213836478
23199,2020-10-07 00:00:00,604.8,604.8,DINHEIRO EM 18/12/2020,ALFA,174.4,0.28835978835978837
23200,2020-10-07 00:00:00,179.1,179.1,TRANSFER ITAU 12/11/2020,FABIANO,58.05,0.3241206030150754
23201,2020-10-07 00:00:00,597,597,ABATEU DIARIAS,IEDA,193.5,0.3241206030150754
23202,2020-10-07 00:00:00,49,49,DINHEIRO,1 BARRA 3/8,13.3,0.27142857142857146
23203,2020-10-07 00:00:00,597,570,DINHEIRO,VIDAL,166.5,0.29210526315789476
23204,2020-10-07 00:00:00,277.8,275,DINHEIRO,JORGE,98.1,0.3567272727272727
23205,2020-10-07 00:00:00,880.94,880.94,CHEQUE,AABM,549.72,0.6240152564306309
23206,2020-10-07 00:00:00,8535.36,8108.59,TRANSFER BRAD EM 15/10/2020,PRIMOSUL,1980.72,0.2442742819651752
23207,2020-10-07 00:00:00,384.3,372.77,CHEQUE,PRIMOSUL,123.74,0.33194731335676153
23208,2020-10-08 00:00:00,677,677,CANCELADO,MARCELO,277.25,0.40952732644017725
23209,2020-10-08 00:00:00,14,14,DINHEIRO,1 BARRA 3/16,6.0,0.42857142857142855
23210,2020-10-08 00:00:00,1316.1,1250,DEBITO,ALEX,676.07,0.540856
23211,2020-10-08 00:00:00,351.6,334,TRANSFER ITAU 08/10/2020,JOSE ,88.8,0.26586826347305387
23212,2020-10-08 00:00:00,874.8,858,CHEQUE,APOIO TINTAS,232.2,0.2706293706293706
23213,2020-10-08 00:00:00,2583,2583,TRANSFER ITAU 13/11/2020,FERNANDO - CAMPO LIMPO,904.05,0.35
23214,2020-10-08 00:00:00,657.15,657.15,CREDITO 3 X ,JOSE CARLOS,220.24,0.33514418321539985
23215,2020-10-09 00:00:00,1148,1148,DINHEIRO EM 18/12/2020,ALFA,277.0,0.24128919860627177
23216,2020-10-09 00:00:00,467.78,467.78,DINHEIRO EM 18/12/2020,ALFA,145.2,0.310402325879687
23217,2020-10-09 00:00:00,2364.3,2240,DEBITO,AGUINALDO,601.92,0.2687142857142857
23218,2020-10-09 00:00:00,253.5,240,DEBITO,PAULO,139.35,0.580625
23219,2020-10-09 00:00:00,796,796,TRANSFER ITAU 09/10/2020,JESUS,374.6,0.47060301507537694
23220,2020-10-09 00:00:00,119.4,110,DINHEIRO,"2 COL 3/8 9X15 - 3,00",29.3,0.26636363636363636
23221,2020-10-10 00:00:00,59.7,59.7,DEBITO,"1 COL 3/8 9X20 - 3,00",19.35,0.3241206030150754
23222,2020-10-10 00:00:00,39.8,39.8,DEBITO,"1 COL 3/8 9X20 - 2,00",12.9,0.3241206030150754
23223,2020-10-10 00:00:00,1243.75,1243.75,CREDITO 3 X ,JOSE BARBOSA / CAIO,403.13,0.3241246231155779
23224,2020-10-10 00:00:00,1715.6,1540,DEBITO,LUCIANO - PM,441.2,0.28649350649350647
23225,2020-10-13 00:00:00,20,20,DINHEIRO,01 M 3/8 9X15,6.55,0.3275
23226,2020-10-13 00:00:00,1125,1070,DEBITO,JÔ,310.08,0.2897943925233645
23227,2020-10-13 00:00:00,286.2,286.2,CHEQUE,AABM,165.42,0.5779874213836478
23228,2020-10-13 00:00:00,1505.96,1385,TRANSFER BRAD EM 13/10/2020,JOSE HILTON,477.0,0.3444043321299639
23229,2020-10-13 00:00:00,100,100,DINHEIRO,PAULO SERGIO,27.5,0.275
23230,2020-10-13 00:00:00,271.3,271.3,DEBITO,ALINE,92.87,0.3423147806855879
23231,2020-10-13 00:00:00,55,55,DEBITO,1 TELA + 1 ARAME,20.8,0.3781818181818182
23232,2020-10-13 00:00:00,79.6,79.6,DEBITO,"1 COL 3/8 9X15 - 4,00",25.8,0.3241206030150754
23233,2020-10-14 00:00:00,238.5,238.5,DINHEIRO EM 18/12/2020,ALFA,137.85,0.5779874213836478
23234,2020-10-14 00:00:00,347.4,347,DINHEIRO,UFS,88.2,0.25417867435158503
23235,2020-10-14 00:00:00,46.8,46.8,DINHEIRO EM 18/12/2020,ALFA - 1 BARRA 3/8,11.1,0.2371794871794872
23236,2020-10-14 00:00:00,716.4,716.4,DEBITO,ADEMIR,232.2,0.3241206030150754
23237,2020-10-14 00:00:00,1480,1400,DEBITO,SABRINA / EDSON,674.56,0.4818285714285714
23238,2020-10-14 00:00:00,1760.6,1760.6,CREDITO 4 X ,JULIANA LOVAGLIO,602.14,0.34200840622515055
23239,2020-10-14 00:00:00,95,95,CREDITO,"1 COL 3/8 9X15 - 4,00 + 1 ARAME",32.7,0.3442105263157895
23240,2020-10-14 00:00:00,1229,1167.55,TRANSFER CAIXA EM 14/10/2020,CRISTIANE,402.05,0.34435356087533725
23241,2020-10-14 00:00:00,1506,1430,DINHEIRO,OTONIEL,619.42,0.43316083916083914
23242,2020-10-14 00:00:00,2100,2016,DINHEIRO,ALDO,865.11,0.4291220238095238
23243,2020-10-14 00:00:00,15,15,DINHEIRO,1 KG. ARAME ,6.5,0.43333333333333335
23244,2020-10-14 00:00:00,26,26,DINHEIRO,1 TABUA 30 CM ,8.83,0.3396153846153846
23245,2020-10-14 00:00:00,4899.9,4899.9,CHEQUES E ABATIMENTOS CRÉDITO,SALVADOR,2509.15,0.512081879222025
23246,2020-10-14 00:00:00,104.35,104.35,CREDITO 02X,02 18X27/ 02 18X27 02 CAB / 03 TORCIDOS,40.85,0.3914710110206038
23247,2020-10-14 00:00:00,2222.87,2222.87,CHEQUE,AABM,963.7,0.43353862349125233
23248,2020-10-14 00:00:00,468,468,CHEQUE,APOIO TINTAS,111.0,0.23717948717948717
23249,2020-10-14 00:00:00,8630.4,8630.4,TRANSFERS BRADESCO,MINERAÇÃO CAIEIRAS,2903.15,0.3363864942528736
23250,2020-10-14 00:00:00,1196.3,1196.3,DEBITO,ALEX,359.54,0.3005433419710775
23251,2020-10-14 00:00:00,39,39,TRANSFER ITAU 14/10,1 ROLO CONDUITE ,21.0,0.5384615384615384
23252,2020-10-15 00:00:00,757.9,720,DEBITO,JOSE ANTONIO,418.99,0.5819305555555556
23253,2020-10-15 00:00:00,25,25,DINHEIRO,"6,50M B 3/8",5.66,0.22640000000000002
23254,2020-10-15 00:00:00,9,9,DINHEIRO,02 SARRAFOS DE 5CM,3.76,0.41777777777777775
23255,2020-10-15 00:00:00,500,500,DINHEIRO,1000 ESTRIBOS 9X15 - SACO,130.0,0.26
23256,2020-10-15 00:00:00,39,39,DINHEIRO,WILSON - VIZINHO - 1 BARRA 5/16,12.58,0.32256410256410256
23257,2020-10-15 00:00:00,2106,2000,TRANSFER ITAU 15/10/2020,JEFERSON ,500.2,0.2501
23258,2020-10-15 00:00:00,477.6,450,DINHEIRO,DOUGLAS / JOÃO PEDRO,127.2,0.2826666666666667
23259,2020-10-15 00:00:00,2165.02,2035,TRANSFER ITAU 15/10/2020,JUNIOR,963.02,0.47322850122850124
23260,2020-10-15 00:00:00,1662,1662,CREDITO 4 X ,RODRIGO ,835.08,0.5024548736462094
23261,2020-10-15 00:00:00,636.06,636.06,TRANSFER ITAU 16/10/2020,CHARLES,352.98,0.5549476464484483
23262,2020-10-16 00:00:00,306.6,306.6,CREDITO 3 X,KLEBER,102.7,0.3349641226353555
23263,2020-10-16 00:00:00,190.8,190.8,DINHEIRO EM 18/12/2020,ALFA,110.28,0.5779874213836478
23264,2020-10-16 00:00:00,808,808,DINHEIRO EM 18/12/2020,ALFA,194.0,0.2400990099009901
23265,2020-10-16 00:00:00,318.4,318.4,CREDITO 3 X ,"ZEN - 4 3/8 9X15 - 4,00",103.2,0.3241206030150754
23266,2020-10-16 00:00:00,159.2,159.2,DEBITO,"2 COL 3/8 9X15 - 4,00",51.6,0.3241206030150754
23267,2020-10-16 00:00:00,33934,33934,TRANSFER CAIXA EM 19/10/2020,SUPERMERCADO X,8550.0,0.251959686450168
23268,2020-10-16 00:00:00,179.1,180,DINHEIRO,"ROSELI 3 3/8 9X15 - 3,00",58.95,0.3275
23269,2020-10-16 00:00:00,914.25,860,DINHEIRO,MICHEL,239.23,0.27817441860465114
23270,2020-10-16 00:00:00,1984.5,1984.5,DEPOSITO BRAD EM 23/10/2020,DEPOSITO SANTO ANTONIO,572.25,0.28835978835978837
23271,2020-10-16 00:00:00,4300.94,4085.89,TRANSFER ITAU 16/10/2020,TASSIA,2584.08,0.6324399335273343
23272,2020-10-16 00:00:00,15036,15036,TRANSFER CAIXA EM 16/10/2020,L H M TORRES - PARANÁ,5477.4,0.36428571428571427
23273,2020-10-16 00:00:00,1600,1600,TRANSFER CAIXA EM 16/10/2020,L H M TORRES - PARANÁ,688.64,0.4304
23273,2020-10-16 00:00:00,318.4,318.4,DEBITO,ADRIANO/ALINE,103.2,0.3241206030150754
23274,2020-10-16 00:00:00,1383,1383,TRANSFER ITAU 16/10/2020,CASA PALMIERI,438.5,0.3170643528561099
23275,2020-10-16 00:00:00,2984.6,2984.6,TRANSFERS BRADESCO,MINERAÇÃO CAIEIRAS,954.32,0.3197480399383502
23276,2020-10-16 00:00:00,550.8,525,TRANSFER ITAU 16/10/2020,JUNIOR,227.52,0.4333714285714286
23276,2020-10-16 00:00:00,16,16,DINHEIRO,02 SARRAFOS DE 10CM,5.52,0.345
23277,2020-10-16 00:00:00,260,260,DEBITO,ALEX,100.48,0.38646153846153847
23278,2020-10-16 00:00:00,174.4,174.4,DINHEIRO,MARCY,62.85,0.3603784403669725
23279,2020-10-16 00:00:00,0,0,CANCELADO,MAURO,0.0,
23280,2020-10-17 00:00:00,42.25,40,DINHEIRO,"01 5/16 9X15 2,50M",23.22,0.5805
23281,2020-10-17 00:00:00,113.4,113.4,DINHEIRO,"UFS - 2 3/8 9X15 - 3,00",32.7,0.28835978835978837
23282,2020-10-19 00:00:00,545,545,DEBITO,AGUINALDO,173.65,0.31862385321100917
23283,2020-10-19 00:00:00,1475,1400,DINHEIRO,ADRIANO,541.0,0.38642857142857145
23284,2020-10-19 00:00:00,1405.2,1405.2,CREDITO 2 X  E DEBITO,REGINA,572.96,0.40774267008255055
23285,2020-10-19 00:00:00,238.8,238.8,CREDITO 3 X ,JOSE ALVES,77.4,0.3241206030150754
23286,2020-10-19 00:00:00,330.75,330.75,CHEQUE,AABM,95.38,0.2883749055177626
23287,2020-10-19 00:00:00,522.45,522.45,CREDITO 3 X ,KLEBER,172.38,0.32994544932529424
23288,2020-10-19 00:00:00,30,30,DEBITO,1 KG.PREGO 17X21 - AÇO + 1 KG. 18X27,15.9,0.53
23289,2020-10-19 00:00:00,1022.8,1022.8,DINHEIRO,WILSON - VIZINHO,472.96,0.4624168947985921
23290,2020-10-19 00:00:00,1463.7,1420,CHEQUE,PRIMOSUL,386.65,0.2722887323943662
23291,2020-10-19 00:00:00,477.6,477.6,DEBITO,ZEN,154.8,0.3241206030150754
23292,2020-10-19 00:00:00,849.8,830,DEBITO,DANIELA,256.6,0.3091566265060241
23293,2020-10-19 00:00:00,492.75,492.75,CREDITO,ZEN,175.15,0.3554540842212075
23295,2020-10-19 00:00:00,177,177,DEBITO,DP SILVA ,84.0,0.4745762711864407
23295,2020-10-19 00:00:00,179.1,179.1,DEBITO,9 METROS 3/8 9X15,58.05,0.3241206030150754
23296,2020-10-19 00:00:00,180,180,CREDITO,12 B 4.2,84.0,0.4666666666666667
23297,2020-10-20 00:00:00,10,10,DINHEIRO,2M B 3/8,4.05,0.40499999999999997
23298,2020-10-20 00:00:00,198.45,198.45,DINHEIRO EM 18/12/2020,ALFA,57.23,0.28838498362307885
23299,2020-10-20 00:00:00,467.65,455,TRANSFER ITAU 20/10/2020,LUCIA,151.58,0.3331428571428572
23300,2020-10-20 00:00:00,1051.4,1000,DINHEIRO,CASA E TUBO,285.25,0.28525
23301,2020-10-20 00:00:00,1375,1300,TRANSFER CAIXA 21/10/2020,CRISTIANE,586.0,0.45076923076923076
23302,2020-10-20 00:00:00,79.6,78,DEBITO,04 M 3/8 9X15,24.2,0.31025641025641026
23303,2020-10-20 00:00:00,248.75,248.75,DEBITO,JOAO DA COSTA,80.63,0.32414070351758795
23304,2020-10-20 00:00:00,358.2,358.2,CREDITO,"6 COL 3/8 9X15 - 3,00 M ",116.1,0.3241206030150754
23305,2020-10-20 00:00:00,1260,1260,CREDITO 4 X ,RICHARD,624.15,0.49535714285714283
23306,2020-10-20 00:00:00,739.3,739.3,CREDITO,RONALDO - TEMAC,309.9,0.4191803056945759
23307,2020-10-20 00:00:00,138.7,138.7,DINHEIRO,2 - 3/8 + 2 4.2 + 2 ARAME,34.3,0.247296322999279
23308,2020-10-21 00:00:00,277.1,277.1,DEBITO,RETIROU,97.3,0.35113677372789603
23309,2020-10-21 00:00:00,245.05,230,DINHEIRO,GILVAN,132.71,0.5770000000000001
23310,2020-10-21 00:00:00,2316.5,2316.5,BOLETOS,ALTO DA LAPA,848.39,0.36623785883876536
23311,2020-10-21 00:00:00,56.7,56.7,DINHEIRO EM 18/12/2020,ALFA,16.35,0.28835978835978837
23312,2020-10-21 00:00:00,4798.92,4500,TRANSFER ITAU 26/10/2020,EDINAEL,2216.04,0.4924533333333333
23313,2020-10-21 00:00:00,98,98,DINHEIRO,7 KG. ARAME TORCIDO,38.5,0.39285714285714285
23314,2020-10-21 00:00:00,1340.95,1250,DINHEIRO,MARTINHO,337.98,0.270384
23315,2020-10-21 00:00:00,4098,4098,CREDITO 4 X ,PADRE FRANCISCO,1555.8,0.37964860907759884
23315 B,2020-10-21 00:00:00,45,45,DINHEIRO,PADRE FRANCISCO - 3 ARAME S,19.5,0.43333333333333335
23316,2020-10-21 00:00:00,278.6,265,DEBITO,14 METROS 3/8 9X20,76.7,0.28943396226415097
23317,2020-10-21 00:00:00,14,14,CREDITO,01 TORCIDO,5.5,0.39285714285714285
23318,2020-10-21 00:00:00,374,374,CHEQUE,AABM,113.2,0.30267379679144385
23319,2020-10-21 00:00:00,108,108,DINHEIRO,WILSON - VIZINHO,39.32,0.36407407407407405
23320,2020-10-21 00:00:00,796.9,760,DINHEIRO,ROBERTO,238.01,0.31317105263157896
23321,2020-10-21 00:00:00,109.45,109.45,DEBITO,"RUI - 1 VIGA 3/8 9X20 - 5,00",42.2,0.3855641845591595
23322,2020-10-21 00:00:00,9392.5,9392.5,TRANSFER CAIXA EM 22/10/2020,SUPERMERCADO X,1606.5,0.17104072398190046
23323,2020-10-22 00:00:00,113.4,113.4,DINHEIRO EM 18/12/2020,ALFA,32.7,0.28835978835978837
23324,2020-10-22 00:00:00,1572.1,1520,DEBITO,PEDRO,509.55,0.3352302631578947
23325,2020-10-22 00:00:00,26,26,DEBITO,01 TABUAS DE 30CM,8.83,0.3396153846153846
23326,2020-10-22 00:00:00,11690.5,11000,TRANSFER ITAU 22/10/2020,ENILSON,5970.61,0.5427827272727273
23327,2020-10-22 00:00:00,42.5,42.5,DINHEIRO,50 ESTRIBOS 9X25 - APOIO TINTAS,23.5,0.5529411764705883
23328,2020-10-22 00:00:00,0,0,CANCELADO,SEBASTIAO,0.0,
23329,2020-10-22 00:00:00,1494.98,1420,DINHEIRO,PRIMOSUL,456.61,0.321556338028169
23330,2020-10-22 00:00:00,101.4,100,DEBITO,ALEX - 6 METROS 5/16,41.02,0.4102
23331,2020-10-22 00:00:00,226.8,226.8,CHEQUE,AABM,65.4,0.28835978835978837
23332,2020-10-22 00:00:00,162.9,160,DEBITO,GENELICE / MARISA,55.59,0.3474375
23333,2020-10-22 00:00:00,736.3,730,CREDITO 02X,LICÍNIO,259.21,0.3550821917808219
23334,2020-10-23 00:00:00,207.8,207.8,CREDITO ,ZEN,64.5,0.3103946102021174
23335,2020-10-23 00:00:00,710.34,710.34,DINHEIRO EM 18/12/2020,ALFA,251.04,0.3534082270462032
23336,2020-10-23 00:00:00,453.6,453.6,DINHEIRO EM 18/12/2020,ALFA,130.8,0.28835978835978837
23337,2020-10-23 00:00:00,143.1,143.1,DINHEIRO EM 18/12/2020,ALFA,82.71,0.5779874213836478
23338,2020-10-23 00:00:00,600,600,DEBITO,JESUS VAZQUES,257.4,0.42899999999999994
23339,2020-10-23 00:00:00,24,24,DINHEIRO,6 METROS FERRO 5/16,16.25,0.6770833333333334
23340,2020-10-23 00:00:00,350,350,DINHEIRO,UFS - 2 BARRAS 5/8,179.7,0.5134285714285713
23341,2020-10-23 00:00:00,331.65,331.65,DEBITO,NILO,118.51,0.3573345394240917
23342,2020-10-23 00:00:00,330,330,DEBITO,LUCIANO - PM,217.2,0.6581818181818182
23343,2020-10-23 00:00:00,199.5,199.5,CREDITO,CASA CENTRAL PERDIZES - 5 TELAS 20X20,71.0,0.3558897243107769
23344,2020-10-23 00:00:00,377,360,DINHEIRO,ELSON,115.5,0.32083333333333336
23345,2020-10-23 00:00:00,28,28,DINHEIRO,02 B 4.2MM,12.0,0.42857142857142855
23346,2020-10-23 00:00:00,59.7,59.7,DINHEIRO,"01 3/8 9X15 3,00M",19.35,0.3241206030150754
23347,2020-10-23 00:00:00,274,266,DEBITO,HELENO,101.32,0.38090225563909774
23348,2020-10-23 00:00:00,244.5,244.5,TRANSFER ITAU 23/10/2020,DONIZETE,108.75,0.4447852760736196
23349,2020-10-23 00:00:00,8446.5,8211.17,TRANSFER ITAU 26/10/2020,ISRAEL,4355.95,0.5304907826777426
23350,2020-10-23 00:00:00,286.1,286.1,TRANSFER ITAU 23/10/2020,JANIO,107.93,0.37724571828032155
23351,2020-10-24 00:00:00,2632.5,2500,TRANSFER ITAU 23/10/2020,JUNIOR,715.0,0.286
23352,2020-10-24 00:00:00,225,225,DEBITO,JESUS VAZQUES,96.5,0.4288888888888889
23353,2020-10-24 00:00:00,2901.11,2901.11,TRANSFER BRAD EM 29/10/2020,INOVE MOEMA,1001.24,0.3451230735821806
23354,2020-10-24 00:00:00,1562,1450,TRANSFER BRAD EM 26/10/2020,LUIS KANEKO,409.55,0.282448275862069
23355,2020-10-24 00:00:00,1939.8,1939.8,DEBITO,SALETE,757.85,0.3906846066604805
23356,2020-10-24 00:00:00,1511.6,1511.6,DINHEIRO EM 18/12/2020,ALFA,381.8,0.2525800476316486
23357,2020-10-24 00:00:00,330,330,DEBITO,GENELICE / ALINE,128.25,0.3886363636363636
23358,2020-10-24 00:00:00,779.1,779.1,CHEQUE,AABM,297.43,0.38176100628930815
23359,2020-10-26 00:00:00,84,84,DEBITO,02 ARM / 01 AÇO 17X21 E 02 MTS 3/8 9X20,32.0,0.38095238095238093
23360,2020-10-26 00:00:00,32,32,DINHEIRO,WILSON - VIZINHO,15.0,0.46875
23361,2020-10-26 00:00:00,280.3,280.3,DEBITO,OLIVACIO,111.81,0.3988940420977524
23362,2020-10-26 00:00:00,570,570,CREDITO 3 X ,GIVANILDO,275.1,0.48263157894736847
23363,2020-10-26 00:00:00,1707.21,1707.21,CHEQUE,CHARLES,947.81,0.5551806749023259
23364,2020-10-26 00:00:00,869.75,800,DEBITO,MARCIO / CHARLES,295.45,0.3693125
23365,2020-10-26 00:00:00,102,102,CHEQUE,AABM,24.9,0.24411764705882352
23366,2020-10-26 00:00:00,489,489,DEBITO,GENELICE,151.08,0.30895705521472394
23367,2020-10-26 00:00:00,2465,2465,BOLETO PARA 23/11/2020,NEOREX,1198.5,0.4862068965517241
23368,2020-10-26 00:00:00,43.5,43.5,CREDITO,1 BARRA 5/16,19.0,0.4367816091954023
23369,2020-10-26 00:00:00,55,55,"$ 45,00 CR E 10,00 $","02 B 4,2 E 1 5MM",27.69,0.5034545454545455
23370,2020-10-26 00:00:00,1716,1650,TRANSFER ITAU 26/10/2020,JURANDIR,626.64,0.37978181818181816
23371,2020-10-26 00:00:00,1404.37,1450,DINHEIRO,EMERSON - CAMBUCI,531.99,0.3668896551724138
23372,2020-10-26 00:00:00,396,396,CREDITO 3 X ,SONIA,153.9,0.38863636363636367
23373,2020-10-26 00:00:00,1776.44,1600,TRANSFER ITAU 30/10/2020,EDINAEL,749.86,0.4686625
23374,2020-10-26 00:00:00,100,100,DINHEIRO,2 BARRAS 3/8,28.6,0.28600000000000003
23375,2020-10-26 00:00:00,746.5,746.5,DEBITO,JOSE AGNALDO,296.4,0.39705291359678496
23376,2020-10-26 00:00:00,1050,1050,TRANSFER ITAU 26/10/2020,RAFAELA,518.9,0.4941904761904762
23377,2020-10-26 00:00:00,1030.94,1030.94,"FALTAM R$ 361,14 - CREDITO 4 X ",SERGIO,474.08,0.4598521737443498
23378,2020-10-26 00:00:00,3087.82,3087.82,CREDITO 4 X ,JOSE CARLOS / GERALDO,1431.86,0.46371226302051277
23379,2020-10-26 00:00:00,11350.83,10783.29,TRANSFER BRAD EM 06/11/2020,PRIMOSUL,2856.39,0.2648903998686857
23380,2020-10-26 00:00:00,594,575,DEBITO,ERASMO,230.85,0.40147826086956523
23381,2020-10-27 00:00:00,69,67,DINHEIRO,01 B 3/8 E 01 TORCIDO,19.2,0.2865671641791045
23382,2020-10-27 00:00:00,60,60,DINHEIRO,01 B 5/16 01 TORCIDO,26.5,0.44166666666666665
23383,2020-10-27 00:00:00,10,10,DINHEIRO,01 KG 15X15 AÇO,6.24,0.624
23384,2020-10-27 00:00:00,1464,1408,DINHEIRO,HAMILTON,595.2,0.4227272727272728
23385,2020-10-27 00:00:00,528,528,DEBITO,REGINA,177.6,0.33636363636363636
23386,2020-10-27 00:00:00,2058.96,2058.96,CREDITO,EDUARDO,1194.06,0.579933558689824
23387,2020-10-27 00:00:00,22,22,CREDITO ,6 METROS FERRO 5/16,9.75,0.4431818181818182
23388,2020-10-27 00:00:00,29,28,DINHEIRO,01 B 1/4,13.1,0.46785714285714286
23389,2020-10-27 00:00:00,57,55,DINHEIRO,03 MTS 5/16 9X15,25.51,0.46381818181818185
23390,2020-10-27 00:00:00,182,182,DINHEIRO,WILSON - VIZINHO,76.43,0.41994505494505496
23391,2020-10-27 00:00:00,1204,1204,CREDITO,C & W / PROMOÇÃO,443.9,0.368687707641196
23392,2020-10-27 00:00:00,22,22,DEBITO,1 METRO 3/8 9X15,7.4,0.33636363636363636
23393,2020-10-27 00:00:00,16,15,DINHEIRO,01 KG 17X21,7.9,0.5266666666666667
23394,2020-10-27 00:00:00,199,200,DINHEIRO,MARCELO,89.5,0.4475
23395,2020-10-27 00:00:00,1105.5,1060,DINHEIRO,JURANDIR,394.3,0.37198113207547173
23396,2020-10-27 00:00:00,110,110,A RECEBER ,LUCIANO - PM,37.25,0.3386363636363636
23397,2020-10-28 00:00:00,125.4,125.4,DINHEIRO EM 18/12/2020,ALFA,38.1,0.3038277511961722
23398,2020-10-28 00:00:00,220,220, CREDITO 02 X ,KLEBER - 9METROS 3/8 9X15,88.6,0.4027272727272727
23399,2020-10-28 00:00:00,16,16,DINHEIRO,1 KG. PREGO 18X27,8.9,0.55625
23400,2020-10-28 00:00:00,32,32,DINHEIRO,2 KG. ARAME ,14.0,0.4375
23401,2020-10-28 00:00:00,1629,1580,DEBITO,MARISA,571.8,0.3618987341772152
23402,2020-10-28 00:00:00,7335,7335,TRANSFERS BRADESCO,MINERAÇÃO CAIEIRAS,2175.0,0.2965235173824131
23403,2020-10-28 00:00:00,0,0,CANCELADO,MARTINHO,0.0,
23404,2020-10-28 00:00:00,4035,4035,CREDITO 4 X ,AMANDA - VALINHOS,1278.5,0.3168525402726146
23405,2020-10-28 00:00:00,2052,2052,DEPOSITO CAIXA EM 28/10/2020,ORGANIZAÇÃO ANIDESP,957.84,0.4667836257309942
23406,2020-10-28 00:00:00,660,660,DINHEIRO,MACHO,399.32,0.605030303030303
23407,2020-10-28 00:00:00,693,650,DINHEIRO,"PORTUGA 9 3/8 9X15 - 3,50",190.1,0.29246153846153844
23408,2020-10-28 00:00:00,198,198,DEBITO,09 MTS 3/8 9X15,66.6,0.3363636363636363
23409,2020-10-28 00:00:00,16,16,DINHEIRO,01 KG ARAME,7.0,0.4375
23410,2020-10-28 00:00:00,32,32,PAGO CREDITO,EDSON - 1 18X27 + 1 AÇO 17X21,17.9,0.559375
23411,2020-10-28 00:00:00,265.8,265.8,CHEQUE,CCM,75.6,0.28442437923250563
23412,2020-10-28 00:00:00,2209,2209,"TRANSFER ITAU 09/11 $ 1.540,90 + $ 668,10 CREDITO ULTIMO PEDID",WILLIAM,811.55,0.3673834314169307
23413,2020-10-29 00:00:00,27,26,DINHEIRO,01 TABUA DE 30CM,8.83,0.3396153846153846
23414,2020-10-29 00:00:00,123.1,123.1,CREDITO,2 BARRAS 3/8 + 10 9X15,41.7,0.33874898456539404
23415,2020-10-29 00:00:00,82,80,DINHEIRO,3 MTS 3/8 9X15 / 01 TORCIDO,27.2,0.33999999999999997
23416,2020-10-29 00:00:00,1425.8,1320,DINHEIRO E TRANSFER CAIXA 04/11,MARTINHO,384.8,0.2915151515151515
23417,2020-10-29 00:00:00,3114.5,3114.5,BOLETOS,ALTO DA LAPA,1467.41,0.4711542783753412
23418,2020-10-29 00:00:00,190,190,CREDITO,05 TELAS 20X20 - PELEGRINO,55.0,0.2894736842105263
23418 B,2020-10-29 00:00:00,87,87,A RECEBER ,SERGIO - 2 BARRAS 5/16,38.0,0.4367816091954023
23419,2020-10-29 00:00:00,135,135,DINHEIRO,10 KG ARAME - CEARA,45.0,0.3333333333333333
23420,2020-10-29 00:00:00,105,105,CREDITO,02 B 3/8,27.4,0.26095238095238094
23421,2020-10-29 00:00:00,1240,1178,TRANSFER ITAU 29/10/2020,PAULO - ARARIBA,537.0,0.45585738539898135
23422,2020-10-29 00:00:00,12604,12604,CREDITO 4 X ,RODRIGO,4262.0,0.33814662012059665
23423,2020-10-29 00:00:00,342,342,CHEQUE,AABM,99.0,0.2894736842105263
23424,2020-10-29 00:00:00,758,758,CREDITO 3 X ,JOSE BARBOSA / CAIO,262.0,0.34564643799472294
23425,2020-10-29 00:00:00,87,85,DINHEIRO,2 BARRAS 5/16,36.0,0.4235294117647059
23426,2020-10-29 00:00:00,8,8,DINHEIRO,1 SARRAFO 10 CM,2.76,0.345
23427,2020-10-30 00:00:00,188.1,188.1,DINHEIRO EM 18/12/2020,ALFA,57.15,0.3038277511961722
23428,2020-10-30 00:00:00,160,150,DINHEIRO,OBRA ARARIBA - 10 KG ARAME,60.0,0.4
23429,2020-10-30 00:00:00,1928.15,1928.15,CREDITO 4 X ,SERGIO,940.24,0.4876384098747504
23430,2020-10-30 00:00:00,608.58,608.58,CHEQUE E E DINHEIRO,SALVADOR,276.68,0.45463209438364716
23431,2020-10-30 00:00:00,390,390,DINHEIRO,UFS - 5 BARRAS 3/8 + 10 ARAME ,106.0,0.2717948717948718
23432,2020-10-31 00:00:00,338,338,CREDITO,04 B 1/2- APOIO TINTAS,124.4,0.3680473372781065
23433,2020-10-31 00:00:00,297,297,CREDITO,EMERSON,114.8,0.3865319865319865
23434,2020-10-31 00:00:00,440,440,DINHEIRO,DIOGO,149.0,0.3386363636363636
23435,2020-10-31 00:00:00,2622,2490,TRANSFER ITAU 03/11/2020,HOBRAS,879.0,0.3530120481927711
23436,2020-10-31 00:00:00,156,156,TRANSFER ITAU 03/11/2020,MARCOS,65.64,0.4207692307692308
Meta,,218000,,, SALÁRIOS + SÁBADOS,14277.5,
Percentual atingido,,1.9256149999999992,,  ,,,
Meta diária,,10380.952380952382,,,,137454.73999999996,27490.947999999993
23294,2020-10-19 00:00:00,94435.4,94435.4,BOLETO,CYRELA,20946.67,0.2218095121109245
23437,2020-11-03 00:00:00,219.45,219.45,DINHEIRO EM 18/12/2020,ALFA,67.1,0.3057644110275689
23438,2020-11-03 00:00:00,41.8,41.8,DINHEIRO EM 18/12/2020,ALFA,12.78,0.30574162679425837
23439,2020-11-03 00:00:00,93,93,DINHEIRO,19 MTS B 3/8 FERNANDO - VIZINHO,32.58,0.35032258064516125
23440,2020-11-03 00:00:00,178,178,DEBITO,6 TABUAS 30 + 1 ARAME ,53.74,0.30191011235955056
23441,2020-11-03 00:00:00,75.5,75.5,CREDITO,01 B 5/16 01 17X21 E 01 TORCIDO,34.9,0.46225165562913906
23442,2020-11-03 00:00:00,16,16,DINHEIRO,01 KG ARAME,7.0,0.4375
23443,2020-11-03 00:00:00,667,667,TRANSFER ITAU 12/11/2020,EDILSON,176.02,0.26389805097451274
23444,2020-11-03 00:00:00,70,70,DINHEIRO,MACHO - 1 COMPOUND + 1 ARAME,27.49,0.3927142857142857
23445,2020-11-03 00:00:00,142.5,142.5,CREDITO 2 X ,"GILVAN - 3 - 5/16 9X15 - 2,50",67.8,0.4757894736842105
23446,2020-11-03 00:00:00,44132.78,41926.14,TRANSFERS BRADESCO,GAZZOTTI,20253.72,0.4830809609470369
23447,2020-11-03 00:00:00,105.3,105.3,TRANSFER ITAU 03/11,JANIO - 3 BARRAS 3/8,29.0,0.2754036087369421
23448,2020-11-03 00:00:00,132,132,DINHEIRO E DEBITO,ROSELI,44.94,0.34045454545454545
23449,2020-11-03 00:00:00,3202.5,3202.5,CREDITO 4 X ,RODRIGO,1626.8,0.5079781420765027
23450,2020-11-03 00:00:00,136.64,136.64,DEBITO,OSEIAS,44.5,0.3256733021077284
23451,2020-11-03 00:00:00,8537.15,8110.29,TRANSFER ITAU 03/11/2020,ISRAEL ,4188.18,0.5164032358892222
23452,2020-11-03 00:00:00,220,220,DEBITO,"MACHO - 2 3/8 9X20 - 5,00",74.9,0.34045454545454545
23453,2020-11-03 00:00:00,32,32,DEBITO,1 ARAME + 1 18X27,14.0,0.4375
23454,2020-11-03 00:00:00,3771.1,3771.1,TRANSFERS BRADESCO,MINERAÇÃO CAIEIRAS,1297.76,0.3441330115881308
23455,2020-11-03 00:00:00,978.6,978.6,CHEQUE E DINHEIRO,CHARLES,591.5,0.6044349070100143
23456,2020-11-04 00:00:00,648.4,648.4,"FALTAM R$ 532,20 - DINHEIRO EM 28/11",WILSON,264.42,0.4078038247995065
23457,2020-11-04 00:00:00,198,198,CREDITO,"APOIO TINTAS - 3 3/8 9X15 - 3,00",67.41,0.34045454545454545
23458,2020-11-04 00:00:00,501.6,501.6,CHEQUE,AABM,153.36,0.30574162679425837
23459,2020-11-04 00:00:00,10,10,DINHEIRO,3 MTS B 5/16,3.88,0.388
23460,2020-11-04 00:00:00,19.5,19.5,DEBITO,30 ESTRIBOS 9X15,10.5,0.5384615384615384
23461,2020-11-04 00:00:00,99,99,DEBITO,"01 3/8 9X20 6F 3,00M",35.82,0.3618181818181818
23462,2020-11-04 00:00:00,492,480,TRANSFER ITAU 04/11,E C B CONTRUÇÕES,147.15,0.3065625
23463,2020-11-04 00:00:00,858,840,DEBITO,MARIA LUCIA,305.13,0.36325
23464,2020-11-04 00:00:00,675,675,CHEQUE E E DINHEIRO,SALVADOR,338.95,0.5021481481481481
23465,2020-11-04 00:00:00,198,198,CREDITO 02X,09 MTS 3/8 9X15,67.41,0.34045454545454545
23466,2020-11-04 00:00:00,6555,6300,TRANSFER BRADESCO 04/11,MAURICIO,2115.93,0.33586190476190475
23467,2020-11-04 00:00:00,384,375,DEBITO,03 B 3/8 E 05 TELAS 20X20,125.5,0.33466666666666667
23468,2020-11-04 00:00:00,212,200,"$100,00 $ E $100,00 DEBITO",04 BARRAS 3/8,47.4,0.237
23469,2020-11-04 00:00:00,712.2,680,DINHEIRO,KANGURUS,250.34,0.36814705882352944
23470,2020-11-04 00:00:00,433.67,433.67,CHEQUE,AABM,135.77,0.31307215163603663
23471,2020-11-05 00:00:00,83.6,83.6,DINHEIRO EM 18/12/2020,ALFA,25.56,0.30574162679425837
23472,2020-11-05 00:00:00,125.4,125.4,DINHEIRO EM 18/12/2020,ALFA,38.34,0.30574162679425837
23473,2020-11-05 00:00:00,1864.8,1800,DINHEIRO,MURALHA,756.48,0.4202666666666667
23474,2020-11-05 00:00:00,250.8,250.8,CHEQUE,CCM,76.68,0.30574162679425837
23475,2020-11-05 00:00:00,463,463,CREDITO,ERICK,163.04,0.3521382289416847
23476,2020-11-05 00:00:00,13,13,DEBITO,"5,50M B 1/4",6.18,0.47538461538461535
23477,2020-11-05 00:00:00,658.9,658.9,CREDITO,PELEGRINO,175.85,0.2668842009409622
23478,2020-11-05 00:00:00,1187.5,1187.5,CREDITO 3 X ,JOSE BARBOSA,427.2,0.35974736842105265
23479,2020-11-05 00:00:00,376,376,CREDITO 3 X ,NETO,151.0,0.4015957446808511
23480,2020-11-05 00:00:00,75,75,DEBITO,"9,60M B 1/2",32.28,0.4304
23481,2020-11-05 00:00:00,1493.3,1400,TRANSFER CAIXA EM 05/11/2020,VALESKA,359.47,0.2567642857142857
23482,2020-11-05 00:00:00,495,490,DINHEIRO,MARIA LUCIA,161.63,0.32985714285714285
23483,2020-11-05 00:00:00,316,316,DEBITO ,CICERO,110.08,0.34835443037974684
23484,2020-11-05 00:00:00,6829.02,6829.09,CREDITO 3 X ,TEMAC,3857.45,0.5648556396240202
23485,2020-11-05 00:00:00,121,121,DINHEIRO,MARISA,43.18,0.3568595041322314
23486,2020-11-06 00:00:00,27,27,DINHEIRO,1 TABUA 30 CM,7.79,0.2885185185185185
23487,2020-11-06 00:00:00,96.5,96.5,DINHEIRO,"1 COL 3/8 9X15 - 2,00 + 1 BARRA 3/8",29.33,0.3039378238341969
23488,2020-11-06 00:00:00,1058,1058,CHEQUE,AABM,344.43,0.32554820415879016
23489,2020-11-06 00:00:00,43.5,43.5,DINHEIRO,1 BARRA 5/16,19.0,0.4367816091954023
23490,2020-11-06 00:00:00,3028,3028,CREDITO,E C B CONTRUÇÕES,1623.41,0.5361327608982828
23491,2020-11-06 00:00:00,970,970,DINHEIRO,CONSTRUIPE,391.0,0.40309278350515465
23492,2020-11-06 00:00:00,1221.3,1221.3,TRANSFER BRAD 13/11/2020,INOVE MOEMA,587.63,0.4811512322934578
23493,2020-11-06 00:00:00,10,10,DINHEIRO,2 SARRAFOS 05 CM ,4.76,0.476
23494,2020-11-06 00:00:00,16,16,DEBITO,1 KG. ARAME ,5.1,0.31875
23495,2020-11-06 00:00:00,956.4,956.4,CHEQUE,CCM,325.16,0.33998327059807615
23496,2020-11-06 00:00:00,287.4,287.4,CREDITO 2X ,ERICK,124.46,0.43305497564370216
23497,2020-11-06 00:00:00,630,630,DEBITO,5 TELAS 4.2 10X10,293.95,0.46658730158730155
23498,2020-11-06 00:00:00,2650,2500,TRANSFER ITAU 06/11/2020,JUNIOR,592.5,0.237
23499,2020-11-06 00:00:00,140,140,DEBITO,6 DE 20 + 8 DE 05,52.88,0.3777142857142857
23500,2020-11-06 00:00:00,2461.41,2338.34,DEPOSITO CAIXA,LAR CONSTRUTORA,1413.23,0.6043731878169983
23501,2020-11-07 00:00:00,27.4,27.4,DEBITO,2 PONTALETES,9.44,0.3445255474452555
23502,2020-11-07 00:00:00,25,25,DEBITO,6 METROS FERRO 3/8,5.93,0.2372
23503,2020-11-07 00:00:00,48,48,DINHEIRO,8 METROS TRELIÇA H-8,24.56,0.5116666666666666
23504,2020-11-07 00:00:00,4436.21,4436.21,TRANSFERS BRADESCO,MINERAÇÃO CAIEIRAS,1406.22,0.3169867972886766
23505,2020-11-09 00:00:00,198,198,DINHEIRO EM 28/11,WILSON,85.7,0.43282828282828284
23506,2020-11-09 00:00:00,165,165,DINHEIRO,3 BARRAS 3/8 + 1 BARRA 3/16,41.19,0.24963636363636363
23507,2020-11-09 00:00:00,45,45,CREDITO ,1 TELA 3.4 20X20,16.0,0.35555555555555557
23508,2020-11-09 00:00:00,4521.06,4295.01,TRANSFER BRADESCO EM 09/11,CAMILO - SAÚDE,2106.23,0.49039001073338595
23509,2020-11-09 00:00:00,175.5,175,DINHEIRO,JOSEMIR,63.94,0.36537142857142857
23510,2020-11-09 00:00:00,99,100,DINHEIRO,"1 6 F 3/8 9X20 - 3,00",36.82,0.3682
23511,2020-11-09 00:00:00,1617,1536,TRANSFER ITAU 09/11/2020,JUNIOR,843.0,0.548828125
23512,2020-11-09 00:00:00,76,76,CHEQUE,AABM,18.0,0.23684210526315788
23513,2020-11-09 00:00:00,32718,32718,TRANSFER CAIXA EM 09/11/2020,SUPERMERCADO X,8854.92,0.2706436823766734
23514,2020-11-09 00:00:00,320,320,DINHEIRO,GENILTON,132.8,0.41500000000000004
23515,2020-11-09 00:00:00,385,365,DINHEIRO,KANGURUS,131.08,0.3591232876712329
23515,2020-11-09 00:00:00,27,27,DEBITO,01 TABUA DE 30CM,7.79,0.2885185185185185
23516,2020-11-09 00:00:00,363.6,360,TRANSFER ITAU 09/11/2020,SANDRA,135.34,0.37594444444444447
23517,2020-11-09 00:00:00,2536.5,2536.5,TRANSFER BRAD EM 18/11,DEPOSITO SANTO ANTONIO,815.37,0.3214547604967475
23518,2020-11-09 00:00:00,385,366,DEBITO,RENATO,131.08,0.3581420765027323
23519,2020-11-09 00:00:00,266.5,250,DINHEIRO,TIAGO,86.48,0.34592
23520,2020-11-09 00:00:00,2430.5,2430.5,"CREDITO DE $ 1.296,53 + R$ 1.133,97 ITAU 09/11",TASSIA,1310.0,0.5389837481999589
23521,2020-11-09 00:00:00,252,240,SAFRA PIX ,CELSO DE ARAUJO,146.52,0.6105
23522,2020-11-10 00:00:00,400.6,400.6,TRANSFER ITAU 16/11/2020,WILLIAM,127.9,0.31927109335996007
23523,2020-11-10 00:00:00,264,264,DEBITO E CREDITO,WILLIAM,89.88,0.34045454545454545
23524,2020-11-10 00:00:00,250.8,250.8,DINHEIRO EM 18/12/2020,ALFA,76.68,0.30574162679425837
23525,2020-11-10 00:00:00,2611,2611,CREDITO 4 X ,LICINIO,845.13,0.323680582152432
23526,2020-11-10 00:00:00,15,15,DINHEIRO EM 28/11,WILSON - VIZINHO - 3 CX TETO ,11.01,0.734
23527,2020-11-10 00:00:00,540,500,TRANSFER BRAD EM 10/11/2020,LUIS KANEKO,112.35,0.22469999999999998
23528,2020-11-10 00:00:00,275,275,DINHEIRO E CREDITO 2 X ,LEANDRO,93.63,0.34047272727272726
23529,2020-11-10 00:00:00,169,169,CHEQUE,AABM,48.9,0.2893491124260355
23530,2020-11-10 00:00:00,66,66,DINHEIRO,11 METROS FERRO 3/8,24.26,0.3675757575757576
23531,2020-11-11 00:00:00,90,90,DEBITO,02 TELAS 20X20,32.0,0.35555555555555557
23532,2020-11-11 00:00:00,919.6,919.6,DINHEIRO EM 18/12/2020,ALFA,281.16,0.30574162679425837
23533,2020-11-11 00:00:00,102,102,DINHEIRO EM 18/12/2020,ALFA,43.78,0.4292156862745098
23534,2020-11-11 00:00:00,54,54,DEBITO,02 TABUAS DE 30CM,15.58,0.2885185185185185
23535,2020-11-11 00:00:00,121.15,120,CREDITO,DOMINGOS,43.72,0.36433333333333334
23536,2020-11-11 00:00:00,1019.95,1019.95,"FALTAM R$ 265,15 - CHEQUES E CREDITO 2 X",WILSON - VIZINHO,447.38,0.43862934457571445
23537,2020-11-11 00:00:00,13,13,DEBITO,02 MTS B 3/8 E 01 MT B 5/16,4.6,0.3538461538461538
23538,2020-11-11 00:00:00,618.9,618.9,"FALTAM R$ 25,00",JORGE,268.04,0.43309096784617873
23539,2020-11-11 00:00:00,64,60,DEBITO,04 KG 18X27,31.6,0.5266666666666667
23540,2020-11-11 00:00:00,188,180,DINHEIRO,GOMES,63.23,0.35127777777777774
23541,2020-11-11 00:00:00,106.2,106.2,CHEQUE,AABM,46.44,0.43728813559322033
23542,2020-11-11 00:00:00,1125.6,1125.6,"TRANSFER ITAU 11/11/2020 + $  472,00 12/11",NATY,469.34,0.41696872778962335
23543,2020-11-11 00:00:00,522,522,DINHEIRO,FERNANDO,253.8,0.48620689655172417
23544,2020-11-11 00:00:00,407.58,407.58,CREDITO,SERGIO,174.25,0.42752343098287454
23545,2020-11-11 00:00:00,36.2,35,DINHEIRO,02 PONTALETES E 01 SARRAFO DE 10CM,11.46,0.32742857142857146
23546,2020-11-11 00:00:00,673.5,650,DEBITO,LUANA / MARCELO,269.5,0.4146153846153846
23547,2020-11-11 00:00:00,647,647,CREDITO 3 X ,SONIA,216.78,0.3350540958268934
23548,2020-11-11 00:00:00,1254,1254,BOLETO,ALTO DA LAPA,383.4,0.30574162679425837
23549,2020-11-11 00:00:00,82,82,CREDITO,"2 3/8 9X15 - 1,50 + 1 ARAME",27.57,0.336219512195122
23550,2020-11-11 00:00:00,424,424,CREDITO,8 BARRAS 3/8,118.8,0.280188679245283
23551,2020-11-11 00:00:00,251.8,251.8,CREDITO 02X,LICINIO,84.72,0.33645750595710877
23552,2020-11-11 00:00:00,109,109,"TRANSFER ITAU 09/12/2020 - $ 673,00",JUNIOR,49.48,0.4539449541284403
23553,2020-11-12 00:00:00,8564.5,8100,"ITAU 13/11/2020 - FALTAM R$ 4.100,00 ITAU 07/12/2020",OCHOA CONSTRUÇÕES,4275.68,0.5278617283950617
23554,2020-11-12 00:00:00,1104,1075,DEBITO,GRAÇA,402.64,0.3745488372093023
23554 B,2020-11-12 00:00:00,413,413,DEBITO,FRANCISCO COSTA,138.35,0.3349878934624697
23555,2020-11-12 00:00:00,847,820,"CREDITO 3 X + ITAU 13/11/2020 480,00",CLAUDIO / RENATA,288.34,0.3516341463414634
23556,2020-11-12 00:00:00,8707,8707,CREDITO 4 X ,JAQUELINE - SUMARE,3625.3,0.41636614218444934
23557,2020-11-13 00:00:00,323,286.85,TRANSFER CAIXA EM 16/11/2020,MARTINHO,102.33,0.35673697054209513
23558,2020-11-13 00:00:00,449,449,CREDITO 3 X ,CESAR,149.67,0.3333407572383073
23559,2020-11-13 00:00:00,1408,1300,TRANSFER ITAU 16/11/2020,EDINAEL,493.9,0.3799230769230769
23560,2020-11-13 00:00:00,132,132,CREDITO,"2 COL 3/8 9X15 - 3,00",44.94,0.34045454545454545
23561,2020-11-13 00:00:00,25,25,DINHEIRO,6 METROS FERRO 5/16,12.75,0.51
23562,2020-11-13 00:00:00,551.9,551.9,DINHEIRO EM 18/12/2020,ALFA,145.13,0.26296430512774055
23563,2020-11-13 00:00:00,6384,6384,CREDITO 5 X ,LIVIA,2393.7,0.37495300751879695
23564,2020-11-13 00:00:00,228,228,DINHEIRO,GUILHERME,108.48,0.47578947368421054
23565,2020-11-13 00:00:00,3940.1,3818,"TRANSFER ITAU $ 2.318,00 EM 16/11 + BOLETO",NATY - CJ AR,1740.99,0.45599528548978524
23566,2020-11-13 00:00:00,407.1,407.1,CHEQUE,AABM,178.02,0.43728813559322033
23567,2020-11-13 00:00:00,1017,966.15,TRANSFER ITAU 16/11/2020,CLOVIS FERREIRA,345.68,0.3577912332453553
23568,2020-11-13 00:00:00,5674,5674,CREDITO 04X,RODRIGO,2355.6,0.41515685583362705
23569,2020-11-14 00:00:00,32,32,DINHEIRO,1 18X27 + 1 ARAME,14.0,0.4375
23570,2020-11-14 00:00:00,372,372,DEBITO,ERICK,191.43,0.5145967741935484
23571,2020-11-14 00:00:00,70,70,DEBITO,5 PONTALETES,25.1,0.3585714285714286
23572,2020-11-14 00:00:00,543.6,543.6,CHEQUE,AABM,196.47,0.3614238410596026
23573,2020-11-14 00:00:00,67.7,67.7,DINHEIRO EM 18/12/2020,ALFA,19.17,0.28316100443131464
23574,2020-11-14 00:00:00,220.15,200,DINHEIRO,VALDINEI,107.01,0.53505
23574,2020-11-14 00:00:00,16,15,DINHEIRO,1 BARRA 3/16,5.64,0.376
23575,2020-11-14 00:00:00,95,95,CREDITO,18 METROS FERR 5/16 - 1 DE 30 CM,39.07,0.41126315789473683
23576,2020-11-14 00:00:00,20,20,DEBITO,1 KG. PREGO AÇO 17X21,9.74,0.487
23577,2020-11-14 00:00:00,142.5,140,DEBITO,FRANCISCO,67.8,0.48428571428571426
23578,2020-11-16 00:00:00,250,250,TRANSFER ITAU 16/11/2020,"JUNIOR - 50 CX. TETO 0,30 CM",183.5,0.734
23579,2020-11-16 00:00:00,405,400,"250,00 DINHEIRO E 150,00 DEBITO",500 9X20 E 05 TORCIDO,180.5,0.45125
23580,2020-11-16 00:00:00,885.88,886,TRANSFER ITAU 16/11/2020,GLEIDSON,553.06,0.6242212189616252
23581,2020-11-16 00:00:00,18,18,DEBITO,"3,60 METROS FERROS 3/8",6.55,0.3638888888888889
23582,2020-11-16 00:00:00,700,700,DINHEIRO,2 -  3.4 15X15 + 4 -  4.2 10X10,371.14,0.5302
23583,2020-11-16 00:00:00,1250,1250,CHEQUE,AABM,577.9,0.46232
23584,2020-11-16 00:00:00,26,26,CREDITO,5 METROS FERRO 3/8,10.1,0.38846153846153847
23585,2020-11-16 00:00:00,169.55,169.55,DEBITO,CICERO,88.54,0.52220583898555
23586,2020-11-16 00:00:00,376.2,376.2,CHEQUE,AABM,115.02,0.30574162679425837
23587,2020-11-16 00:00:00,75,75,CREDITO,30 ESTRIBOS 10X25 (6.3) ,45.24,0.6032000000000001
23588,2020-11-17 00:00:00,2194.5,2194.5,TRANSFER BRAD EM 27/11/2020,DEPOSITO SANTO ANTONIO,670.95,0.30574162679425837
23589,2020-11-17 00:00:00,360,360,"CAIXA 256,40 EM 17/11 FALTA R$ 85,50 - CAIXA EM 20/11 - $ 90,00",MARTINHO,128.0,0.35555555555555557
23590,2020-11-17 00:00:00,190,190,CREDITO,VITAL,57.56,0.30294736842105263
23591,2020-11-17 00:00:00,332.5,320,DINHEIRO,CASA E TUBO,139.25,0.43515625
23592,2020-11-17 00:00:00,146.3,146.3,DINHEIRO EM 18/12/2020,ALFA,44.73,0.3057416267942583
23593,2020-11-17 00:00:00,261,261,DINHEIRO,6 BARRAS 5/16,114.0,0.4367816091954023
23594,2020-11-17 00:00:00,32,32,CREDITO,2 KG. ARAME,10.2,0.31875
23595,2020-11-17 00:00:00,5000,5000,TRANSFER ITAU 17/11/2020,JUNIOR,1185.0,0.237
23593,2020-11-17 00:00:00,17.6,17.6,DINHEIRO,02 SARRAFOS DE 10CM,6.44,0.3659090909090909
23594,2020-11-17 00:00:00,1577.75,1450,TRANSFER BRAD EM 17/11/2020,DONI,596.43,0.4113310344827586
23595,2020-11-17 00:00:00,30,30,DINHEIRO,2 BARRAS 3/16,11.28,0.376
23596,2020-11-17 00:00:00,106,106,CHEQUES E CREDITO 2 X ,WILSON - VIZINHO - 2 BARRAS 3/8,29.7,0.280188679245283
23597,2020-11-17 00:00:00,2110.4,2000,TRANSFER ITAU 17/11/2020,NILSON OLIVEIRA,598.72,0.29936
23598,2020-11-17 00:00:00,2236.06,2236.06,TRANSFER ITAU 17/11/2020,TASSIA,1198.76,0.5361036823698827
23599,2020-11-17 00:00:00,198,198,CREDITO,RETIROU,89.9,0.4540404040404041
23600,2020-11-17 00:00:00,202.5,202.5,DEBITO,BRUNO,67.93,0.3354567901234568
23601,2020-11-18 00:00:00,39,39,CHEQUE,AABM,14.5,0.3717948717948718
23602,2020-11-18 00:00:00,125.4,125.4,DINHEIRO EM 18/12/2020,ALFA,44.73,0.3566985645933014
23603,2020-11-18 00:00:00,187.2,183,DEBITO,09 TABUAS DE 25CM,63.18,0.34524590163934427
23604,2020-11-18 00:00:00,66.8,65,DINHEIRO,04 TABUAS DE 20CM,20.76,0.31938461538461543
23605,2020-11-18 00:00:00,350,330,DINHEIRO,2 BARRAS 5/8,159.7,0.4839393939393939
23606,2020-11-18 00:00:00,34,34,CHEQUES E CREDITO 2 X ,WILSON - VIZINHO - 2 TABUAS 20,14.4,0.4235294117647059
23607,2020-11-18 00:00:00,132,132,DEBITO,CAMILA,44.94,0.34045454545454545
23608,2020-11-18 00:00:00,220,220,DINHEIRO,250 ESTRIBOS 9X25,73.75,0.3352272727272727
23609,2020-11-18 00:00:00,16,16,DINHEIRO,01 18X27,8.9,0.55625
23610,2020-11-18 00:00:00,426.4,405,DINHEIRO,ADILSON,142.75,0.35246913580246914
23611,2020-11-18 00:00:00,45,45,CREDITO,01 TELA 20X20,16.0,0.35555555555555557
23612,2020-11-18 00:00:00,2999,2999,TRANSFERS BRADESCO,MINERAÇÃO CAIEIRAS,934.9,0.31173724574858286
23613,2020-11-18 00:00:00,396,377,DINHEIRO,CLAUDIO / RENATA,134.82,0.3576127320954907
23614,2020-11-18 00:00:00,10,10,DINHEIRO,2 SARRAFOS 05 CM ,4.76,0.476
23615,2020-11-18 00:00:00,0,0,CANCELADO,RAFAEL,0.0,
23616,2020-11-18 00:00:00,83.6,83.6,CHEQUE,AABM,25.56,0.30574162679425837
23617,2020-11-18 00:00:00,280,280,DINHEIRO E 10 KG. PREGO 15X15,COESO,62.0,0.22142857142857142
23618,2020-11-19 00:00:00,90,90,DEBITO,?,34.2,0.38
23619,2020-11-19 00:00:00,12.7,12.7,DEBITO,1 SARRAFO 15 CM ,4.26,0.3354330708661417
23620,2020-11-19 00:00:00,240,240,CREDITO 2 X ,LICINIO,100.1,0.4170833333333333
23621,2020-11-19 00:00:00,2068,2068,BOLETO,ALTO DA LAPA,659.05,0.31868955512572533
23622,2020-11-19 00:00:00,55,55,DINHEIRO,02 TABUAS DE 30CM,16.58,0.3014545454545454
23623,2020-11-19 00:00:00,710,710,"TRANSFER ITAU 26/11/2020 - $ 190,00",ANGELA,323.75,0.45598591549295775
23624,2020-11-19 00:00:00,4098,4098,DEBITO E CREDITO 04X,TIAGO - SANTO ANDRE,2049.0,0.5
23625,2020-11-19 00:00:00,2090,2090,CREDITO ,PEDRO - DEPOSITO P & G,639.0,0.30574162679425837
23626,2020-11-20 00:00:00,576.6,560,TRANSFER CAIXA 20/11/2020,SHIRLEY,223.7,0.3994642857142857
23627,2020-11-20 00:00:00,58,58,DEBITO,4 METROS FERRO 5/8,25.84,0.44551724137931037
23628,2020-11-20 00:00:00,220,215,DEBITO,10 METROS 3/8 9X15,69.9,0.3251162790697675
23629,2020-11-20 00:00:00,3385.2,3215,"ITAU 20/11/2020 $ 2.000,00 - ITAU 27/11/2020 $ 1.215,00",NILDO,1767.8,0.549860031104199
23630,2020-11-20 00:00:00,801.5,770,TRANSFER ITAU 20/11/2020,JORGE ML ENGENHARIA,262.14,0.34044155844155843
23631,2020-11-20 00:00:00,1618.8,1537.86,TRANSFER ITAU 20/11/2020,AFONSO,661.52,0.4301561910707087
23632,2020-11-20 00:00:00,2333.6,2333.6,CREDITO 2 X ,TEMAC,903.1,0.3869986287281454
23633,2020-11-20 00:00:00,1318.6,1318.6,DINHEIRO E CREDITO 3 X ,AUGUSTO,351.0,0.2661914151372668
23634,2020-11-20 00:00:00,88,88,DEBITO,"ROSELI - 1 3/8 9X15 - 4,00",29.96,0.34045454545454545
23635,2020-11-20 00:00:00,1122,1065,DINHEIRO,BRUNO,324.99,0.3051549295774648
23636,2020-11-20 00:00:00,148.5,148.5,"FALTA 71,50 DEBITO",MARISA,56.43,0.38
23637,2020-11-20 00:00:00,536,536,CHEQUES E CREDITO 2 X ,WILSON - VIZINHO,250.06,0.4665298507462687
23638,2020-11-20 00:00:00,143,143,CREDITO,LICINIO - 10 DE 15 CM + 1 18X27,60.9,0.4258741258741259
23639,2020-11-21 00:00:00,273,260,DINHEIRO,2 3/8 + 3 3/16 + 2 5/16 + 2 ARAME,84.82,0.3262307692307692
23640,2020-11-21 00:00:00,380,380,DINHEIRO EM 18/12/2020,ALFA - 10 TELAS ,90.0,0.23684210526315788
23641,2020-11-21 00:00:00,4323.5,4100,TRANSFER ITAU 26/11/2020,REINAN,1653.31,0.40324634146341465
23642,2020-11-21 00:00:00,25,25,DINHEIRO,05 SARRAFOS DE 5CM,12.5,0.5
23643,2020-11-23 00:00:00,1625,1625,"DEBITO E $ 625,00 ITAU 23/11/2020",ISRAEL ,687.5,0.4230769230769231
23644,2020-11-23 00:00:00,87.5,87.5,DEBITO,06 MTS B 5/8,39.26,0.44868571428571424
23645,2020-11-23 00:00:00,63.5,63.5,DEBITO,05 SARRAFOS DE 15CM,26.0,0.4094488188976378
23646,2020-11-23 00:00:00,5468.49,5100,DINHEIRO,DANIEL,1958.67,0.3840529411764706
23647,2020-11-23 00:00:00,224,224,DEBITO,LEANDRO,64.0,0.2857142857142857
23648,2020-11-23 00:00:00,16.7,16.7,DINHEIRO,01 TABUA DE 20CM,6.9,0.4131736526946108
23649,2020-11-23 00:00:00,106,106,DEBITO,MARCELO 2 BARRAS 3/8,29.7,0.280188679245283
23650,2020-11-23 00:00:00,185,185,DEBITO,MARISA,68.83,0.37205405405405406
23651,2020-11-23 00:00:00,2957,2957,CREDITO 04X,JURANDIR,1065.81,0.3604362529590801
23652,2020-11-23 00:00:00,2325,2325.2,CREDITO 04X,ANTUNINO,1101.42,0.47368828487872017
23653,2020-11-23 00:00:00,169.8,169.8,DINHEIRO,2 5/16 + 4 DE 20 + 1 18X27,70.66,0.41613663133097756
23653,2020-11-23 00:00:00,16,16,DEBITO,01 TORCIDO,5.1,0.31875
23654,2020-11-23 00:00:00,385,365,DINHEIRO,KANGURUS,111.08,0.30432876712328766
23655,2020-11-23 00:00:00,7596.4,7596.4,TRANSFERS BRADESCO,MINERAÇÃO CAIEIRAS,2149.3,0.2829366542046233
23656,2020-11-23 00:00:00,250.8,250.8,DINHEIRO EM 18/12/2020,ALFA,76.68,0.30574162679425837
23657,2020-11-24 00:00:00,1260,1260,CHEQUE,AABM,330.0,0.2619047619047619
23658,2020-11-24 00:00:00,16,16,DEBITO,01 TORCIDO,5.1,0.31875
23659,2020-11-24 00:00:00,538,538,CREDITO 03X,JOEL,186.27,0.34622676579925654
23660,2020-11-24 00:00:00,781,740,DEBITO,CICERO,298.92,0.40394594594594596
23661,2020-11-24 00:00:00,3448.8,3200,TRANSFER CAIXA EM 25/11,CAFÉ,1029.58,0.32174375
23662,2020-11-24 00:00:00,228.1,220,TRANSFER ITAU 24/11/2020,CJAR - NATY,136.05,0.6184090909090909
23663,2020-11-24 00:00:00,2194.5,2194.5,TRANSFER BRADESCO 30/11/2020,DEPOSITO SANTO ANTONIO,670.95,0.30574162679425837
23664,2020-11-24 00:00:00,3303,3303,CHEQUE E E DINHEIRO,SALVADOR,1775.2,0.5374508023009386
23665,2020-11-24 00:00:00,318,318,CREDITO,06 B 3/8,89.1,0.280188679245283
23666,2020-11-24 00:00:00,3,3,DINHEIRO,02 MTS B 4.2,1.44,0.48
23667,2020-11-24 00:00:00,156.5,156.5,DEBITO,MARCELO,62.42,0.39884984025559106
23668,2020-11-24 00:00:00,382.5,360,TRANSFER ITAU 24/11/2020,JAQUELINE - SUMARE,136.0,0.37777777777777777
23669,2020-11-24 00:00:00,56,56,CREDITO,"7,50 METROS TRELIÇA H-8",32.56,0.5814285714285715
23670,2020-11-24 00:00:00,1231.2,1231.2,CHEQUE,AABM,416.48,0.33827160493827163
23671,2020-11-24 00:00:00,1780,1780,BOLETO,ALTO DA LAPA,400.0,0.2247191011235955
23672,2020-11-24 00:00:00,0,0,PAI RECEBEU - LANÇAR NA CONTA,ANTONIO - SÃO LOURENÇO,0.0,
23673,2020-11-24 00:00:00,48,48,CHEQUE E DINHEIRO, MARCIO / CHARLES -,32.74,0.6820833333333334
23674,2020-11-24 00:00:00,130.5,130.5,CHEQUES E CREDITO 2 X ,WILSON - VIZINHO,57.0,0.4367816091954023
23675,2020-11-25 00:00:00,3,3,A RECEBER,FERNANDO-VIZINHO,0.77,0.25666666666666665
23676,2020-11-25 00:00:00,540,540,TRANSFER BRADESCO EM 25/11/2020,CLAUDINEIA,241.2,0.44666666666666666
23676,2020-11-25 00:00:00,337.5,320,DINHEIRO,3 BARRAS 3/8 + 3 BARRAS 5/16 + 3 BARRAS 4.2,103.97,0.32490625
23677,2020-11-25 00:00:00,337.5,320,DINHEIRO,GOMES,103.97,0.32490625
23678,2020-11-25 00:00:00,1017.82,970,TRANSFER ITAU 24/11/2020,NINA,448.76,0.46263917525773196
23679,2020-11-25 00:00:00,566,500,TRANSFER ITAU 26/11/2020,EDINAEL,254.22,0.50844
23680,2020-11-25 00:00:00,78,78,DEBITO,120 ESTR 9X15,42.0,0.5384615384615384
23681,2020-11-25 00:00:00,155.4,155.4,DEBITO,"2 COL 3/8 8X12 - 3,00",68.04,0.43783783783783786
23682,2020-11-25 00:00:00,87,87,CREDITO,2 BARRAS 5/16,34.16,0.3926436781609195
23683,2020-11-25 00:00:00,103,103,CREDITO,"1 BARRA 5/16 + 1 ARAME + 1 3/8 9X20 - 2,00",36.66,0.35592233009708735
23684,2020-11-25 00:00:00,699.66,699.66,"DEBITO E TRANSFER ITAU $ 127,66 EM 25/11",FERNANDO,310.18,0.44332961724266073
23685,2020-11-25 00:00:00,385,365,DINHEIRO,KANGURUS,131.08,0.3591232876712329
23686,2020-11-25 00:00:00,2859.15,2859.15,CREDITO 4 X ,JOSE CARLOS / GERALDO,938.66,0.32830036899078396
23687,2020-11-26 00:00:00,468,468,CHEQUE,APOIO TINTAS,174.0,0.3717948717948718
23688,2020-11-26 00:00:00,198,198,DEBITO,WILLIAN,67.41,0.34045454545454545
23689,2020-11-26 00:00:00,16,16,DEBITO,1 KG. ARAME ,5.1,0.31875
23690,2020-11-26 00:00:00,126,126,DEBITO,4 BARRAS 1/4,66.4,0.526984126984127
23691,2020-11-26 00:00:00,80,80,DEBITO,5 BARRAS 3/16,33.2,0.41500000000000004
23692,2020-11-26 00:00:00,1278,1250,DEBITO,JOAO,420.32,0.336256
23693,2020-11-26 00:00:00,8295,7800,TRANSFER ITAU 26/11/2020,JUNIOR,2077.5,0.26634615384615384
23694,2020-11-26 00:00:00,151.6,150,DEBITO,5 METROS 3/8 9X20 + 2 TABUAS 25,52.45,0.3496666666666667
23695,2020-11-26 00:00:00,1158,1158,CHEQUE,AABM,423.9,0.3660621761658031
23696,2020-11-26 00:00:00,2194.5,2194.5,TRANSFER BRAD EM 18/12/2020,DEPOSITO SANTO ANTONIO,670.95,0.30574162679425837
23697,2020-11-26 00:00:00,194,175,TRANSFER ITAU 26/11/2020,REINAN,99.76,0.5700571428571429
23698,2020-11-26 00:00:00,54,50,DEBITO,2 METROS 3/8 9X25,20.9,0.418
23699,2020-11-26 00:00:00,396,396,DEBITO,ANDERSON,134.82,0.34045454545454545
23700,2020-11-26 00:00:00,95,95,DEBITO,"1 3/8 9X15 - 4,00",36.96,0.38905263157894737
23701,2020-11-26 00:00:00,117,117,DEBITO,80 ESTR 9X17 (5.0) ,64.2,0.5487179487179488
23702,2020-11-27 00:00:00,2566.73,2566.73,CHEQUE E E DINHEIRO,SALVADOR,1387.19,0.5404503005769987
23703,2020-11-27 00:00:00,745,745,TRANSFER ITAU 27/11/2020,ISRAEL ,276.35,0.3709395973154363
23704,2020-11-27 00:00:00,248,248,DEBITO,"MACHO - 2 3/8 9X20 - 5,00",102.9,0.4149193548387097
23705,2020-11-27 00:00:00,560,560,DINHEIRO,500 9X15 E 500 9X20,245.0,0.4375
23706,2020-11-27 00:00:00,342,342,CHEQUE,APOIO TINTAS,196.92,0.5757894736842105
23707,2020-11-27 00:00:00,59,59,DEBITO,01 B 3/8,20.85,0.3533898305084746
23708,2020-11-27 00:00:00,422,422,CREDITO,8 BARRAS 5/16,226.0,0.5355450236966824
23709,2020-11-27 00:00:00,595.6,595.6,CREDITO 2 X ,MILENE,255.2,0.42847548690396237
23710,2020-11-27 00:00:00,26.4,22,DINHEIRO,03 SARRAFOS DE 10CM,7.3,0.3318181818181818
23711,2020-11-27 00:00:00,364.2,364.2,DEBITO,FABRICIO,149.56,0.41065348709500277
23712,2020-11-27 00:00:00,3083.4,3083.4,TRANSFERS BRADESCO,MINERAÇÃO CAIEIRAS,955.6,0.30991762340273726
23713,2020-11-27 00:00:00,324,300,TRANSFER ITAU 27/11/2020,REINAN- 12 TABUAS DE 30CM,97.2,0.324
23714,2020-11-27 00:00:00,17,17,CREDITO ,1 KG. ARAME ,6.1,0.3588235294117647
23715,2020-11-28 00:00:00,92.4,92.4,DEBITO,"1 3/8 9X15 - 3,00 + 1 BARRA 3/16",39.51,0.42759740259740253
23716,2020-11-28 00:00:00,564,564,"TRANSFER ITAU 09/12/2020 - $ 673,00",JUNIOR,253.99,0.4503368794326241
23717,2020-11-28 00:00:00,335,335,CHEQUE,AABM,118.9,0.35492537313432837
23718,2020-11-28 00:00:00,1038.5,975,TRANSFER BRADESCO 30/11/2020,MAURICIO,346.13,0.3550051282051282
23719,2020-11-30 00:00:00,73.5,73.5,DINHEIRO,"MARCELO - 1 3/8 9X15 - 3,50",22.72,0.3091156462585034
23720,2020-11-30 00:00:00,1335,1300,DEBITO E CREDITO,JOAO PAULO,520.23,0.4001769230769231
23721,2020-11-30 00:00:00,1292.2,1292.2,DEBITO E DINHEIRO,JOSE ANTONIO / MEIRE,471.68,0.3650208945983594
23722,2020-11-30 00:00:00,1408,1408,CREDITO 3 X ,NATY,605.5,0.43004261363636365
23723,2020-11-30 00:00:00,40,40,TRANSFER ITAU 30/11/2020,JOSE BARBOSA - 1 ROLO CONDUITE,22.0,0.55
23724,2020-11-30 00:00:00,99.2,99,DINHEIRO,"VITOR / CHIQUINHO - 1 3/8 9X15 - 4,00",40.96,0.41373737373737374
23725,2020-11-30 00:00:00,2080,2080,DEBITO,ANTONIO,778.71,0.3743798076923077
23726,2020-11-30 00:00:00,1992,1992,CHEQUES E CREDITO 2 X ,WILSON - VIZINHO,1009.2,0.5066265060240964
Meta,,425000,,, SALÁRIOS + SÁBADOS,13401.27,
Percentual atingido,,1.0036385411764706,,,,,
Meta diária,,21250,,,,138947.76000000007,27789.552000000014
23727,2020-12-01 00:00:00,2777.25,2600,DINHEIRO,HAMILTON,1327.4,0.5105384615384616
23728,2020-12-01 00:00:00,17,17,CREDITO ,01 B 3/16,7.64,0.44941176470588234
23729,2020-12-01 00:00:00,16,16,DINHEIRO,4 MTS B 5/16,7.19,0.449375
23730,2020-12-01 00:00:00,1740,1600,PIX ITAU 10/12/2020,LNC INVESTIMENTOS,482.15,0.30134374999999997
23731,2020-12-01 00:00:00,2092.95,2092.95,CREDITO 02X,JOSE GERALDO,931.33,0.4449843522301059
23732,2020-12-01 00:00:00,31.25,30,DINHEIRO,"1 COL 5/16 9X15 - 1,50",14.22,0.47400000000000003
23733,2020-12-01 00:00:00,52.8,52.8,CREDITO ,02 B 5.0,26.4,0.5
23734,2020-12-01 00:00:00,763.35,763.35,CHEQUE E E DINHEIRO,SALVADOR,406.77,0.5328748280605227
23735,2020-12-01 00:00:00,31.5,30,DINHEIRO,01 B 1/4,15.1,0.5033333333333333
23736,2020-12-01 00:00:00,135.65,135.65,CREDITO,"15,50 METROS FERRO 1/2",42.9,0.31625506819019533
23737,2020-12-01 00:00:00,10,10,CREDITO ,2 DISCOS CORTE,4.6,0.45999999999999996
23738,2020-12-01 00:00:00,257.5,257.5,CREDITO E DINHEIRO,ZEN,94.84,0.3683106796116505
23739,2020-12-01 00:00:00,1140.8,1050,DINHEIRO,WILSON,477.02,0.4543047619047619
23740,2020-12-01 00:00:00,595.2,587,CREDITO,ALISON,248.88,0.42398637137989775
23741,2020-12-01 00:00:00,1830,1830,"ITAU $ 1.000,00 01/12 + $ 830,00 EM 03/12",VALTER CARLINI,846.72,0.46268852459016396
23742,2020-12-02 00:00:00,80.5,80.5,CHEQUE,AABM,29.75,0.3695652173913043
23743,2020-12-02 00:00:00,0,0,CANCELADO - ERA VIGA DE LAJE,ALFA,0.0,
23744,2020-12-02 00:00:00,27.4,26,DINHEIRO,2 PONTALETES,8.24,0.3169230769230769
23745,2020-12-02 00:00:00,171,171,DINHEIRO EM 18/12/2020,ALFA,56.55,0.3307017543859649
23746,2020-12-02 00:00:00,63,62,DINHEIRO,2 BARRAS 1/4,32.2,0.5193548387096775
23747,2020-12-02 00:00:00,2022,2022,BOLETO,ALTO DA LAPA,750.6,0.3712166172106825
23748,2020-12-02 00:00:00,25,25,DINHEIRO,"5 GANCHOS 3/8 - 0,80 CM ",12.3,0.49200000000000005
23749,2020-12-02 00:00:00,382.5,382.5,CHEQUE,AABM,170.84,0.446640522875817
23750,2020-12-02 00:00:00,1575,1575,CREDITO 3 X ,JOSE CARLOS,706.5,0.44857142857142857
23751,2020-12-02 00:00:00,472.2,472.2,DEBITO,CLAUDIA XAVIER,204.31,0.43267683185091066
23752,2020-12-02 00:00:00,10799.12,10799.12,"$ 5.399,56 PIX CAIXA 03/12/2020 e CAIXA 04/01/2021",H INVESTIMENTOS,5916.0,0.5478224151597537
23753,2020-12-02 00:00:00,4393.1,4393.1,TRANSFERS BRADESCO,MINERAÇÃO CAIEIRAS,1719.1,0.39131820354647057
23754,2020-12-02 00:00:00,864,820,PIX ITAU 02/02/2020,BRUNO,408.22,0.497829268292683
23755,2020-12-02 00:00:00,384,360,DINHEIRO,FLAVIO,172.64,0.4795555555555555
23756,2020-12-03 00:00:00,114,114,DINHEIRO EM 18/12/2020,ALFA,54.24,0.47578947368421054
23757,2020-12-03 00:00:00,20,20,DEBITO,"2,50 MTS B 3/8",12.05,0.6025
23758,2020-12-03 00:00:00,2037.1,2000,CREDITO,SIC SUL,1004.07,0.502035
23759,2020-12-03 00:00:00,468.96,468.96,CHEQUE,AABM,217.92,0.4646878198567042
23760,2020-12-03 00:00:00,20,20,DINHEIRO,"4 PEÇAS 3/8 - 0,60 CM ",12.37,0.6184999999999999
23761,2020-12-03 00:00:00,184.4,184.4,CHEQUES E CREDITO 2 X ,WILSON - VIZINHO,60.98,0.33069414316702817
23762,2020-12-03 00:00:00,129.85,129,DINHEIRO,"1 5/16 9X15 - 2,50 + 1 5/16 10X10 - 2,50 + 2 SARR 10",66.6,0.5162790697674419
23763,2020-12-03 00:00:00,703.8,680,DEBITO,MARCELO,266.67,0.3921617647058824
23764,2020-12-03 00:00:00,989,989,"TRANSFER ITAU 07/12/2020 - $ 6.574,00",OCHOA CONSTRUÇÕES,639.0,0.6461071789686552
23765,2020-12-04 00:00:00,115,115,DINHEIRO EM 18/12/2020,ALFA,42.45,0.3691304347826087
23766,2020-12-04 00:00:00,24,24,DINHEIRO,6 MTS B 5/16,10.79,0.4495833333333333
23767,2020-12-04 00:00:00,85,85,DINHEIRO,05 KG TORCIDO,28.0,0.32941176470588235
23768,2020-12-04 00:00:00,33.4,32,DINHEIRO,02 TABUAS DE 20CM,10.48,0.3275
23769,2020-12-04 00:00:00,528.94,529,TRANSFER ITAU 04/12/2020,GLEIDSON,349.5,0.6606805293005671
23770,2020-12-04 00:00:00,161.85,160,DINHEIRO,LUIS / VALDA,71.14,0.444625
23770,2020-12-04 00:00:00,34,34,DEBITO,02 B 4.2MM,15.28,0.44941176470588234
23771,2020-12-04 00:00:00,972,900,TRANSFER ITAU 07/12,MICHEL,337.2,0.37466666666666665
23772,2020-12-04 00:00:00,214,214,DINHEIRO,2 BARRAS 3/8 + 2 BARRAS 5/16,84.86,0.39654205607476634
23773,2020-12-04 00:00:00,241.5,240,CREDITO,DEPOSITO P & G,77.25,0.321875
23774,2020-12-04 00:00:00,197.5,197.5,CREDITO,RICARDO,71.44,0.3617215189873418
23775,2020-12-04 00:00:00,6402.9,6210.81,TRANSFER CAIXA 04/12/2020,M & B MATERIAIS,1849.51,0.2977888552378836
23776,2020-12-04 00:00:00,588,588,TRANSFER ITAU 04/12/2020,JESSICA,422.34,0.718265306122449
23777,2020-12-04 00:00:00,1481.9,1481.9,CREDITO 2 X ,TEMAC,486.4,0.328227275794588
23778,2020-12-04 00:00:00,15,15,DEBITO,3 METROS FERRO 3/8,5.46,0.364
23779,2020-12-05 00:00:00,138,138,DINHEIRO EM 18/12/2020,ALFA,50.94,0.36913043478260865
23780,2020-12-05 00:00:00,1942.5,1936,CREDITO E DEBITO E DINHEIRO,JOAO LOPES,558.5,0.2884814049586777
23781,2020-12-05 00:00:00,266,266,DINHEIRO EM 18/12/2020,ALFA,126.56,0.47578947368421054
23781,2020-12-05 00:00:00,124,115,DINHEIRO,1 - 3/8 + 1 516 + 1 3/16,41.07,0.3571304347826087
23782,2020-12-05 00:00:00,63,63,CREDITO,06 MTS TRELIÇA H8,21.0,0.3333333333333333
23783,2020-12-05 00:00:00,1454.4,1380,TRANSFER ITAU 05/12,ELIZEU,421.1,0.3051449275362319
23784,2020-12-05 00:00:00,3417.3,3180,DINHEIRO E DEBITO,FABIO,1109.8,0.3489937106918239
23785,2020-12-05 00:00:00,5454.3,5200,"TRANSFER ITAU 05/12 $ 4.200,00 + ITAU 07/12 $ 1.000,00",CARLOS,1549.4,0.2979615384615385
23786,2020-12-07 00:00:00,48,48,CHEQUES E CREDITO 2 X ,WILSON VIZINHO - 1 BARRA 5/16,21.58,0.4495833333333333
23787,2020-12-07 00:00:00,4950.5,4600,DINHEIRO,HAMILTON,2143.47,0.4659717391304347
23788,2020-12-07 00:00:00,50,50,TRANSFER BRAD EM 07/12/2020,VERA - 3 BARRAS 3/16,21.92,0.4384
23788,2020-12-07 00:00:00,24,24,DEBITO,01 B 5MM,10.8,0.45
23789,2020-12-07 00:00:00,285,285,DINHEIRO,UFS - 5 BARRAS 3/8,70.95,0.24894736842105264
23790,2020-12-07 00:00:00,0,0,CANCELADO,NINA,0.0,
23791,2020-12-07 00:00:00,1485,1485,"TRANSFER ITAU 07/12/2020 - $ 6.574,00",OCHOA CONSTRUÇÕES,415.05,0.2794949494949495
23792,2020-12-07 00:00:00,2224.45,2224.45,CREDITO 4 X ,GILENO,1143.43,0.5140281867427904
23793,2020-12-07 00:00:00,1345,1280,TRANSFER ITAU 07/12/2020,ADRIANA TOMAZINI,675.7,0.5278906250000001
23794,2020-12-07 00:00:00,2243.3,2100,TRANSFER BRAD EM 07/12/2020,JAIRO,805.16,0.3834095238095238
23795,2020-12-07 00:00:00,228,228,DINHEIRO EM 18/12/2020,ALFA,108.48,0.47578947368421054
23796,2020-12-07 00:00:00,211.25,211.25,DINHEIRO EM 18/12/2020,ALFA,51.25,0.24260355029585798
23797,2020-12-07 00:00:00,1948.2,1948.2,CHEQUE E E DINHEIRO,SALVADOR,1130.64,0.5803510933169079
23798,2020-12-07 00:00:00,260,260,CREDITO 2 X ,ZEN,108.72,0.41815384615384615
23799,2020-12-07 00:00:00,6240.8,5800,"FALTAM $ 2.800,00 - CHEQUE",MACHO,2413.76,0.41616551724137935
23800,2020-12-07 00:00:00,76.38,74,DINHEIRO,PRIMOSUL - 1 50X30 + 20 ESTR 9X15,30.11,0.4068918918918919
23801,2020-12-07 00:00:00,99.2,99.2,DEBITO,"MARCELO - 1 3/8 9X15 - 4,00",35.0,0.35282258064516125
23802,2020-12-07 00:00:00,1944.9,1944.9,DEBITO,JURANDIR,746.19,0.3836649699213327
23802,2020-12-07 00:00:00,74.4,74.4,CREDITO,03 MTS 3/8 9X20,26.25,0.35282258064516125
23803,2020-12-07 00:00:00,15,15,DEBITO,03 SARRAFOS DE 5CM,7.5,0.5
23804,2020-12-08 00:00:00,405,405,DINHEIRO,03 TELAS 10X10 4.2,203.37,0.5021481481481481
23805,2020-12-08 00:00:00,102,102,CHEQUE,MACHO,46.5,0.45588235294117646
23806,2020-12-08 00:00:00,413,400,DINHEIRO E DEBITO,7 BARRAS 3/8,100.33,0.250825
23807,2020-12-08 00:00:00,24185.92,21760,DINHEIRO,JEFERSON / DANILO ,9047.66,0.41579319852941177
23808,2020-12-08 00:00:00,135.53,135.53,TRANSFER BRAD EM 18/12/2020,INOVE,61.28,0.45215081531764184
23809,2020-12-08 00:00:00,132,132,DEBITO,3 DE 30 + 2 DE 20 + 2 DE 10,46.35,0.35113636363636364
23810,2020-12-08 00:00:00,1170.7,1120,TRANSFER ITAU 08/12/2020,CARLOS,138.85,0.12397321428571428
23811,2020-12-08 00:00:00,3117.3,3117.3,"CREDITO 4 X +  R$ 100,00 ITAU 09/12/2020",REINAN,910.88,0.2922015847047124
23812,2020-12-08 00:00:00,3240.25,3240.25,BOLETO,ALTO DA LAPA,680.85,0.2101226757194661
23813,2020-12-08 00:00:00,283.2,280,TRANSFER ITAU 08/12/2020,ANDREA,138.76,0.49557142857142855
23814,2020-12-09 00:00:00,520.8,493.5,DINHEIRO,KANGURUS,183.75,0.3723404255319149
23816,2020-12-09 00:00:00,2395.9,2395.9,TRANSFER BRAD EM 18/12/2020,DEPOSITO SANTO ANTONIO,766.95,0.3201093534788597
23817,2020-12-09 00:00:00,1434.15,1434.15,CHEQUE E E DINHEIRO,SALVADOR,800.0,0.5578217062371439
23818,2020-12-09 00:00:00,4458.84,4458.84,TRANSFERS BRADESCO,MINERAÇÃO CAIEIRAS,1575.84,0.3534192749683774
23819,2020-12-09 00:00:00,448.5,435,DINHEIRO,BAZAR REAL ,106.5,0.24482758620689654
23820,2020-12-09 00:00:00,2893.4,2893.4,CREDITO 3 X ,BRUNA,1275.0,0.4406580493537015
23821,2020-12-09 00:00:00,548.46,548.46,CONTA PAI - LANÇADO EM 19/01/2021,CCM,199.3,0.3633811034533056
23822,2020-12-09 00:00:00,1385,1315.75,PIX SAFRA 09/12/2020,GAUGUIN CLUB,484.15,0.3679650389511685
23823,2020-12-09 00:00:00,2662,2500,PIX ITAU 09/12/2020,JAQUELINE,884.84,0.35393600000000003
23824,2020-12-10 00:00:00,115,115,TRANSFERS BRADESCO,ALFA,41.1,0.3573913043478261
23824,2020-12-10 00:00:00,207,207,TRANSFERS BRADESCO,ALFA,73.98,0.3573913043478261
23824,2020-12-10 00:00:00,276,276,TRANSFERS BRADESCO,ALFA,98.64,0.35739130434782607
23825,2020-12-10 00:00:00,2141.45,1900,PIX ITAU 15/12/2020,OCHOA CONSTRUÇÕES,804.42,0.423378947368421
23826,2020-12-10 00:00:00,344.7,344.7,CHEQUE,AABM,156.54,0.4541340295909486
23827,2020-12-10 00:00:00,114,114,TRANSFERS BRADESCO,ALFA - 2 BARRAS 3/8,28.38,0.2489473684210526
23828,2020-12-10 00:00:00,172,172,DEBITO,"1 3/8 9X15 - 5,00 + 1 BARRA 5/16",65.33,0.37982558139534883
23829,2020-12-10 00:00:00,202,200,DINHEIRO,UFS,78.21,0.39104999999999995
23830,2020-12-10 00:00:00,105.6,105.6,DEBITO,02 B 5/16,52.76,0.49962121212121213
23831,2020-12-10 00:00:00,158,158,CREDITO,TEMAC,90.24,0.571139240506329
23832,2020-12-10 00:00:00,1519,1400,PIX ITAU 11/12/2020,LUCILENE,425.48,0.30391428571428575
23833,2020-12-10 00:00:00,5300,5300,"CRÉDITO DE $ 2.000,00 + PIX ITAU 10/12/20 - $ 3.300,00",OZIEL,962.32,0.18156981132075473
23834,2020-12-10 00:00:00,270,270,DINHEIRO,OZIEL,81.0,0.3
23835,2020-12-10 00:00:00,64,60,DINHEIRO,JOAO LOPES,37.4,0.6233333333333333
23836,2020-12-10 00:00:00,548.68,532,DINHEIRO,PRIMOSUL,219.51,0.4126127819548872
23837,2020-12-10 00:00:00,807.2,765,DINHEIRO,LUIZ,289.1,0.3779084967320262
23838,2020-12-11 00:00:00,126,126,DINHEIRO E CREDITO,04 B 1/4,66.4,0.526984126984127
23839,2020-12-11 00:00:00,75.5,75.5,DEBITO,"01 TAB 30CM / 01 KG AR / 1,50M 5/16 9X15",30.09,0.3985430463576159
23840,2020-12-11 00:00:00,584.1,584.1,CREDITO 02 X,RETIRA,253.0,0.4331450094161958
23841,2020-12-11 00:00:00,51,50,DINHEIRO,MACHO- 3 KG. ARAME ,15.8,0.316
23842,2020-12-11 00:00:00,590,590,DINHEIRO,CONSTRUIPE,240.0,0.4067796610169492
23843,2020-12-11 00:00:00,17,17,DEBITO,1 KG. ARAME ,5.6,0.32941176470588235
23844,2020-12-11 00:00:00,0,0,CANCELADO,MARTINHO,0.0,
23845,2020-12-11 00:00:00,208.8,208.8,DEBITO,MARISA,79.89,0.3826149425287356
23846,2020-12-11 00:00:00,239.4,239.4,PIX ITAU 11/12/2020,CEZINHA,93.93,0.3923558897243108
23847,2020-12-11 00:00:00,3023.82,3000,"PIX ITAU $ 2.315,82 11/12/2020 - PIX ITAU 14/12/2020 - $ 684,00",ISRAEL,1357.69,0.4525633333333334
23848,2020-12-11 00:00:00,4760,4760,TRANSFER ITAU 11/12/2020,APARECIDA,1771.6,0.37218487394957983
23849,2020-12-11 00:00:00,5468.5,5140.5,TRANSFER ITAU 04/01/2021,SALVADOR,2606.5,0.5070518432059138
23850,2020-12-12 00:00:00,15,15,CREDITO,3 DISCOS,6.9,0.46
23851,2020-12-12 00:00:00,500,500,CREDITO,500 ESTRIBOS 9X25,260.0,0.52
23852,2020-12-12 00:00:00,2138,2138,CREDITO 3 X ,JOSE AILTON,709.2,0.33171188026192705
23853,2020-12-12 00:00:00,124,124,DINHEIRO,JOSE ROBERTO,43.75,0.3528225806451613
23854,2020-12-12 00:00:00,34,34,DINHEIRO,2 KG. ARAME ,11.2,0.32941176470588235
23855,2020-12-12 00:00:00,34,34,CREDITO,1 KG. PREGO 18X27 + 1 ARAME,15.5,0.45588235294117646
23856,2020-12-12 00:00:00,31.5,30,DINHEIRO,1 BARRA 1/4,15.1,0.5033333333333333
23857,2020-12-12 00:00:00,59,59,DINHEIRO,1 BARRA 3/8,16.19,0.27440677966101695
23858,2020-12-14 00:00:00,339.4,339.4,CREDITO 02X,13 MTS 3/8 9X20 E 01 TORCIDO,135.86,0.4002946375957573
23859,2020-12-14 00:00:00,107,107,DEBITO,01 B 3/8 E 01 5/16,41.58,0.3885981308411215
23860,2020-12-14 00:00:00,823.7,800,TRANSFER BRAD EM 14/12/2020,ERASMO,282.18,0.352725
23861,2020-12-14 00:00:00,12515.1,12515.1,CREDITO 4 X ,SUELI,6673.86,0.533264616343457
23862,2020-12-14 00:00:00,744,744,DEBITO,ANDERSON (ZACA),300.6,0.40403225806451615
23863,2020-12-14 00:00:00,108,108,CREDITO ,4 TABUAS 30 CM ,35.08,0.3248148148148148
23864,2020-12-14 00:00:00,34,34,DINHEIRO,2 BARRAS 3/16,15.28,0.44941176470588234
23865,2020-12-14 00:00:00,1631.12,1631.12,CREDITO 4 X ,AGUINALDO,659.28,0.40418853303251756
23866,2020-12-14 00:00:00,409.84,400,DINHEIRO,CASA E TUBO,207.44,0.5186
23868,2020-12-14 00:00:00,2171.7,2171.7,LINK CIELO 4 X ,ELIZEU,717.62,0.3304415895381499
23869,2020-12-14 00:00:00,200,200,DEBITO,"34 PEÇAS 1/4 - 1,87 M ",115.56,0.5778
23870,2020-12-14 00:00:00,3368.72,3166,TRANSFER ITAU 04/01/2021,SALVADOR,1639.7,0.5179090334807328
23871,2020-12-14 00:00:00,8,8,DINHEIRO,"1,60M B 3/8",2.29,0.28625
23872,2020-12-15 00:00:00,24,24,DINHEIRO,06 MTS B 5/16,10.79,0.4495833333333333
23873,2020-12-15 00:00:00,171,171,TRANSFERS BRADESCO,ALFA,76.32,0.44631578947368417
23874,2020-12-15 00:00:00,34,34,DINHEIRO,40 ESTRIBOS 9X25,16.0,0.47058823529411764
23875,2020-12-15 00:00:00,120,120,CREDITO ,2 SAPATAS 6 F 3/8 40X30,61.78,0.5148333333333334
23876,2020-12-15 00:00:00,206.5,206.5,CREDITO,MARCY,90.9,0.4401937046004843
23877,2020-12-15 00:00:00,206.5,206.5,DINHEIRO,UFS,53.5,0.25907990314769974
23878,2020-12-15 00:00:00,170,170,DEBITO,10 BARRAS 3/16,76.4,0.4494117647058824
23879,2020-12-15 00:00:00,1664,1664,PIX SAFRA 12/01/2021,H INVESTIMENTOS,880.64,0.5292307692307692
23880,2020-12-15 00:00:00,236,236,DEBITO,04 B 3/8,80.0,0.3389830508474576
23881,2020-12-15 00:00:00,27,25,DINHEIRO,1 TABUA 30 CM ,6.77,0.2708
23882,2020-12-15 00:00:00,744,740,DEBITO,JOSE AMARO,300.6,0.40621621621621623
23883,2020-12-15 00:00:00,242,242,TRANSFER ITAU 15/12,NATY,113.44,0.4687603305785124
23884,2020-12-15 00:00:00,892.8,892.8,DEBITO,JURANDIR,360.72,0.4040322580645162
23885,2020-12-16 00:00:00,4058.1,3850,DEBITO,LINDOMAR,1424.9,0.3701038961038961
23886,2020-12-16 00:00:00,2094.6,2094.6,TRANSFER ITAU 17/12/2020,JEFERSON / DANILO ,830.75,0.39661510550940515
23887,2020-12-16 00:00:00,210,210,CHEQUE,AABM,77.9,0.370952380952381
23888,2020-12-16 00:00:00,3193.6,3000,"FALTAM R$ 1.306,50 - CH DIA 19/01/2021",SALVADOR,1531.2,0.5104
23889,2020-12-16 00:00:00,840,840,DINHEIRO,1000 9X15 + 500 9X20,315.0,0.375
23890,2020-12-16 00:00:00,2002.5,1950,DEBITO,AGUINALDO,437.0,0.2241025641025641
23890 B,2020-12-16 00:00:00,744,700,TRANSFER ITAU 16/12/2020,JURANDIR ,256.6,0.3665714285714286
23891,2020-12-16 00:00:00,742.5,742.5,CREDITO 2 X ,15 TELAS 3.4 20X20,262.5,0.35353535353535354
23892,2020-12-16 00:00:00,246,246,DEBITO,VALTER,83.5,0.3394308943089431
23893,2020-12-17 00:00:00,84.5,84.5,TRANSFERS BRADESCO,ALFA - 2 TELAS 3.4 20X20,20.5,0.24260355029585798
23894,2020-12-17 00:00:00,643,600,DINHEIRO,KANGURUS,257.37,0.42895
23895,2020-12-17 00:00:00,570,550,CHEQUE,APOIO TINTAS,160.0,0.2909090909090909
23896,2020-12-17 00:00:00,24,24,DEBITO,6 METROS 5/16,10.79,0.4495833333333333
23897,2020-12-17 00:00:00,2120,2000,DINHEIRO,SANTINO,761.96,0.38098000000000004
23898,2020-12-17 00:00:00,0,0,CANCELADO,ZEN,0.0,
23899,2020-12-17 00:00:00,3847.46,3700,TRANSFER ITAU 21/12,NINA,2006.29,0.5422405405405405
23900,2020-12-17 00:00:00,198.4,198.4,DEBITO,ANDERSON (ZACA),80.16,0.4040322580645161
23901,2020-12-17 00:00:00,1998,1998,BOLETO,NATY,1013.4,0.5072072072072072
23902,2020-12-17 00:00:00,15,15,DINHEIRO,3 SARRAFOS 05 CM,7.5,0.5
23903,2020-12-17 00:00:00,2639,2639,CREDITO 04X ,RAFAEL - GUARDE AQUI,1006.2,0.3812807881773399
23904,2020-12-17 00:00:00,1562.4,1562.4,CREDITO 4 X ,MONICA,631.26,0.4040322580645161
23905,2020-12-17 00:00:00,1523.2,1523.2,DEBITO,JEFERSON,752.35,0.4939272584033613
23906,2020-12-18 00:00:00,48,48,DINHEIRO,01 B 5/16,21.58,0.4495833333333333
23907,2020-12-18 00:00:00,150,150,CREDITO,06 TORCIDO E 03 18X27,60.3,0.40199999999999997
23908,2020-12-18 00:00:00,2406,2406,PIX SAFRA PARA 18/01/2021,H INVESTIMENTOS,1320.96,0.5490274314214464
23909,2020-12-18 00:00:00,1022.68,1022.68,CHEQUE,AABM,486.82,0.47602378065475026
23910,2020-12-18 00:00:00,2323.9,2323.9,"$ 1.162,00 18/12 CAIXA E BOLETO",ITAESBRA,1441.44,0.6202676535134902
23911,2020-12-18 00:00:00,34.65,34.65,DEBITO,1 BARRA 1/4,19.75,0.56998556998557
23912,2020-12-18 00:00:00,48,48,DINHEIRO,01 B 5/16,21.58,0.4495833333333333
23913,2020-12-18 00:00:00,281.3,281.3,CREDITO 03 X,MARCIO,143.48,0.5100604337006753
23914,2020-12-18 00:00:00,102.1,102.1,CREDITO,DANIELE,39.63,0.38814887365328116
23915,2020-12-18 00:00:00,1231.6,1231.6,CREDITO 3 X ,ALEXANDRE,483.04,0.3922052614485223
23916,2020-12-18 00:00:00,30,30,CREDITO,7 METROS FERRO 5/16,14.58,0.486
23917,2020-12-19 00:00:00,658,620,DINHEIRO,VALDIR,276.8,0.4464516129032258
23918,2020-12-19 00:00:00,2556,2556,CREDITO 03X,AILZA,1073.56,0.42001564945226916
23919,2020-12-19 00:00:00,49.6,49.6,DINHEIRO,02 MTS 3/8 9X15,20.04,0.4040322580645161
23920,2020-12-21 00:00:00,276,276,CHEQUE,AABM,104.0,0.37681159420289856
23921,2020-12-21 00:00:00,621.6,621.6,CREDITO 3 X ,ANTUNINO,315.28,0.5072072072072071
23922,2020-12-21 00:00:00,236,236,DEBITO,ANA PAULA ,80.0,0.3389830508474576
23923,2020-12-21 00:00:00,45,45,DINHEIRO,03 KG ARAME,10.8,0.24000000000000002
23924,2020-12-21 00:00:00,2410.76,2410.76,CHEQUES DIA 19/01/2021,SALVADOR,1291.68,0.5357978396854104
23925,2020-12-21 00:00:00,127.75,127.75,CREDITO ,2 BARRAS 3/8 + 15 ESTR 9X15,44.5,0.34833659491193736
23926,2020-12-21 00:00:00,892.8,890,DINHEIRO,BAHIA,360.72,0.4053033707865169
23927,2020-12-21 00:00:00,6345,6345,TRANSFERS BRADESCO,MINERAÇÃO CAIEIRAS,2116.6,0.333585500394011
23928,2020-12-21 00:00:00,3341.52,3341.52,"CREDITO 4 X + R$ 851,52 - PIX 11/01/2021",RODRIGO,1674.0,0.5009696186166774
23929,2020-12-21 00:00:00,5200,5200,TRANSFER ITAU 22/12/2020,JUNIOR ,1300.0,0.25
23930,2020-12-22 00:00:00,1447.5,1400,DINHEIRO,BAZAR REAL ,433.36,0.3095428571428572
23931,2020-12-22 00:00:00,4550,4550,TRANSFER ITAU 22/12/2020,TANGERINA GASTRO BAR,1420.0,0.3120879120879121
23932,2020-12-22 00:00:00,845,845,TRANSFERS BRADESCO,ALFA,205.0,0.24260355029585798
23933,2020-12-22 00:00:00,426.1,400,PIX ITAU 22/12,REINAN,148.93,0.372325
Meta,,425000,,,,,
Percentual atingido,,0.594375294117647,,,,,
Meta diária,,23611.11111111111,,,,90609.39999999997,20387.114999999994
